:020000040800F2
:10000000700B00209D620008910500089305000810
:10001000970500089B0500089F05000800000000E8
:10002000000000000000000000000000A305000820
:10003000A505000800000000A7050008A9050008A4
:10004000B7620008B7620008B7620008B76200082C
:10005000B7620008B7620008B7620008B76200081C
:10006000B7620008B7620008B7620008B76200080C
:10007000B7620008B7620008B7620008B7620008FC
:10008000B7620008B7620008B7620008B7620008EC
:10009000B7620008B7620008B7620008B7620008DC
:1000A000B7620008B7620008B7620008B7620008CC
:1000B000B7620008B7620008B7620008B7620008BC
:1000C000B7620008B7620008B7620008B7620008AC
:1000D000B762000811620008B7620008B762000842
:1000E000B7620008B7620008B7620008B76200088C
:1000F000B7620008B7620008B7620008B76200087C
:10010000B7620008B7620008B7620008B76200086B
:10011000B7620008B7620008B7620008B76200085B
:10012000B7620008B7620008B7620008B76200084B
:10013000B7620008B7620008B7620008B76200083B
:10014000B7620008B7620008B7620008B76200082B
:10015000B7620008B7620008B7620008B76200081B
:10016000B7620008B7620008B7620008B76200080B
:10017000B7620008B7620008B7620008B7620008FB
:10018000B7620008B762000800F002F800F061F8FA
:100190000AA090E8000C82448344AAF10107DA45E2
:1001A00001D100F056F8AFF2090EBAE80F0013F0D3
:1001B000010F18BFFB1A43F001031847E89C000029
:1001C000089D00000A444FF0000C10F8013B13F0AA
:1001D000070408BF10F8014B1D1108BF10F8015BA0
:1001E000641E05D010F8016B641E01F8016BF9D193
:1001F00013F0080F1EBF10F8014BAD1C0C1B09D1EA
:100200006D1E58BF01F801CBFAD505E014F8016B5B
:1002100001F8016B6D1EF9D59142D6D370470000ED
:100220000023002400250026103A28BF78C1FBD8FF
:10023000520728BF30C148BF0B607047782907F0CC
:100240008582002070471FB507F0A8FC1FBD10B5C0
:1002500010BD07F033FB1146FFF7F5FF00F03BF848
:1002600007F051FB03B4FFF7F2FF03BC05F070FF8A
:1002700070B5002412E0E1B2002005F033FC002547
:1002800008E005EBC411824A505C012105F01EFC18
:10029000681C85B2802DF4DB601C84B2032CEADD7F
:1002A00070BD70B5002413E0201DC1B2002005F020
:1002B00019FC002508E005EBC411764A505C0121C9
:1002C00005F004FC681C85B2802DF4DB601C84B250
:1002D000032CE9DD70BD8AB04FF4A06005F0FEFF8D
:1002E000A82005F0B3FE4FF4E13005F03FFF00F029
:1002F00065FA01F043F905F0C1F805F0E9FD05F0F4
:1003000066FA05F044FC002001F006F94FF478404D
:100310006149088061A010210B46C822CDE9001078
:1003200032211E2005F077F861A010210B46C8226B
:10033000CDE9001046211E2005F06DF85FA01021C8
:100340000B46C822CDE900105A211E2005F063F8A3
:100350005EA010210B46C822CDE900106E211E20A0
:1003600005F059F85CA010210B46C822CDE9001019
:1003700082211E2005F04FF823E05DA010210B46DE
:10038000C822CDE9001096211E2005F044F84FF454
:10039000FA7005F0BDFE5BA010210B46C822CDE926
:1003A000001096211E2005F036F84FF4FA7005F083
:1003B000AFFE5948006808B9012000E00020564906
:1003C000086005F008FE0028D7D154A010210B4684
:1003D000C822CDE9001096211E2005F01CF81F2030
:1003E0002D490880FFF744FFFFF75BFF4EE0002038
:1003F00005F062F80446022C20D1002040F23F13A1
:10040000EF22AA21009004F06DFD48A010210B46B8
:10041000C822CDE90010AA211E2004F0FCFF1A22F8
:100420004849002005F0FFFD47A010210B46C822D7
:10043000CDE90010AA211E2004F0EDFF012C22D1ED
:1004400047A010210B46C822CDE90010AA211E208A
:1004500004F0E1FF1A2203A9002005F0D3FD46A015
:1004600010210B46C822CDE90010AA211E2004F05D
:10047000D2FF03A810210B46C822CDE90010BE21EF
:100480001E2004F0C8FF0A2005F042FEAFE700007E
:100490000000002000020020140400204578706C49
:1004A0006F7265722053544D3332463400000000A1
:1004B00049494320544553540000000041544F4DD6
:1004C00040414C49454E54454B00000032303134D8
:1004D0002F352F36000000004B4559313A577269CD
:1004E000746520204B4559303A5265616400000024
:1004F000323443303220436865636B204661696C57
:1005000065642100506C6561736520436865636BA9
:100510002120202020202000A48242423234433077
:1005200032205265616479210000000053746172C9
:10053000742057726974652032344330322E2E2E67
:100540002E000000A67B0008323443303220577260
:100550006974652046696E697368656421000000EE
:1005600053746172742052656164203234433032B6
:100570002E2E2E2E200000005468652044617461E8
:10058000205265616465642049733A2020000000B0
:10059000704700BFFEE700BFFEE700BFFEE700BFF9
:1005A000FEE7704770477047704700000CB50020A9
:1005B000019000907648006840F4803074490860EB
:1005C00000BF7348006800F4003000900198401CA0
:1005D0000190009818B90198B0F5A04FF1D16C487E
:1005E000006800F4003010B10120009001E000200C
:1005F00000900098012846D165484030006840F0DE
:1006000080506349403108606248006840F44040CF
:10061000604908605E48083000685D49083108603C
:100620000846006840F4004008600846006840F44E
:10063000A05008605848091F0860081F006840F073
:100640008070091F086000BF5148006800F000700A
:100650000028F9D040F20570504908604C48083035
:10066000006820F003004A49083108600846006825
:1006700040F00200086000BF45480830006800F004
:100680000C000828F8D10CBD10B54548006840F4AE
:100690007000434908603E48006840F001003C4952
:1006A000086000203A4908310860394800683D492F
:1006B0000840374908603C48091D0860081F006869
:1006C00020F48020091F0860002031490C310860A7
:1006D000FFF76CFF4FF0006031498039086010BDB2
:1006E00070B500200022022300240221284D083585
:1006F0002D6805F00C0020B1042806D0082834D15C
:1007000007E02A4D2A4E356033E02A4D284E3560E9
:100710002FE01F4D2D1D2D68C5F380541C4D2D1D40
:100720002D6805F03F0154B1224DB5FBF1F5184E8F
:10073000361D3668C6F3881605FB06F209E01B4D28
:10074000B5FBF1F5124E361D3668C6F3881605FB6B
:1007500006F20F4D2D1D2D68C5F301456D1C6B0074
:10076000B2FBF3F5124E356003E0104D104E3560CC
:1007700000BF00BF064D08352D68C5F303150E4EAA
:10078000705D0B4D2D68C540094E356070BD000091
:10079000003802400070004008544007003C02400E
:1007A00088ED00E0FFFFF6FE103000240024F40086
:1007B0000004002000127A00040400201CB501216E
:1007C000202006F003FC4FF4C060009001208DF85B
:1007D000040000208DF8060003208DF8050001209C
:1007E0008DF807006946044805F06EFE4FF4C061BD
:1007F000014805F0E5FE1CBD0014024001B5BDF83E
:1008000000000090BDF80000F849088008BD01B55F
:10081000BDF800000090BDF80000F449891C088074
:1008200008BD08B5F148801C00880090BDF80000A4
:1008300008BDEE4A10804FF0D842A2F880107047F1
:1008400010B504462046FFF7D9FF052005F018FC37
:10085000FFF7E7FF10BDE6480089E44908807047CC
:10086000E249891C0880704730B5014601F01F0439
:10087000C1F34513CA0AE50205EB43151544A8B2B6
:1008800030BD00BF011EA0F10102D0B2FAD1704705
:1008900030B504460D46D648808849F24131884239
:1008A00005D0D348808845F21031884214D1D04910
:1008B0004889FFF7A3FF2012FFF7A9FFE0B2FFF777
:1008C000A6FFCB498889FFF799FF2812FFF79FFF02
:1008D000E8B2FFF79CFFABE0C548808846F604010C
:1008E00088421DD1C2488079012804D1C0480088BF
:1008F000401E001B84B2BE494889FFF77FFF2012CB
:10090000FFF785FFE0B2FFF782FFB9498889FFF75B
:1009100075FF2812FFF77BFFE8B2FFF778FF87E04B
:10092000B348808841F66311884247D1B048807946
:10093000A8B9AF480088401E001B84B2AC49488962
:10094000FFF75CFF0020FFF762FF0020FFF75FFF6B
:100950002012FFF75CFFE0B2FFF759FF16E0A44951
:100960004889FFF74BFF2012FFF751FFE0B2FFF776
:100970004EFF9F490988491EC1F30F20FFF747FF2B
:100980009B490978491EC8B2FFF741FF98498889F9
:10099000FFF734FF2812FFF73AFFE8B2FFF737FFFF
:1009A00093494988491EC1F30F20FFF730FF904952
:1009B0008978491EC8B2FFF72AFF39E08C48808841
:1009C00045F21051884220D189494889FFF716FF26
:1009D0002012FFF71CFF86494989491C88B2FFF79E
:1009E0000DFFE0B2FFF713FF81498889FFF706FF8B
:1009F0002812FFF70CFF7E498989491C88B2FFF74E
:100A0000FDFEE8B2FFF703FF12E079488079012884
:100A100004D177480088401E001B84B2744948897D
:100A20002146FFF706FF724988892946FFF701FF33
:100A300030BD2DE9F04105460E4600240027A046B2
:100A40006B480088A84203DD69484088B04202DC58
:100A50000020BDE8F08131462846FFF719FF6448C1
:100A6000808849F24131884211D06148808846F639
:100A7000040188420BD05E48808845F210318842DC
:100A800005D05B48808841F66311884203D12E204F
:100A9000FFF7B4FE0DE05648808845F210518842B9
:100AA00004D14FF43850FFF7A9FE02E02220FFF7EF
:100AB000A5FE4F48808849F22031884202D10220A9
:100AC000FFF7DFFEFFF7ADFE04464948808841F698
:100AD0006311884201D12046BBE70220FFF7D1FE17
:100AE000FFF79FFE04464248808849F24131884220
:100AF0000BD03F48808845F21031884205D03C48F1
:100B0000808845F2105188420AD10220FFF7B9FED1
:100B1000FFF787FE8046E7B24FF6FF7000EA07272F
:100B20003348808849F22531884216D03048808881
:100B300044F23551884210D02D488088091F8842E0
:100B40000BD02B4880884BF20551884205D02848AD
:100B500080884CF20551884201D1204679E724482B
:100B6000808849F2413188420BD02148808845F283
:100B70001031884205D01E48808845F210518842C5
:100B800007D1E012C002B91240EA411040EAE82061
:100B90005FE72046FFF768FE5BE700B514488088F2
:100BA00049F24131884211D01148808846F604014B
:100BB00088420BD00E48808845F21031884205D01B
:100BC0000B48808841F66311884203D12920FFF742
:100BD00015FE14E00648808845F21051884209D17C
:100BE0004FF42450FFF70AFE09E000007E00006C7D
:100BF0003804002040F273110720FFF71AFE00BDF1
:100C000000B5FD48808849F24131884211D0FA4848
:100C1000808846F6040188420BD0F748808845F268
:100C20001031884205D0F448808841F6631188422B
:100C300003D12820FFF7E2FD0EE0EF48808845F25F
:100C40001051884204D14FF42050FFF7D7FD03E044
:100C500000210720FFF7EDFD00BDF0B5054600249B
:100C60000027E548807901280BD1E348808846F6C3
:100C70000401884205D0E048808841F6631188422B
:100C800008D1DD488079F0B9DB48808841F66311EE
:100C9000884218D1082D15D2DFE805F00406080AAD
:100CA0000C0E101206250DE007250BE0042509E0C7
:100CB000052507E0012505E0002503E0032501E007
:100CC000022500BF00BFCC48808849F241318842EC
:100CD00017D0C948808846F60401884211D0C6481A
:100CE000808845F2103188420BD0C348808845F295
:100CF0001051884205D0C048808841F6631188426F
:100D00007ED1082D1CD2DFE805F00406090C0F1275
:100D1000151800BF14E044F0800411E044F04004D2
:100D20000EE044F0C0040BE044F0200408E044F07E
:100D3000600405E044F0A00402E044F0E00400BFD9
:100D400000BFAD48808845F21051884202D14FF46F
:100D5000585700E03627A848808845F2103188426D
:100D60000DD0A548808845F21051884207D0A2488E
:100D7000808841F66311884201D044F008049E48FF
:100D8000808846F60401884201D144F002042146DD
:100D90003846FFF74EFD9848808841F66311884237
:100DA0001DD004F0200068B193480088924949881A
:100DB000884214DA9048068840888F49088008469F
:100DC00046800CE08C4800888B494988884206DDC3
:100DD00089480688408888490880084646808648B1
:100DE000808845F21051884254D183494889FFF7E1
:100DF00005FD0020FFF70BFD7F494989491C00E0F4
:100E000077E088B2FFF7FAFC0020FFF700FD7A498F
:100E10004989891C88B2FFF7F1FC77490988491E86
:100E2000C1F30F20FFF7F3FC73494989C91C88B24D
:100E3000FFF7E4FC70490978491EC8B2FFF7E7FCE8
:100E40006D498889FFF7DAFC0020FFF7E0FC6A496A
:100E50008989491C88B2FFF7D1FC0020FFF7D7FC35
:100E600065498989891C88B2FFF7C8FC62494988AD
:100E7000491EC1F30F20FFF7CAFC5F498989C91CCD
:100E800088B2FFF7BBFC5C498978491EC8B2FFF7FE
:100E9000BEFC55E058494889FFF7B0FC0020FFF739
:100EA000B6FC0020FFF7B3FC53490988491EC1F383
:100EB0000F20FFF7ACFC50490978491EC8B2FFF774
:100EC000A6FC4D498889FFF799FC0020FFF79FFC9D
:100ED0000020FFF79CFC48494988491EC1F30F20B8
:100EE000FFF795FC44498978491EC8B2FFF78FFC8B
:100EF00026E0082D1CD2DFE805F004070A0D0F12CA
:100F0000151844F0300413E044F0100410E044F0ED
:100F100020040DE000BF0BE044F0380408E044F08A
:100F2000280405E044F0180402E044F0080400BF7F
:100F300000BF032744F4805421463846FFF779FC6C
:100F4000F0BD30B504460D4629462046FFF7A0FC0B
:100F5000FFF781FC294800882949088030BD70B519
:100F600004460D4616462448808849F2413188429D
:100F700005D02148808845F21031884214D11E499D
:100F80004889FFF73BFC2012FFF741FCE0B2FFF776
:100F90003EFC19498889FFF731FC2812FFF737FC1E
:100FA000E8B2FFF734FC93E01348808845F2105113
:100FB000884227D110494889FFF720FC2012FFF70B
:100FC00026FC0D494989491C88B2FFF717FCE0B29D
:100FD000FFF71DFC08498889FFF710FC2812FFF76E
:100FE00016FC05498989491C88B2FFF707FCE8B25D
:100FF000FFF70DFC6CE00000380400201404002012
:101000008000006CFE48808841F66311884228D138
:10101000FB48807920B9FA480088401E001B84B242
:10102000F7494889FFF7EAFB2012FFF7F0FBE0B22F
:10103000FFF7EDFB2012FFF7EAFBE0B2FFF7E7FB5B
:10104000EF498889FFF7DAFB2812FFF7E0FBE8B2E7
:10105000FFF7DDFB2812FFF7DAFBE8B2FFF7D7FB5B
:1010600036E0E748808846F6040188421DD1E4480E
:101070008079012804D1E2480088401E001B84B218
:10108000DF494889FFF7BAFB2012FFF7C0FBE0B247
:10109000FFF7BDFBDA498889FFF7B0FB2812FFF79D
:1010A000B6FBE8B2FFF7B3FB12E0D5488079012820
:1010B00004D1D3480088401E001B84B2D04948891F
:1010C0002146FFF7B6FBCE4988892946FFF7B1FBD9
:1010D000CB480089CB4908804FF0D840A0F8806009
:1010E00070BD70B52DED048B0446BE20FFF786FB66
:1010F0000520FFF78CFB204606F03FFC41EC190B66
:101100009FEDC10B53EC102B06F04AFC41EC180B81
:1011100006F006FC85B22846FFF779FB0120FFF7B1
:1011200076FBFF20FFF773FB0020FFF770FB00202A
:10113000FFF76DFBBDEC048B70BD10B50446002CB1
:1011400066D1AF498871F02008804FF4A0704880C4
:101150000846808849F2413188420BD0A8488088EF
:1011600046F60401884205D0A548808845F2103132
:1011700088421AD12C20A24908812A2048812B209C
:1011800088810846808846F60401884205D09C483C
:10119000808845F21031884206D14FF4A0709849FA
:1011A00008804FF4F0704880A1E09548808845F2AF
:1011B0001051884210D14FF43050914908814FF4BA
:1011C000285048814FF42C5088814FF4F0700880EB
:1011D0004FF4487048808AE08948808841F663115E
:1011E00088420DD12C20864908812B2048812A2055
:1011F00088814FF4F07008804FF44870488076E0A2
:1012000022207F49088120204881212088816EE0AA
:1012100001207B4988714FF4A0700880F02048803D
:101220000846808849F24131884205D07448808858
:1012300045F21031884207D12C20714908812A20BB
:1012400048812B2088813FE06D48808846F6040164
:10125000884207D12C206A4908812B2048812A2006
:10126000888131E06648808845F21051884210D16B
:101270004FF43050624908814FF4285048814FF4B0
:101280002C5088814FF4487008804FF4F0704880EB
:101290001AE05B48808841F6631188420DD12C200A
:1012A000574908812A2048812B2088814FF44870B3
:1012B00008804FF4F070488006E0222050490881F1
:1012C00021204881202088814D48808846F60401ED
:1012D000884205D04A48808845F21031884206D1BC
:1012E0004FF4F070464908804FF4A0704880002009
:1012F000FFF7B3FC10BD2DE9F04F86B004460D4654
:101300009046994604EB0800401E86B205EB0900A2
:10131000401E87B23A48808849F24131884215D050
:101320003748808845F2103188420FD03448808891
:1013300046F60401884209D031488079012826D137
:101340002F48808841F66311884220D12C49488972
:10135000FFF754FA2012FFF75AFAE0B2FFF757FAF4
:101360003012FFF754FAF0B2FFF751FA2449888996
:10137000FFF744FA2812FFF74AFAE8B2FFF747FAF4
:101380003812FFF744FAF8B2FFF741FAC1E01C48FF
:10139000808841F6631188423DD119480088A0EB4E
:1013A0000800001B84B205EB0900401E1FFA80F9FB
:1013B00013494889FFF722FA2012FFF728FAE0B212
:1013C000FFF725FA04EB0801491EC1F30F20FFF7D0
:1013D0001EFA04EB0801491EC8B2FFF718FA0849C3
:1013E0008889FFF70BFA2812FFF711FAE8B2FFF726
:1013F0000EFA4FEA2920FFF70AFA09F0FF0007E08A
:10140000380400207E00006C6666666666660440EE
:10141000FFF7FDF97DE0FE48808845F210518842D3
:1014200044D1FB494889FFF7E9F92012FFF7EFF9AA
:10143000F7494989491C88B2FFF7E0F9E0B2FFF7A4
:10144000E6F9F3494989891C88B2FFF7D7F93012C8
:10145000FFF7DDF9EE494989C91C88B2FFF7CEF9DB
:10146000F0B2FFF7D4F9EA498889FFF7C7F92812E3
:10147000FFF7CDF9E6498989491C88B2FFF7BEF923
:10148000E8B2FFF7C4F9E2498989891C88B2FFF7FD
:10149000B5F93812FFF7BBF9DD498989C91C88B253
:1014A000FFF7ACF9F8B2FFF7B2F932E0D84880792B
:1014B00001280ED1AA46BB46D5480088801B401E95
:1014C00080B20190D2480088001B401E80B200907C
:1014D00003E0A246B34601950097502005905120A5
:1014E0000490522003905320029051460598FFF734
:1014F000A0F959460498FFF79CF901990398FFF762
:1015000098F900990298FFF794F929462046FFF7C9
:10151000BFF906B0BDE8F08F70B504460026BC48A0
:10152000058840884543BA48808846F604018842C9
:1015300016D1B7488079012812D10020B4498871AA
:101540002A2048812B20888100210846FFF7A0F936
:101550000120AF4988712B2048812A20888103E02F
:1015600000210846FFF794F9FFF775F9002602E01D
:10157000A8480480761CAE42FAD370BD00B5A1B075
:101580000020209001217A2005F020FD012108464D
:1015900005F054FD4FF400401E9001208DF87C00B2
:1015A00000208DF87E0002208DF87D0001208DF84E
:1015B0007F001EA9984804F087FF4CF233701E90FC
:1015C00002208DF87C0000208DF87E0003208DF82D
:1015D0007D0001208DF87F001EA9904804F074FF63
:1015E0004FF680701E9002208DF87C0000208DF850
:1015F0007E0003208DF87D0001208DF87F001EA95C
:10160000874804F061FF4FF480501E9002208DF84F
:101610007C0000208DF87E0003208DF87D000120E5
:101620008DF87F001EA97F4804F04EFF4FF48050D4
:101630001E9002208DF87C0000208DF87E00032093
:101640008DF87D0001208DF87F001EA9764804F0FA
:101650003BFF0C220021714804F0C1FF0C22012144
:101660006E4804F0BCFF0C2204216C4804F0B7FF64
:101670000C220521694804F0B2FF0C2208216748BA
:1016800004F0ADFF0C220921644804F0A8FF0C22ED
:101690000A21624804F0A3FF0C220E215F4804F0E7
:1016A0009EFF0C220F215D4804F099FF0C220721B8
:1016B0005B4804F094FF0C220821594804F08FFF86
:1016C0000C220921564804F08AFF0C220A215448B2
:1016D00004F085FF0C220B21514804F080FF0C22FE
:1016E00011464F4804F07BFF0C220D214C4804F0BA
:1016F00076FF0C220E214A4804F071FF0C220F21C4
:10170000474804F06CFF0C221146464804F067FF7E
:101710000C221146444804F062FF0F20089000207C
:1017200009903C200A9000200B900C900D900E9098
:1017300009200190002002900820039000200490CE
:1017400005900690079006200F90002010901190B1
:10175000102012900020139015901490169017905E
:101760004FF480501890002019904FF480401A9048
:1017700000201B9008A81C9001A81D900FA804F041
:1017800082FF0121062005F009F8322004F0C0FC98
:1017900001210020FFF74DF8322004F0B9FC0020B1
:1017A000FFF74EF81A49888008468088FF280ADB30
:1017B000084680884FF6FF71884204D0144880881C
:1017C000B0F5134F7ED1D320FFF718F8FFF729F8B3
:1017D0000F498880FFF725F80D498880FFF721F829
:1017E0000B498880084680884FF6FF7101EA002087
:1017F00007498880FFF715F8054989880843044997
:1018000088800846808849F2413188425AD00DE0EC
:10181000380400208000006C00040240000C0240EC
:10182000001002400014024000180240BF20FEF7E2
:10183000E5FFFEF7F6FFFE498880FEF7F2FFFC4960
:101840008880FEF7EEFFFA498880FEF7EAFFF84944
:101850008880084680884FF6FF7101EA0020F4492D
:101860008880FEF7DEFFF24989880843F0498880C6
:101870000846808846F6040188427AD0D420FEF7D4
:10188000BDFFFEF7CEFFEA498880FEF7CAFFE849B0
:101890008880FEF7C6FFE6498880084680884FF6B4
:1018A000FF7101EA0020E2498880FEF7BAFFE049B3
:1018B00089880843DE4988800846808845F21031CF
:1018C000884200E055E054D04FF45A40FEF796FFAE
:1018D000FEF7A7FFD64988804FF45B40FEF78EFFE6
:1018E000FEF79FFFD2498880084680884FF6FF7137
:1018F00001EA0020CE4988804FF45C40FEF77EFF6D
:10190000FEF78FFFCA4989880843C949888008467D
:101910008088B0F5004F02D145F210508880C4484D
:10192000808845F21051884223D0A120FEF766FF3F
:10193000FEF777FFBE498880FEF773FFBC498880B9
:10194000084680884FF6FF7101EA0020B849888078
:10195000FEF767FFB64989880843B549888008467D
:10196000808845F26171884203D141F66310B04925
:101970008880AF48808849F24131884211D0AC4814
:10198000808845F2103188420BD0A948808845F202
:101990001051884205D0A648808841F663118842DC
:1019A0001DD1A448006820F00F004FF02041C1F87D
:1019B0001C010846D0F81C0120F47060C1F81C011D
:1019C0000846D0F81C0140F00300C1F81C0108468D
:1019D000D0F81C0140F40070C1F81C0128E09448C4
:1019E000808846F60401884205D0914880884CF2F0
:1019F000055188421CD18F48006820F00F004FF03D
:101A00002041C1F81C010846D0F81C0120F4706088
:101A1000C1F81C010846D0F81C0140F00A00C1F8CA
:101A20001C010846D0F81C0140F44060C1F81C01BC
:101A30007F48818880A005F049FE7D48808849F272
:101A4000413188427ED1CF20FEF7D8FE0020FEF73C
:101A5000DEFEC120FEF7DBFE3020FEF7D8FEED20D3
:101A6000FEF7CCFE6420FEF7D2FE0320FEF7CFFE89
:101A70001220FEF7CCFE8120FEF7C9FEE820FEF71B
:101A8000BDFE8520FEF7C3FE1020FEF7C0FE7A20C3
:101A9000FEF7BDFECB20FEF7B1FE3920FEF7B7FE04
:101AA0002C20FEF7B4FE0020FEF7B1FE3420FEF736
:101AB000AEFE0220FEF7ABFEF720FEF79FFE2020D1
:101AC000FEF7A5FEEA20FEF799FE0020FEF79FFE36
:101AD0000020FEF79CFEC020FEF790FE1B20FEF7C4
:101AE00096FEC120FEF78AFE0120FEF790FEC5207B
:101AF000FEF784FE3020FEF78AFE3020FEF787FED8
:101B0000C720FEF77BFEB720FEF781FE3620FEF7EA
:101B100075FE4820FEF77BFE3A20FEF76FFE55204B
:101B2000FEF775FEB120FEF769FE0020FEF76FFE9E
:101B30001A20FEF76CFEB620FEF760FE0A20FEF7C4
:101B400066FE00E0A5E0A220FEF761FEF220FEF7AF
:101B500055FE0020FEF75BFE2620FEF74FFE01201B
:101B6000FEF755FEE020FEF749FE0F20FEF74FFE80
:101B70002A20FEF74CFE2820FEF749FE0820FEF73B
:101B800046FE0E20FEF743FE0820FEF740FE5420DE
:101B9000FEF73DFEA920FEF73AFE4320FEF737FE92
:101BA0000A20FEF734FE0F20FEF731FE0020FEF77C
:101BB0002EFE0020FEF72BFE0020FEF728FE002060
:101BC000FEF725FEE120FEF719FE0020FEF71FFEBE
:101BD0001520FEF71CFE1720FEF719FE0720FEF762
:101BE00016FE1120FEF713FE0620FEF710FE2B2036
:101BF000FEF70DFE5620FEF70AFE3C20FEF707FE1C
:101C00000520FEF704FE1020FEF701FE0F20FEF770
:101C1000FEFD3F20FEF7FBFD3F20FEF7F8FD0F2005
:101C2000FEF7F5FD2B20FEF7E9FD00200CE000009B
:101C3000380400201C0100A0204C43442049443AB1
:101C400025780D0A00000000FEF7E1FD0020FEF7F8
:101C5000DEFD0120FEF7DBFD3F20FEF7D8FD2A2048
:101C6000FEF7CCFD0020FEF7D2FD0020FEF7CFFDF1
:101C70000020FEF7CCFDEF20FEF7C9FD1120FEF796
:101C8000BDFD782004F044FA2920FEF7B7FD03F0EB
:101C90001DB9FE48808846F6040188427ED1112095
:101CA000FEF7ACFD142004F033FAD020FEF7A6FDB9
:101CB0000720FEF7ACFD4220FEF7A9FD1D20FEF730
:101CC000A6FDD120FEF79AFD0020FEF7A0FD1A2008
:101CD000FEF79DFD0920FEF79AFDD220FEF78EFD4E
:101CE0000120FEF794FD2220FEF791FDC020FEF7B3
:101CF00085FD1020FEF78BFD3B20FEF788FD0020C0
:101D0000FEF785FD0220FEF782FD1120FEF77FFD24
:101D1000C520FEF773FD0320FEF779FDC820FEF70E
:101D20006DFD0020FEF773FD2520FEF770FD2120DC
:101D3000FEF76DFD0520FEF76AFD0020FEF767FD4A
:101D40000A20FEF764FD6520FEF761FD2520FEF701
:101D50005EFD7720FEF75BFD5020FEF758FD0F205B
:101D6000FEF755FD0020FEF752FDF820FEF746FD78
:101D70000120FEF74CFDFE20FEF740FD0020FEF79F
:101D800046FD0220FEF743FD2020FEF737FD3620FA
:101D9000FEF734FD0820FEF73AFD00E02AE03A2085
:101DA000FEF72CFD5520FEF732FD2B20FEF726FD19
:101DB0000020FEF72CFD0020FEF729FD0120FEF794
:101DC00026FD3F20FEF723FD2A20FEF717FD002009
:101DD000FEF71DFD0020FEF71AFD0120FEF717FD9E
:101DE000DF20FEF714FD782004F092F92920FEF799
:101DF00005FD4CE7A548808845F21031884240F047
:101E00007C87ED20FEF7FAFC0120FEF700FDFE20A6
:101E1000FEF7FDFCEE20FEF7F1FCDE20FEF7F7FCFE
:101E20002120FEF7F4FCF120FEF7E8FC0120FEF78C
:101E3000EEFCDF20FEF7E2FC1020FEF7E8FCC420F9
:101E4000FEF7DCFC8F20FEF7E2FCC620FEF7D6FC96
:101E50000020FEF7DCFCE220FEF7D9FCE220FEF7D2
:101E6000D6FCE220FEF7D3FCBF20FEF7C7FCAA2079
:101E7000FEF7CDFCB020FEF7C1FC0D20FEF7C7FC3D
:101E80000020FEF7C4FC0D20FEF7C1FC0020FEF789
:101E9000BEFC1120FEF7BBFC0020FEF7B8FC1920A9
:101EA000FEF7B5FC0020FEF7B2FC2120FEF7AFFCE8
:101EB0000020FEF7ACFC2D20FEF7A9FC0020FEF769
:101EC000A6FC3D20FEF7A3FC0020FEF7A0FC5D2051
:101ED000FEF79DFC0020FEF79AFC5D20FEF797FCC4
:101EE0000020FEF794FCB120FEF788FC8020FEF76E
:101EF0008EFC0020FEF78BFC8B20FEF788FC002078
:101F0000FEF785FC9620FEF782FC0020FEF77FFCA2
:101F1000B220FEF773FC0020FEF779FC0020FEF7EC
:101F200076FC0220FEF773FC0020FEF770FC032015
:101F3000FEF76DFC0020FEF76AFCB320FEF75EFCA6
:101F40000020FEF764FC0020FEF761FC0020FEF795
:101F50005EFC0020FEF75BFC0020FEF758FC002032
:101F6000FEF755FC0020FEF752FC0020FEF74FFC68
:101F70000020FEF74CFC0020FEF749FC0020FEF795
:101F800046FC0020FEF743FC0020FEF740FC00204A
:101F9000FEF73DFC0020FEF73AFC0020FEF737FC80
:101FA0000020FEF734FC0020FEF731FC0020FEF795
:101FB0002EFC0020FEF72BFC0020FEF728FC002062
:101FC000FEF725FC0020FEF722FC0020FEF71FFC98
:101FD000B420FEF713FC8B20FEF719FC0020FEF75F
:101FE00016FC9620FEF713FC0020FEF710FCA12043
:101FF000FEF70DFC0020FEF70AFCB520FEF7FEFB05
:102000000220FEF704FC0020FEF701FC0320FEF78F
:10201000FEFB0020FEF7FBFB0420FEF7F8FB002090
:10202000FEF7F5FBB620FEF7E9FB0020FEF7EFFB1D
:102030000020FEF7ECFBB720FEF7E0FB0020FEF7E8
:10204000E6FB0020FEF7E3FB3F20FEF7E0FB00206D
:10205000FEF7DDFB5E20FEF7DAFB0020FEF7D7FB84
:102060006420FEF7D4FB0020FEF7D1FB8C20FEF7A6
:10207000CEFB0020FEF7CBFBAC20FEF7C8FB002018
:10208000FEF7C5FBDC20FEF7C2FB01E038040020B0
:102090000020FEF7BCFB7020FEF7B9FB0020FEF726
:1020A000B6FB9020FEF7B3FB0020FEF7B0FBEB2061
:1020B000FEF7ADFB0020FEF7AAFBDC20FEF7A7FB36
:1020C0000020FEF7A4FBB820FEF798FB0020FEF7E7
:1020D0009EFB0020FEF79BFB0020FEF798FB0020F4
:1020E000FEF795FB0020FEF792FB0020FEF78FFB2A
:1020F0000020FEF78CFB0020FEF789FBBA20FEF7DC
:102100007DFB2420FEF783FB0020FEF780FB0020F0
:10211000FEF77DFB0020FEF77AFBC120FEF76EFB89
:102120002020FEF774FB0020FEF771FB5420FEF721
:102130006EFB0020FEF76BFBFF20FEF768FB002024
:10214000FEF765FBC220FEF759FB0A20FEF75FFB96
:102150000020FEF75CFB0420FEF759FB0020FEF791
:1021600056FBC320FEF74AFB3C20FEF750FB002045
:10217000FEF74DFB3A20FEF74AFB0020FEF747FB37
:102180003920FEF744FB0020FEF741FB3720FEF725
:102190003EFB0020FEF73BFB3C20FEF738FB002017
:1021A000FEF735FB3620FEF732FB0020FEF72FFB53
:1021B0003220FEF72CFB0020FEF729FB2F20FEF734
:1021C00026FB0020FEF723FB2C20FEF720FB00203F
:1021D000FEF71DFB2920FEF71AFB0020FEF717FB78
:1021E0002620FEF714FB0020FEF711FB2420FEF74B
:1021F0000EFB0020FEF70BFB2420FEF708FB00205F
:10220000FEF705FB2320FEF702FB0020FEF7FFFA96
:102210003C20FEF7FCFA0020FEF7F9FA3620FEF724
:10222000F6FA0020FEF7F3FA3220FEF7F0FA00206B
:10223000FEF7EDFA2F20FEF7EAFA0020FEF7E7FAA4
:102240002C20FEF7E4FA0020FEF7E1FA2920FEF741
:10225000DEFA0020FEF7DBFA2620FEF7D8FA00208F
:10226000FEF7D5FA2420FEF7D2FA0020FEF7CFFAC7
:102270002420FEF7CCFA0020FEF7C9FA2320FEF74F
:10228000C6FA0020FEF7C3FAC420FEF7B7FA6220B0
:10229000FEF7BDFA0020FEF7BAFA0520FEF7B7FAFE
:1022A0000020FEF7B4FA8420FEF7B1FA0020FEF712
:1022B000AEFAF020FEF7ABFA0020FEF7A8FA1820DD
:1022C000FEF7A5FA0020FEF7A2FAA420FEF79FFA77
:1022D0000020FEF79CFA1820FEF799FA0020FEF77E
:1022E00096FA5020FEF793FA0020FEF790FA0C20A1
:1022F000FEF78DFA0020FEF78AFA1720FEF787FA1C
:102300000020FEF784FA9520FEF781FA0020FEF700
:102310007EFAF320FEF77BFA0020FEF778FAE6203B
:10232000FEF775FA0020FEF772FAC520FEF766FA8E
:102330003220FEF76CFA0020FEF769FA4420FEF71F
:1023400066FA0020FEF763FA6520FEF760FA0020C7
:10235000FEF75DFA7620FEF75AFA0020FEF757FAEC
:102360008820FEF754FA0020FEF751FAC620FEF747
:1023700045FA2020FEF74BFA0020FEF748FA172016
:10238000FEF745FA0020FEF742FA0120FEF73FFA79
:102390000020FEF73CFAC720FEF730FA0020FEF7D7
:1023A00036FA0020FEF733FA0020FEF730FA00205C
:1023B000FEF72DFAC820FEF721FA0020FEF727FAD3
:1023C0000020FEF724FA0020FEF721FA0020FEF795
:1023D0001EFAC920FEF712FA0020FEF718FA0020B4
:1023E000FEF715FA0020FEF712FA0020FEF70FFAAA
:1023F0000020FEF70CFA0020FEF709FA0020FEF795
:1024000006FA0020FEF703FA0020FEF700FA00208B
:10241000FEF7FDF90020FEF7FAF90020FEF7F7F9C4
:102420000020FEF7F4F90020FEF7F1F90020FEF796
:10243000EEF90020FEF7EBF9E020FEF7DFF91620B9
:10244000FEF7E5F90020FEF7E2F91C20FEF7DFF9C0
:102450000020FEF7DCF92120FEF7D9F90020FEF775
:10246000D6F93620FEF7D3F90020FEF7D0F9462042
:10247000FEF7CDF90020FEF7CAF95220FEF7C7F9A2
:102480000020FEF7C4F96420FEF7C1F90020FEF732
:10249000BEF97A20FEF7BBF90020FEF7B8F98B20D1
:1024A000FEF7B5F90020FEF7B2F99920FEF7AFF973
:1024B0000020FEF7ACF9A820FEF7A9F90020FEF7EE
:1024C000A6F9B920FEF7A3F90020FEF7A0F9C42071
:1024D000FEF79DF90020FEF79AF9CA20FEF797F95A
:1024E0000020FEF794F9D220FEF791F90020FEF7C4
:1024F0008EF9D920FEF78BF90020FEF788F9E0204D
:10250000FEF785F90020FEF782F9F320FEF77FF948
:102510000020FEF77CF9E120FEF770F91620FEF7A7
:1025200076F90020FEF773F91C20FEF770F9002001
:10253000FEF76DF92220FEF76AF90020FEF767F931
:102540003620FEF764F90020FEF761F94520FEF71A
:102550005EF90020FEF75BF95220FEF758F90020E3
:10256000FEF755F96420FEF752F90020FEF74FF907
:102570007A20FEF74CF90020FEF749F98B20FEF790
:1025800046F90020FEF743F99920FEF740F90020B4
:10259000FEF73DF9A820FEF73AF90020FEF737F9DB
:1025A000B920FEF734F90020FEF731F9C420FEF718
:1025B0002EF90020FEF72BF9CA20FEF728F900209B
:1025C000FEF725F9D220FEF722F90020FEF71FF9C9
:1025D000D820FEF71CF90020FEF719F9E020FEF7DD
:1025E00016F90020FEF713F9F320FEF710F900208A
:1025F000FEF70DF9E220FEF701F90520FEF707F9D5
:102600000020FEF704F90B20FEF701F90020FEF789
:10261000FEF81B20FEF7FBF80020FEF7F8F8342048
:10262000FEF7F5F80020FEF7F2F84420FEF7EFF889
:102630000020FEF7ECF84F20FEF7E9F80020FEF747
:10264000E6F86120FEF7E3F80020FEF7E0F87920D5
:10265000FEF7DDF80020FEF7DAF88820FEF7D7F85D
:102660000020FEF7D4F89720FEF7D1F80020FEF7FF
:10267000CEF8A620FEF7CBF80020FEF7C8F8B7206A
:10268000FEF7C5F80020FEF7C2F8C220FEF7BFF83B
:102690000020FEF7BCF8C720FEF7B9F80020FEF7CF
:1026A000B6F8D120FEF7B3F80020FEF7B0F8D62038
:1026B000FEF7ADF80020FEF7AAF8DD20FEF7A7F838
:1026C0000020FEF7A4F8F320FEF7A1F80020FEF7A3
:1026D0009EF8E320FEF792F80520FEF798F8002018
:1026E000FEF795F80A20FEF792F80020FEF78FF823
:1026F0001C20FEF78CF80020FEF789F83320FEF747
:1027000086F80020FEF783F84420FEF780F80020CA
:10271000FEF77DF85020FEF77AF80020FEF777F8F4
:102720006220FEF774F80020FEF771F87820FEF7BB
:102730006EF80020FEF76BF88820FEF768F800209E
:10274000FEF765F89720FEF762F80020FEF75FF8C5
:10275000A620FEF75CF80020FEF759F8B720FEF738
:1027600056F80020FEF753F8C220FEF750F800207C
:10277000FEF74DF8C720FEF74AF80020FEF747F8AD
:10278000D120FEF744F80020FEF741F8D520FEF7EF
:102790003EF80020FEF73BF8DD20FEF738F8002079
:1027A000FEF735F8F320FEF732F80020FEF72FF899
:1027B000E420FEF723F80120FEF729F80020FEF7B9
:1027C00026F80120FEF723F80020FEF720F802206B
:1027D000FEF71DF80020FEF71AF82A20FEF717F87A
:1027E0000020FEF714F83C20FEF711F80020FEF759
:1027F0000EF84B20FEF70BF80020FEF708F85D20DE
:10280000FEF705F80020FEF702F87420FDF7FFFF41
:102810000020FDF7FCFF8420FDF7F9FF0020FDF705
:10282000F6FF9320FDF7F3FF0020FDF7F0FFA22055
:10283000FDF7EDFF0020FDF7EAFFB320FDF7E7FF0E
:102840000020FDF7E4FFBE20FDF7E1FF0020FDF7CB
:10285000DEFFC420FDF7DBFF0020FDF7D8FFCD2011
:10286000FDF7D5FF0020FDF7D2FFD320FDF7CFFF06
:102870000020FDF7CCFFDD20FDF7C9FF0020FDF7AC
:10288000C6FFF320FDF7C3FF0020FDF7C0FFE520E2
:10289000FDF7B4FF0020FDF7BAFF0020FDF7B7FFFA
:1028A0000020FDF7B4FF0020FDF7B1FF0220FDF787
:1028B000AEFF0020FDF7ABFF2920FDF7A8FF0020A9
:1028C000FDF7A5FF3C20FDF7A2FF0020FDF79FFFCD
:1028D0004B20FDF79CFF0020FDF799FF5D20FDF7E1
:1028E00096FF0020FDF793FF7420FDF790FF002076
:1028F000FDF78DFF8420FDF78AFF0020FDF787FF9D
:102900009320FDF784FF0020FDF781FFA220FDF753
:102910007EFF0020FDF77BFFB320FDF778FF00204E
:10292000FDF775FFBE20FDF772FF0020FDF76FFF7A
:10293000C420FDF76CFF0020FDF769FFCD20FDF7F7
:1029400066FF0020FDF763FFD320FDF760FF002046
:10295000FDF75DFFDC20FDF75AFF0020FDF757FF74
:10296000F320FDF754FF0020FDF751FFE620FDF7AF
:1029700045FF1120FDF74BFF0020FDF748FF3420F5
:10298000FDF745FF0020FDF742FF5620FDF73FFF12
:102990000020FDF73CFF7620FDF739FF0020FDF712
:1029A00036FF7720FDF733FF0020FDF730FF66206C
:1029B000FDF72DFF0020FDF72AFF8820FDF727FFF8
:1029C0000020FDF724FF9920FDF721FF0020FDF7EF
:1029D0001EFFBB20FDF71BFF0020FDF718FF99200D
:1029E000FDF715FF0020FDF712FF6620FDF70FFF32
:1029F0000020FDF70CFF5520FDF709FF0020FDF733
:102A000006FF5520FDF703FF0020FDF700FF4520DE
:102A1000FDF7FDFE0020FDF7FAFE4320FDF7F7FE6F
:102A20000020FDF7F4FE4420FDF7F1FE0020FDF745
:102A3000EEFEE720FDF7E2FE3220FDF7E8FE002083
:102A4000FDF7E5FE5520FDF7E2FE0020FDF7DFFE75
:102A50007620FDF7DCFE0020FDF7D9FE6620FDF7AD
:102A6000D6FE0020FDF7D3FE6720FDF7D0FE002044
:102A7000FDF7CDFE6720FDF7CAFE0020FDF7C7FE7B
:102A80008720FDF7C4FE0020FDF7C1FE9920FDF769
:102A9000BEFE0020FDF7BBFEBB20FDF7B8FE002008
:102AA000FDF7B5FE9920FDF7B2FE0020FDF7AFFE61
:102AB0007720FDF7ACFE0020FDF7A9FE4420FDF7CE
:102AC000A6FE0020FDF7A3FE5620FDF7A0FE002085
:102AD000FDF79DFE2320FDF79AFE0020FDF797FEEF
:102AE0003320FDF794FE0020FDF791FE4520FDF711
:102AF0008EFE0020FDF78BFEE820FDF77FFE002014
:102B0000FDF785FE0020FDF782FE9920FDF77FFE90
:102B10000020FDF77CFE8720FDF779FE0020FDF701
:102B200076FE8820FDF773FE0020FDF770FE77200B
:102B3000FDF76DFE0020FDF76AFE6620FDF767FEDB
:102B40000020FDF764FE8820FDF761FE0020FDF700
:102B50005EFEAA20FDF75BFE0020FDF758FEBB20BD
:102B6000FDF755FE0020FDF752FE9920FDF74FFEC0
:102B70000020FDF74CFE6620FDF749FE0020FDF722
:102B800046FE5520FDF743FE0020FDF740FE552090
:102B9000FDF73DFE0020FDF73AFE4420FDF737FE2D
:102BA0000020FDF734FE4420FDF731FE0020FDF744
:102BB0002EFE5520FDF72BFE0020FDF728FEE92014
:102BC000FDF71CFEAA20FDF722FE0020FDF71FFEE8
:102BD0000020FDF71CFE0020FDF719FE0020FDF788
:102BE0000DFEAA20FDF713FECF20FDF707FE002003
:102BF000FDF70DFE0020FDF70AFE0020FDF707FEA1
:102C00000020FDF704FE0020FDF701FE0020FDF787
:102C1000FEFD0020FDF7FBFD0020FDF7F8FD002084
:102C2000FDF7F5FD0020FDF7F2FD0020FDF7EFFDBB
:102C30000020FDF7ECFD0020FDF7E9FD0020FDF789
:102C4000E6FD0020FDF7E3FD0020FDF7E0FD00209C
:102C5000FDF7DDFDF020FDF7D1FD0020FDF7D7FDEC
:102C60005020FDF7D4FD0020FDF7D1FD0020FDF739
:102C7000CEFD0020FDF7CBFDF320FDF7BFFD0020CA
:102C8000FDF7C5FDF920FDF7B9FD0620FDF7BFFDF5
:102C90001020FDF7BCFD2920FDF7B9FD0020FDF750
:102CA000B6FD3A20FDF7AAFD5520FDF7B0FD112035
:102CB000FDF7A4FD642003F02BFA2920FDF79EFD0B
:102CC0003520FDF79BFD0020FDF7A1FD5120FDF70C
:102CD00095FDFF20FDF79BFD5320FDF78FFD2C2078
:102CE000FDF795FD5520FDF789FD8220FDF78FFD4D
:102CF0002C20FDF783FD02F0E9B8FE48808845F2FC
:102D0000105188427ED155214FF47040FDF791FD5E
:102D1000AA214FF20100FDF78CFD52214FF2020073
:102D2000FDF787FD08214FF20300FDF782FD012129
:102D30004FF20400FDF77DFD0D214FF43040FDF70B
:102D400078FD0D214BF20100FDF773FD0D214BF2D3
:102D50000200FDF76EFD34214FF43640FDF769FDAA
:102D600034214BF20160FDF764FD34214BF2026027
:102D7000FDF75FFD0D214FF43140FDF75AFD0D21A8
:102D80004BF20110FDF755FD0D214BF20210FDF73E
:102D900050FD34214FF43740FDF74BFD34214BF209
:102DA0000170FDF746FD34214BF20270FDF741FD45
:102DB00000214FF43240FDF73CFD00214BF2012091
:102DC000FDF737FD00214BF20220FDF732FD2421F3
:102DD0004FF43840FDF72DFD24214BF60100FDF79F
:102DE00028FD24214BF60200FDF723FD01214FF4BD
:102DF0003F40FDF71EFD0F214FF43340FDF719FD55
:102E00000F2100E0FEE34BF20130FDF712FD0F2130
:102E10004BF20230FDF70DFD34214FF43940FDF740
:102E200008FD34214BF60110FDF703FD34214BF66C
:102E30000210FDF7FEFC08214FF43540FDF7F9FCC8
:102E400008214BF20150FDF7F4FC08214BF202502F
:102E5000FDF7EFFC03214FF44240FDF7EAFC24218B
:102E60004FF43A40FDF7E5FC24214BF60120FDF735
:102E7000E0FC24214BF60220FDF7DBFC00214FF49F
:102E80003C40FDF7D6FC78214BF60140FDF7D1FC24
:102E900000214BF60240FDF7CCFC00214FF43D40F1
:102EA000FDF7C7FC78214BF60150FDF7C2FC00216D
:102EB0004BF60250FDF7BDFC00214FF43E40FDF7FC
:102EC000B8FC64214BF60160FDF7B3FC00214FF420
:102ED0005140FDF7AEFC33214DF20110FDF7A9FC86
:102EE00000214DF20210FDF7A4FC34214DF2031035
:102EF000FDF79FFC00214DF20410FDF79AFC3A21EA
:102F00004DF20510FDF795FC00214DF20610FDF77E
:102F100090FC4A214DF20710FDF78BFC00214DF289
:102F20000810FDF786FC5C214DF20910FDF781FCCD
:102F300000214DF20A10FDF77CFC81214DF20B10AF
:102F4000FDF777FC00214DF20C10FDF772FCA62175
:102F50004DF20D10FDF76DFC00214DF20E10FDF746
:102F600068FCE5214DF20F10FDF763FC01214DF2E5
:102F70001010FDF75EFC13214DF21110FDF759FC06
:102F800001214DF21210FDF754FC54214DF21310A3
:102F9000FDF74FFC01214DF21410FDF74AFC822190
:102FA0004DF21510FDF745FC01214DF21610FDF70D
:102FB00040FCCA214DF21710FDF73BFC02214DF2F7
:102FC0001810FDF736FC00214DF21910FDF731FC09
:102FD00002214DF21A10FDF72CFC01214DF21B10BD
:102FE000FDF727FC02214DF21C10FDF722FC3421D5
:102FF0004DF21D10FDF71DFC02214DF21E10FDF7D4
:1030000018FC67214DF21F10FDF713FC02214DF251
:103010002010FDF70EFC84214DF22110FDF709FC74
:1030200002214DF22210FDF704FCA4214DF22310E1
:10303000FDF7FFFB02214DF22410FDF7FAFBB7214B
:103040004DF22510FDF7F5FB02214DF22610FDF79C
:10305000F0FBCF214DF22710FDF7EBFB02214DF2E3
:103060002810FDF7E6FBDE214DF22910FDF7E1FB0C
:1030700002214DF22A10FDF7DCFBF2214DF22B105C
:10308000FDF7D7FB02214DF22C10FDF7D2FBFE21FC
:103090004DF22D10FDF7CDFB03214DF22E10FDF763
:1030A000C8FB10214DF22F10FDF7C3FB03214DF299
:1030B0003010FDF7BEFB33214DF23110FDF7B9FBA7
:1030C00003214DF23210FDF7B4FB6D214DF23310A8
:1030D000FDF7AFFB00214FF45240FDF7AAFB33216F
:1030E0004DF20120FDF7A5FB00214DF20220FDF776
:1030F000A0FB01E03804002034214DF20320FDF74D
:1031000098FB00214DF20420FDF793FB3A214DF28C
:103110000520FDF78EFB00214DF20620FDF789FB0F
:103120004A214DF20720FDF784FB00214DF20820D3
:10313000FDF77FFB5C214DF20920FDF77AFB0021B2
:103140004DF20A20FDF775FB81214DF20B20FDF7B2
:1031500070FB00214DF20C20FDF76BFBA6214DF218
:103160000D20FDF766FB00214DF20E20FDF761FBFF
:10317000E5214DF20F20FDF75CFB01214DF21020FF
:10318000FDF757FB13214DF21120FDF752FB0121F2
:103190004DF21220FDF74DFB54214DF21320FDF7A7
:1031A00048FB01214DF21420FDF743FB82214DF233
:1031B0001520FDF73EFB01214DF21620FDF739FBEE
:1031C000CA214DF21720FDF734FB02214DF21820E1
:1031D000FDF72FFB00214DF21920FDF72AFB0221FC
:1031E0004DF21A20FDF725FB01214DF21B20FDF7C2
:1031F00020FB02214DF21C20FDF71BFB34214DF278
:103200001D20FDF716FB02214DF21E20FDF711FBDC
:1032100067214DF21F20FDF70CFB02214DF220200B
:10322000FDF707FB84214DF22120FDF702FB02216F
:103230004DF22220FDF7FDFAA4214DF22320FDF7E7
:10324000F8FA02214DF22420FDF7F3FAB7214DF2EE
:103250002520FDF7EEFA02214DF22620FDF7E9FACE
:10326000CF214DF22720FDF7E4FA02214DF228206C
:10327000FDF7DFFADE214DF22920FDF7DAFA02210F
:103280004DF22A20FDF7D5FAF2214DF22B20FDF761
:10329000D0FA02214DF22C20FDF7CBFAFE214DF29F
:1032A0002D20FDF7C6FA03214DF22E20FDF7C1FABD
:1032B00010214DF22F20FDF7BCFA03214DF23020F2
:1032C000FDF7B7FA33214DF23120FDF7B2FA0321B1
:1032D0004DF23220FDF7ADFA6D214DF23320FDF7AE
:1032E000A8FA00214FF45340FDF7A3FA33214DF221
:1032F0000130FDF79EFA00214DF20230FDF799FAF8
:1033000034214DF20330FDF794FA00214DF20430E0
:10331000FDF78FFA3A214DF20530FDF78AFA0021C8
:103320004DF20630FDF785FA4A214DF20730FDF7E0
:1033300080FA00214DF20830FDF77BFA5C214DF256
:103340000930FDF776FA00214DF20A30FDF771FAE7
:1033500081214DF20B30FDF76CFA00214DF20C305B
:10336000FDF767FAA6214DF20D30FDF762FA002154
:103370004DF20E30FDF75DFAE5214DF20F30FDF70D
:1033800058FA01214DF21030FDF753FA13214DF296
:103390001130FDF74EFA01214DF21230FDF749FAD6
:1033A00054214DF21330FDF744FA01214DF214304F
:1033B000FDF73FFA82214DF21530FDF73AFA01216F
:1033C0004DF21630FDF735FACA214DF21730FDF7F0
:1033D00030FA02214DF21830FDF72BFA00214DF2A0
:1033E0001930FDF726FA02214DF21A30FDF721FAC5
:1033F00001214DF21B30FDF71CFA02214DF21C3069
:10340000FDF717FA34214DF21D30FDF712FA0221B3
:103410004DF21E30FDF70DFA67214DF21F30FDF71A
:1034200008FA02214DF22030FDF703FA84214DF213
:103430002130FDF7FEF902214DF22230FDF7F9F9B6
:10344000A4214DF22330FDF7F4F902214DF224308E
:10345000FDF7EFF9B7214DF22530FDF7EAF902212A
:103460004DF22630FDF7E5F9CF214DF22730FDF77B
:10347000E0F902214DF22830FDF7DBF9DE214DF2B3
:103480002930FDF7D6F902214DF22A30FDF7D1F9A6
:10349000F2214DF22B30FDF7CCF902214DF22C3008
:1034A000FDF7C7F9FE214DF22D30FDF7C2F90321DA
:1034B0004DF22E30FDF7BDF910214DF22F30FDF702
:1034C000B8F903214DF23030FDF7B3F933214DF255
:1034D0003130FDF7AEF903214DF23230FDF7A9F995
:1034E0006D214DF23330FDF7A4F900214FF4544023
:1034F000FDF79FF933214DF20140FDF79AF90021C4
:103500004DF20240FDF795F934214DF20340FDF7ED
:1035100090F900214DF20440FDF78BF93A214DF26C
:103520000540FDF786F900214DF20640FDF781F9CF
:103530004A214DF20740FDF77CF900214DF2084089
:10354000FDF777F95C214DF20940FDF772F9002192
:103550004DF20A40FDF76DF981214DF20B40FDF768
:1035600068F900214DF20C40FDF763F9A6214DF2F8
:103570000D40FDF75EF900214DF20E40FDF759F9BF
:10358000E5214DF20F40FDF754F901214DF21040B5
:10359000FDF74FF913214DF21140FDF74AF90121D2
:1035A0004DF21240FDF745F954214DF21340FDF75D
:1035B00040F901214DF21440FDF73BF982214DF213
:1035C0001540FDF736F901214DF21640FDF731F9AE
:1035D000CA214DF21740FDF72CF902214DF2184097
:1035E000FDF727F900214DF21940FDF722F90221DC
:1035F0004DF21A40FDF71DF901214DF21B40FDF778
:1036000018F900E004E302214DF21C40FDF711F926
:1036100034214DF21D40FDF70CF902214DF21E4000
:10362000FDF707F967214DF21F40FDF702F902216E
:103630004DF22040FDF7FDF884214DF22140FDF7C9
:10364000F8F802214DF22240FDF7F3F8A4214DF2E3
:103650002340FDF7EEF802214DF22440FDF7E9F892
:10366000B7214DF22540FDF7E4F802214DF2264046
:10367000FDF7DFF8CF214DF22740FDF7DAF8022100
:103680004DF22840FDF7D5F8DE214DF22940FDF737
:10369000D0F802214DF22A40FDF7CBF8F2214DF28D
:1036A0002B40FDF7C6F802214DF22C40FDF7C1F882
:1036B000FE214DF22D40FDF7BCF803214DF22E40C6
:1036C000FDF7B7F810214DF22F40FDF7B2F80321B6
:1036D0004DF23040FDF7ADF833214DF23140FDF7AA
:1036E000A8F803214DF23240FDF7A3F86D214DF209
:1036F0003340FDF79EF800214FF45540FDF799F84F
:1037000033214DF20150FDF794F800214DF20250A3
:10371000FDF78FF834214DF20350FDF78AF80021B0
:103720004DF20450FDF785F83A214DF20550FDF7B2
:1037300080F800214DF20650FDF77BF84A214DF24A
:103740000750FDF776F800214DF20850FDF771F8AB
:103750005C214DF20950FDF76CF800214DF20A5042
:10376000FDF767F881214DF20B50FDF762F800215B
:103770004DF20C50FDF75DF8A6214DF20D50FDF70E
:1037800058F800214DF20E50FDF753F8E5214DF2A7
:103790000F50FDF74EF801214DF21050FDF749F89A
:1037A00013214DF21150FDF744F801214DF2125052
:1037B000FDF73FF854214DF21350FDF73AF801217F
:1037C0004DF21450FDF735F882214DF21550FDF7FA
:1037D00030F801214DF21650FDF72BF8CA214DF2B9
:1037E0001750FDF726F802214DF21850FDF721F889
:1037F00000214DF21950FDF71CF802214DF21A502C
:10380000FDF717F801214DF21B50FDF712F80221C8
:103810004DF21C50FDF70DF834214DF21D50FDF70F
:1038200008F802214DF21E50FDF703F867214DF212
:103830001F50FCF7FEFF02214DF22050FCF7F9FF6C
:1038400084214DF22150FCF7F4FF02214DF2225069
:10385000FCF7EFFFA4214DF22350FCF7EAFF022111
:103860004DF22450FCF7E5FFB7214DF22550FCF74F
:10387000E0FF02214DF22650FCF7DBFFCF214DF295
:103880002750FCF7D6FF02214DF22850FCF7D1FF5C
:10389000DE214DF22950FCF7CCFF02214DF22A50D7
:1038A000FCF7C7FFF2214DF22B50FCF7C2FF0221BB
:1038B0004DF22C50FCF7BDFFFE214DF22D50FCF7D0
:1038C000B8FF03214DF22E50FCF7B3FF10214DF24B
:1038D0002F50FCF7AEFF03214DF23050FCF7A9FF4B
:1038E00033214DF23150FCF7A4FF03214DF2325049
:1038F000FCF79FFF6D214DF23350FCF79AFF00213A
:103900004FF45640FCF795FF33214DF20160FCF770
:1039100090FF00214DF20260FCF78BFF34214DF245
:103920000360FCF786FF00214DF20460FCF781FF85
:103930003A214DF20560FCF77CFF00214DF2066054
:10394000FCF777FF4A214DF20760FCF772FF002178
:103950004DF20860FCF76DFF5C214DF20960FCF749
:1039600068FF00214DF20A60FCF763FF81214DF2F0
:103970000B60FCF75EFF00214DF20C60FCF759FF75
:10398000A6214DF20D60FCF754FF00214DF20E60B0
:10399000FCF74FFFE5214DF20F60FCF74AFF0121D4
:1039A0004DF21060FCF745FF13214DF21160FCF75A
:1039B00040FF01214DF21260FCF73BFF54214DF214
:1039C0001360FCF736FF01214DF21460FCF731FF64
:1039D00082214DF21560FCF72CFF01214DF216609B
:1039E000FCF727FFCA214DF21760FCF722FF0221E6
:1039F0004DF21860FCF71DFF00214DF21960FCF735
:103A000018FF02214DF21A60FCF713FF01214DF25D
:103A10001B60FCF70EFF02214DF21C60FCF709FF52
:103A200034214DF21D60FCF704FF02214DF21E60AF
:103A3000FCF7FFFE67214DF21F60FCF7FAFE022142
:103A40004DF22060FCF7F5FE84214DF22160FCF779
:103A5000F0FE02214DF22260FCF7EBFEA4214DF2B4
:103A60002360FCF7E6FE02214DF22460FCF7E1FE44
:103A7000B7214DF22560FCF7DCFE02214DF22660F5
:103A8000FCF7D7FECF214DF22760FCF7D2FE0221D2
:103A90004DF22860FCF7CDFEDE214DF22960FCF7E7
:103AA000C8FE02214DF22A60FCF7C3FEF2214DF25E
:103AB0002B60FCF7BEFE02214DF22C60FCF7B9FE34
:103AC000FE214DF22D60FCF7B4FE03214DF22E6075
:103AD000FCF7AFFE10214DF22F60FCF7AAFE032188
:103AE0004DF23060FCF7A5FE33214DF23160FCF75A
:103AF000A0FE03214DF23260FCF79BFE6D214DF2DA
:103B00003360FCF796FE55214FF47040FCF791FEB0
:103B1000AA214FF20100FCF78CFE52214FF2020065
:103B2000FCF787FE08214FF20300FCF782FE00211C
:103B30004FF20400FCF77DFECC214FF43140FCF73E
:103B400078FE00214BF20110FCF773FE05214FF4C3
:103B50003640FCF76EFE70214FF43740FCF769FEEB
:103B600070214BF20170FCF764FE01214FF43840E4
:103B7000FCF75FFE03214BF60100FCF75AFE032120
:103B80004BF60200FCF755FE03214BF60300FCF751
:103B900050FE02214FF43C40FCF74BFE00214BF657
:103BA0000140FCF746FE00214BF60240FCF741FEC7
:103BB000D0214FF44940FCF73CFE02214CF60110A5
:103BC000FCF737FE50214CF60210FCF732FE502174
:103BD0004CF60310FCF72DFE50214CF60410FCF7B8
:103BE00028FE00214FF45450FCF723FE55214FF4DA
:103BF0006850FCF71EFE4FF48850FCF7FFFD78205C
:103C000002F03EFA4FF42450FCF7F8FD01F05EB9E3
:103C1000FE48808849F2253188427DD147F6F0017F
:103C2000E520FCF706FE4FF480710120FCF701FE51
:103C30004FF4E0610220FCF7FCFD41F2300103206B
:103C4000FCF7F7FD00210420FCF7F3FD40F2022110
:103C50000820FCF7EEFD00210920FCF7EAFD002119
:103C60000A20FCF7E6FD00210C20FCF7E2FD002114
:103C70000D20FCF7DEFD00210F20FCF7DAFD00210E
:103C80001020FCF7D6FD07211120FCF7D2FD002102
:103C90001220FCF7CEFD00211320FCF7CAFD002105
:103CA0000720FCF7C6FD41F290611020FCF7C1FD32
:103CB00040F227211120FCF7BCFD9D211220FCF7CA
:103CC000B8FD4FF4C8511320FCF7B3FD252129207E
:103CD000FCF7AFFD0D212B20FCF7ABFD07213020B9
:103CE000FCF7A7FD40F203313120FCF7A2FD0321D0
:103CF0003220FCF79EFD40F206213520FCF799FDAD
:103D000008213620FCF795FD40F206413720FCF7EC
:103D100090FD4FF4417100E058E03820FCF789FD38
:103D200007213920FCF785FD40F202613C20FCF7B9
:103D300080FD08213D20FCF77CFD00215020FCF790
:103D400078FDEF215120FCF774FD00215220FCF793
:103D500070FD40F23F115320FCF76BFD4FF42741FB
:103D60006020FCF766FD01216120FCF762FD002167
:103D70006A20FCF75EFD00218020FCF75AFD00213F
:103D80008120FCF756FD00218220FCF752FD002126
:103D90008320FCF74EFD00218420FCF74AFD002122
:103DA0008520FCF746FD10219020FCF742FD4FF4E2
:103DB000C0619220FCF73DFD40F233110720FCF773
:103DC00038FD22210020FCF734FD1FE78F48808852
:103DD00049F2283188427DD141F28F01EC20FCF775
:103DE00028FD41F23421EF20FCF723FD4FF48071D0
:103DF0000120FCF71EFD4FF4E0610220FCF719FDE5
:103E000041F230010320FCF714FD00210420FCF7EF
:103E100010FD40F202210820FCF70BFD00210920D3
:103E2000FCF707FD00210A20FCF703FD01210C200F
:103E3000FCF7FFFC00210D20FCF7FBFC00210F200C
:103E4000FCF7F7FC00211020FCF7F3FC0721112000
:103E5000FCF7EFFC00211220FCF7EBFC0021132003
:103E6000FCF7E7FC01210720FCF7E3FC322002F01D
:103E70004FF941F290411020FCF7DBFC40F2272182
:103E80001120FCF7D6FC322002F042F98A211220E0
:103E9000FCF7CFFC322002F03BF94FF4D051132055
:103EA000FCF7C7FC06212920FCF7C3FC0D212B20C1
:103EB000FCF7BFFC322002F02BF900212020FCF798
:103EC000B8FC00212120FCF7B4FC322002F020F9DC
:103ED000002100E075E03020FCF7ABFC40F204610B
:103EE0003120FCF7A6FC40F205313220FCF7A1FCA2
:103EF00000213520FCF79DFC40F609413620FCF7F7
:103F000098FC4FF401713720FCF793FC40F201312B
:103F10003820FCF78EFC40F207713920FCF789FC51
:103F200000213C20FCF785FC40F60A213D20FCF7EF
:103F300080FC322002F0ECF800215020FCF779FCE4
:103F4000EF215120FCF775FC00215220FCF771FC99
:103F500040F23F115320FCF76CFC4FF427416020E6
:103F6000FCF767FC01216120FCF763FC00216A205B
:103F7000FCF75FFC00218020FCF75BFC0021812026
:103F8000FCF757FC00218220FCF753FC0021832022
:103F9000FCF74FFC00218420FCF74BFC002185201E
:103FA000FCF747FC10219020FCF743FC4FF4C06164
:103FB0009220FCF73EFC40F233110720FCF739FC5D
:103FC00024E61248808849F2203188427ED10021BF
:103FD0000846FCF72EFC4FF480710120FCF729FC09
:103FE0004FF4E0610220FCF724FC41F23001032091
:103FF000FCF71FFC00210420FCF71BFC40F202210F
:104000000820FCF716FC0021092001E038040020FC
:10401000FCF70FFC00210A20FCF70BFC01210C200F
:10402000FCF707FC00210D20FCF703FC00210F200A
:10403000FCF7FFFB322002F06BF840F20111072081
:10404000FCF7F7FB322002F063F84FF486511020A2
:10405000FCF7EFFB07211120FCF7EBFB4FF4887115
:104060001220FCF7E6FB4FF430611320FCF7E1FB74
:1040700000212920FCF7DDFB44F210012B20FCF786
:10408000D8FB00215020FCF7D4FBEF215120FCF796
:10409000D0FB00215220FCF7CCFB40F23F11532013
:1040A000FCF7C7FB4FF41C516020FCF7C2FB012159
:1040B0006120FCF7BEFB00216A20FCF7BAFB00215F
:1040C0008020FCF7B6FB0021812000E030E0FCF707
:1040D000B0FB00218220FCF7ACFB00218320FCF721
:1040E000A8FB00218420FCF7A4FB00218520FCF71D
:1040F000A0FB10219020FCF79CFB00219220FCF7F4
:1041000098FB01219320FCF794FB4FF488719520D4
:10411000FCF78FFB00219720FCF78BFB00219820F8
:10412000FCF787FB40F273110720FCF782FB6DE57B
:10413000FE48808849F2313188427DD141F2140134
:10414000E720FCF776FB4FF480710120FCF771FB50
:104150004FF400710220FCF76CFB41F238010320A0
:10416000FCF767FB40F202210820FCF762FB00210C
:104170000920FCF75EFB00210A20FCF75AFB002116
:104180000C20FCF756FB00210D20FCF752FB002110
:104190000F20FCF74EFB00211020FCF74AFB072103
:1041A0001120FCF746FB00211220FCF742FB002106
:1041B0001320FCF73EFBC82001F0AAFF41F29061FA
:1041C0001020FCF736FB40F227211120FCF731FBD1
:1041D000322001F09DFF0C211220FCF72AFB322037
:1041E00001F096FF4FF400611320FCF722FB112130
:1041F0002920FCF71EFB0B212B20FCF71AFB322099
:1042000001F086FF00212020FCF713FB40F23F1154
:104210002120FCF70EFB00213020FCF70AFB4FF4B5
:1042200083713120FCF705FB00213220FCF701FBF4
:104230004FF40171352000E064E0FCF7FAFA41F236
:104240000A613620FCF7F5FA40F207713720FCF7D7
:10425000F0FA4FF483713820FCF7EBFA40F2077163
:104260003920FCF7E6FA40F202413C20FCF7E1FA83
:1042700040F60F413D20FCF7DCFA00215020FCF70E
:10428000D8FAEF215120FCF7D4FA00215220FCF794
:10429000D0FA40F23F115320FCF7CBFA4FF41C51F7
:1042A0006020FCF7C6FA01216120FCF7C2FA002168
:1042B0006A20FCF7BEFA00218020FCF7BAFA002140
:1042C0008120FCF7B6FA00218220FCF7B2FA002127
:1042D0008320FCF7AEFA00218420FCF7AAFA002123
:1042E0008520FCF7A6FA10219020FCF7A2FA4FF4E3
:1042F000C0619220FCF79DFA40F233110720FCF7D1
:1043000098FA83E48948808845F2084188427DD143
:104310004FF480710120FCF78CFA4FF4E061022029
:10432000FCF787FA41F230010320FCF782FA002102
:104330000420FCF77EFA40F207210820FCF779FA06
:1043400000210920FCF775FA00210A20FCF771FA18
:1043500000210C20FCF76DFA00210D20FCF769FA12
:1043600000210F20FCF765FA142001F0D1FE41F284
:10437000B0611020FCF75DFA01211120FCF759FA19
:1043800001211720FCF755FA4FF49C711220FCF71D
:1043900050FA4FF400611320FCF74BFA0921292051
:1043A000FCF747FA09212A20FCF743FA0021A42050
:1043B000FCF73FFA00215020FCF73BFAEF21512097
:1043C000FCF737FA00215220FCF733FA40F23F1194
:1043D0005320FCF72EFA4FF41C516020FCF729FA09
:1043E00001216120FCF725FA00216A20FCF721FA5F
:1043F00000218020FCF71DFA00218120FCF719FA2A
:1044000000218220FCF715FA002100E024E083203F
:10441000FCF70FFA00218420FCF70BFA002185201D
:10442000FCF707FA13219020FCF703FA00219220F1
:10443000FCF7FFF903219320FCF7FBF94FF4887197
:104440009520FCF7F6F940F273110720FCF7F1F91B
:10445000322001F05DFEB8E43448808841F2055115
:1044600088427DD100210720FCF7E3F9322001F0DA
:104470004FFE4FF48E711220FCF7DBF90121A420CE
:10448000FCF7D7F90F210820FCF7D3F908210A20FF
:10449000FCF7CFF908210D20FCF7CBF940F20771AA
:1044A0003020FCF7C6F907213120FCF7C2F940F2B1
:1044B00003613220FCF7BDF94FF4E0613320FCF7D3
:1044C000B8F940F202213420FCF7B3F9022135207B
:1044D000FCF7AFF941F60F713620FCF7AAF940F26C
:1044E00007713720FCF7A5F900213820FCF7A1F966
:1044F00000213920FCF79DF940F207713A20FCF7C2
:1045000098F900213B20FCF794F907213C20FCF7A7
:1045100090F900213D20FCF78CF9322001F0F8FDE4
:1045200001210720FCF785F9012101E03804002072
:104530001720FCF77EF9322001F0EAFD4FF4BD515F
:104540001020FCF776F940F217211120FCF771F9E1
:104550004FF48F711220FCF76CF94FF4706100E09A
:1045600098E01320FCF765F900212A20FCF761F997
:104570000A212920FCF75DF94FF49F711220FCF706
:1045800058F900215020FCF754F9EF215120FCF795
:1045900050F900215220FCF74CF940F23F11532012
:1045A000FCF747F94FF41C516020FCF742F9012158
:1045B0006120FCF73EF900216A20FCF73AF900215E
:1045C0008020FCF736F900218120FCF732F9002128
:1045D0008220FCF72EF900218320FCF72AF9002124
:1045E0008420FCF726F900218520FCF722F913210D
:1045F0009020FCF71EF94FF440719220FCF719F956
:1046000005219320FCF715F900219520FCF711F9FD
:1046100000219720FCF70DF900219820FCF709F9FB
:104620004FF480710120FCF704F94FF4E06102209F
:10463000FCF7FFF841F238010320FCF7FAF80021FB
:104640000420FCF7F6F800210C20FCF7F2F800211A
:104650000F20FCF7EEF800212020FCF7EAF80021FB
:104660002120FCF7E6F821210720FCF7E2F81420CE
:1046700001F04EFD61210720FCF7DBF8142001F06A
:1046800047FD40F273110720FCF7D3F8142001F026
:104690003FFD95E4FE4880884BF2055188427CD16D
:1046A00000210846FCF7C5F800210846FCF7C1F8D0
:1046B00000210846FCF7BDF800210846FCF7B9F8D0
:1046C0000121A420FCF7B5F8142001F021FD4FF4DE
:1046D0001C516020FCF7ADF840F202210820FCF7E5
:1046E000A8F84FF405713020FCF7A3F843F21571D8
:1046F0003120FCF79EF840F204613220FCF799F873
:1047000040F616613320FCF794F842F21121342070
:10471000FCF78FF84FF4A8513520FCF78AF848F2DF
:1047200007513620FCF785F841F207413720FCF7A6
:1047300080F841F203413820FCF77BF82021392032
:10474000FCF777F81A219020FCF773F8002110206D
:10475000FCF76FF807211120FCF76BF800211220FD
:10476000FCF767F800211320FCF763F8142001F030
:10477000CFFC4FF4E6611020FCF75BF840F23711F4
:104780001120FCF756F8142001F0C2FC4FF4DC7144
:104790001220FCF74EF8142000E085E001F0B8FC90
:1047A0004FF470611320FCF744F880212A20FCF7B5
:1047B00040F848212920FCF73CF8142001F0A8FC1F
:1047C0004FF480710120FCF734F84FF4E0610220CF
:1047D000FCF72FF841F238010320FCF72AF840F2E9
:1047E00002210820FCF725F800210A20FCF721F817
:1047F00000210C20FCF71DF800210D20FCF719F812
:1048000030210E20FCF715F800215020FCF711F89C
:10481000EF215120FCF70DF800215220FCF709F898
:1048200040F23F115320FCF704F84FF41C51602074
:10483000FBF7FFFF01216120FBF7FBFF00216A204E
:10484000FBF7F7FF11219020FBF7F3FF4FF4C06156
:104850009220FBF7EEFF40F202419320FBF7E9FFC5
:1048600002219420FBF7E5FF142001F051FC012107
:104870000720FBF7DEFF142001F04AFC612107202E
:10488000FBF7D7FF40F273110720FBF7D2FF00219F
:104890002020FBF7CEFF00212120FBF7CAFF2221B9
:1048A0000020FBF7C6FF11E3794880884CF20551E0
:1048B00088427CD100210846FBF7BBFF0021084657
:1048C000FBF7B7FF142001F023FC00210846FBF79B
:1048D000B0FF00210846FBF7ACFF00210846FBF7BC
:1048E000A8FF00210846FBF7A4FF0121A420FBF745
:1048F000A0FF142001F00CFC4FF41C516020FBF7CA
:1049000098FF40F606010820FBF793FF40F2037181
:104910003020FBF78EFF01213120FBF78AFF0421B5
:104920003220FBF786FF4FF481713320FBF781FFC4
:104930004FF440713420FBF77CFF40F20311352027
:10494000FBF777FF1F213620FBF773FF40F203715F
:104950003720FBF76EFF01213820FBF76AFF0421A7
:104960003920FBF766FF15219020FBF762FF4FF41B
:1049700082611020FBF75DFF40F247211120FBF719
:1049800058FF4FF4DE711220FBF753FF4FF46061C4
:104990001320FBF74EFF782001F0BAFB4FF4807133
:1049A0000120FBF746FF4FF40071022000E052E0C7
:1049B000FBF73FFF41F230010320FBF73AFF0821EC
:1049C0000A20FBF736FF00210C20FBF732FF2021E5
:1049D0000E20FBF72EFF00210F20FBF72AFF0021FE
:1049E0002020FBF726FF00212120FBF722FF3D219D
:1049F0002A20FBF71EFF142001F08AFB2D2129201D
:104A0000FBF717FF00215020FBF713FF4DF2EF01DA
:104A10005120FBF70EFF00215220FBF70AFF40F266
:104A20003F115320FBF705FF00216120FBF701FF39
:104A300000216A20FBF7FDFE4FF440719220FBF746
:104A4000F8FE05219320FBF7F4FE4FF48071072058
:104A5000FBF7EFFE3AE20E48808844F2315188427B
:104A60007ED101210020FBF7E4FE0A2001F050FB7B
:104A700041F228611020FBF7DCFE0E211220FBF72B
:104A8000D8FE40F639211320FBF7D3FE0A2001E0BF
:104A90003804002001F03CFB40211120FBF7C9FE47
:104AA00050211520FBF7C5FE0A2001F031FB1E2125
:104AB0001220FBF7BEFE0A2001F02AFB4FF4B15191
:104AC0001020FBF7B6FE42F639211320FBF7B1FEAA
:104AD0000A2001F01DFB4FF480710120FBF7A9FEB5
:104AE0004FF440710220FBF7A4FE41F2380103208D
:104AF000FBF79FFE40F202210820FBF79AFE0821F7
:104B00000A20FBF796FE00213020FBF792FE40F2D0
:104B100002413120FBF78DFE4FF483713220FBF709
:104B200088FE40F203513320FBF783FE4FF482717D
:104B30003420FBF77EFE40F201313520FBF779FE91
:104B400040F207713620FBF774FE40F20531372042
:104B5000FBF76FFE4FF402713820FBF76AFE00E0AE
:104B60003EE040F60B713920FBF763FE0221412045
:104B7000FBF75FFE4FF41C516020FBF75AFE01214A
:104B80006120FBF756FE4FF404719020FBF751FEB5
:104B90004FF485719220FBF74CFE04219320FBF724
:104BA00048FE4FF48071A020FBF743FE012107204F
:104BB000FBF73FFE21210720FBF73BFE23210720C7
:104BC000FBF737FE33210720FBF733FE40F23311AA
:104BD0000720FBF72EFE0021A020FBF72AFE75E13F
:104BE000F748808844F2355188427CD13021152025
:104BF000FBF71FFE10219A20FBF71BFE202111203E
:104C0000FBF717FE43F228411020FBF712FE0221AA
:104C10001220FBF70EFE41F238011320FBF709FECC
:104C2000282001F075FA12210846FBF702FE282021
:104C300001F06EFA43F220411020FBF7FAFD43F237
:104C400038011320FBF7F5FD462001F061FA002141
:104C50003020FBF7EEFD40F202413120FBF7E9FD89
:104C600040F207313220FBF7E4FD4FF4417133206D
:104C7000FBF7DFFD04213420FBF7DBFD40F20141AF
:104C80003520FBF7D6FD40F207713620FBF7D1FD4A
:104C900040F205313720FBF7CCFD4FF4C2613820DC
:104CA000FBF7C7FD4FF4C2613920FBF7C2FD4FF49B
:104CB00080710120FBF7BDFD4FF440710220FBF72E
:104CC000B8FD41F230010320FBF7B3FD40F60801C7
:104CD0000820FBF7AEFD08210A20FBF7AAFD4FF4E0
:104CE0001C51602000E033E0FBF7A3FD01216120AF
:104CF000FBF79FFD4FF49F719020FBF79AFD4FF457
:104D000080719220FBF795FD4FF480719320FBF7A3
:104D100090FD4FF44051A020FBF78BFD1021A32004
:104D2000FBF787FD01210720FBF783FD21210720E9
:104D3000FBF77FFD23210720FBF77BFD33210720B5
:104D4000FBF777FD40F233110720FBF772FDBDE062
:104D50009B48808841F663118842F8D1E220FBF736
:104D60004DFD1D20FBF753FD0220FBF750FD0420F5
:104D7000FBF74DFD642001F083F9E020FBF73EFDD9
:104D80000120FBF744FD0A2001F0C2F9E020FBF707
:104D900035FD0320FBF73BFD0C2001F0B9F90120A4
:104DA000FBF72CFD0A2001F0B3F9E620FBF726FD06
:104DB0002F20FBF72CFDFF20FBF729FDFF20FBF741
:104DC00026FDB020FBF71AFD2020FBF720FD002078
:104DD000FBF71DFD0320FBF71AFD40F21F30FBF728
:104DE00016FD0120FBF713FD40F2DF10FBF70FFD6E
:104DF0000020FBF70CFDB420FBF700FD0420FBF7BF
:104E000006FD40F21F40FBF702FD0020FBF7FFFC10
:104E10002E20FBF7FCFC0020FBF7F9FC0020FBF741
:104E2000F6FC0020FBF7F3FC0020FBF7F0FCB620BB
:104E3000FBF7E4FC0220FBF7EAFC4FF40370FBF7FE
:104E4000E6FC0020FBF7E3FC1720FBF7E0FC152055
:104E5000FBF7DDFC0020FBF7DAFC0020FBF7D7FCBA
:104E6000F020FBF7CBFC0320FBF7D1FC2920FBF75C
:104E7000C5FCD020FBF7C2FC0020FBF7C8FCBE201D
:104E8000FBF7BCFC0520FBF7C2FCFE20FBF7BFFCD8
:104E90000120FBF7BCFC0020FBF7B9FC0020FBF76E
:104EA000B6FC0020FBF7B3FCB820FBF7A7FC0320FF
:104EB000FBF7ADFC0120FBF7AAFCBA20FBF79EFC38
:104EC0000120FBF7A4FC6420FCF70BF90020FCF7A1
:104ED00034F901203B4908604FF6FF70FCF71CFBDA
:104EE00021B000BD2DE9FC4F05460E4617469846F9
:104EF000DDF82C90002001903148808846F60401AE
:104F0000884229D12E488079012825D1AB463546E3
:104F10002B480088C01B401E86B2474628480088A0
:104F2000A0EB0B00401E1FFA80F800202449887176
:104F30002A2048812B20888143463A46314628461C
:104F4000CDF80090FFF7CEFF01201D4988712B207E
:104F500048812A2088811DE0781B401C80B2019086
:104F6000344615E021462846FBF792FCFBF773FC1C
:104F70004FF0000A07E04FF0D840A0F880900AF107
:104F800001001FFA80FA01988245F4DB601C84B2AC
:104F90004445E7DDBDE8FC8F2DE9F84F07460D4697
:104FA00090469946DDF828B0A8EB0700401C1FFA90
:104FB00080FAA9EB0500401C80B20090002418E0A4
:104FC00038040020BC824042281981B23846FBF7E1
:104FD0005FFCFBF740FC002607E004FB0A603BF89F
:104FE0001000F8490880701C86B25645F5DB601C3D
:104FF00084B200988442E7DBBDE8F88F2DE9FF4FCB
:1050000084B081468A460020039002900698A0EB67
:1050100009050798A0EB0A06CDF80490CDF800A08A
:10502000002D01DD012705E00DB9002702E04FF05A
:10503000FF376D42002E02DD4FF0010806E016B981
:105040004FF0000802E04FF0FF387642B54201DD34
:105050002C4600E034464FF0000B21E0009A91B25C
:10506000019A90B2FBF76DFF0398284403900298D1
:10507000304402900398A04205DD0398001B039082
:105080000198384401900298A04205DD0298001B67
:1050900002900098404400900BF101001FFA80FB41
:1050A000601C8345DADD08B0BDE8F08FF0B504463A
:1050B0000D4616461F462B46324629462046FFF728
:1050C0009DFF3B46224629462046FFF797FF3B4679
:1050D000324639462046FFF791FF3B463246294685
:1050E0003046FFF78BFFF0BD2DE9F04306460F4633
:1050F0009046002445460320A0EB48093CE07A1B7B
:1051000091B2321990B2FBF71CFF3A1B91B272199F
:1051100090B2FBF716FF3A1991B2721990B2FBF7F1
:1051200010FF7A1991B2321990B2FBF70AFF7A197F
:1051300091B2321B90B2FBF704FF3A1991B2721B85
:1051400090B2FBF7FEFE7A1B91B2321B90B2FBF7D6
:10515000F8FE3A1B91B2721B90B2FBF7F2FE641C90
:10516000B9F1000F03DAA000801D814404E0601B48
:1051700080000A3081446D1EAC42C0DDBDE8F08382
:105180002DE9F84F80460E4617461C46B34620468A
:10519000E31704EB5373DB1021464FEAE47C04EB86
:1051A0005C7C4FEAEC0CA4EBCC0CBCF1000F02D001
:1051B0004FF0010C01E04FF0000C6344224604EB79
:1051C000D27C4FEA6C0C03FB0CF3DBB20093A7F12B
:1051D0002000C7B2002556E00C2C07D107EB470092
:1051E000794901EB800010F8059013E0102C05D1EF
:1051F000764800EB071010F805900BE0182C07D14B
:1052000007EBC700724901EB800010F8059001E040
:10521000BDE8F88F4FF0000A2FE009F0800030B1B0
:105220006C48028831464046FBF799FE07E00A9831
:1052300028B96948028831464046FBF790FE4FEA9C
:1052400049604FEA1069701C86B264484088B042D9
:1052500000DCDDE7A6EB0B00A0420AD15E4608F1B8
:1052600001001FFA80F85D480088404500DCCFE768
:1052700006E00AF1010000F0FF0ABAF1080FCCDBEA
:1052800000BF681CC5B200988542A5DB00BFBFE720
:1052900010B50246012000E050430B1EA1F10104AD
:1052A000E1B2F9D110BD2DE9FF4F81B0074691461B
:1052B0001E460E9D4FF0000A002439E0301B401EB0
:1052C000C1B20A20FFF7E4FFB9FBF0F00A21B0FBFE
:1052D000F1F201FB1208BAF1000F16D1701EA042C4
:1052E00013DDB8F1000F0ED10020AB4605EBDB71EA
:1052F000491001FB0471009088B22B4620220299CC
:10530000FFF73EFF12E04FF0010A0020AB4605EB2D
:10531000DB71491001FB0471009088B208F1300183
:10532000CAB22B460299FFF72BFF00BF601CC4B224
:10533000B442C3DB05B0BDE8F08F2DE9FF4F82B06A
:10534000064692461F46DDE90F48002001900025E1
:105350005CE0781B401EC1B20A20FFF799FFBAFB40
:10536000F0F00A21B0FBF1F201FB1209019840BBF9
:10537000781EA84236DDB9F1000F31D108F0800067
:1053800078B108F00100A34604EBDB71491001FB82
:105390000561009088B2234630220399FFF7F0FEA2
:1053A0000EE008F00100A34604EBDB71491001FB9D
:1053B0000561009088B2234620220399FFF7E0FEA2
:1053C00022E00FE08000006CC07B00083480000801
:1053D000248600081404002016040020380400204D
:1053E0000120019008F00100A34604EBDB71491095
:1053F00001FB0561009088B209F13001CAB2234671
:105400000399FFF7BDFE00BF681CC5B2BD42A0DB1B
:1054100006B0BDE8F08F2DE9F84704460D469046EA
:105420009946DDE9096704F0FF0A08EB04001FFA5A
:1054300080F809EB05001FFA80F916E0444502DB0D
:105440005446A81985B24D4500DB14E000200090B9
:105450003A78334629462046FFF792FE304606EB5F
:10546000D07104EB61018CB27F1C38787E2802DC9D
:1054700038782028E2DA00BFBDE8F8871CB50121A2
:10548000112001F0A3FD1C20009000208DF80400E5
:1054900003208DF8050001208DF807006946354886
:1054A00001F012F80120009002208DF807006946F3
:1054B000314801F009F81CBD10B5044614B10120B3
:1054C0002E4908702D480078002837D0102129482F
:1054D00001F05CF878B10821264801F057F850B186
:1054E0000421244801F052F828B10121224801F09A
:1054F0004DF8012822D10A2000F00AFE00201F49A1
:10550000087010211B4801F041F808B9012010BDB6
:105510000821184801F03AF808B90220F7E70421F9
:10552000144801F033F808B90320F0E701211248CC
:1055300001F02CF801281BD10420E8E710210D48C8
:1055400001F024F8012813D108210A4801F01EF8BF
:1055500001280DD10421074801F018F8012807D1CE
:105560000121054801F012F810B901200349087023
:105570000020CCE700100240000002401804002088
:105580001CB50121022001F021FD4FF44070009074
:1055900001208DF8040000208DF8060003208DF80E
:1055A000050001208DF807006946FA4800F08CFFDD
:1055B0000120F9490860F949C1F8A4021CBD10B5E1
:1055C000F448006820F44020F2490860084600686A
:1055D00040F4802008600120EF49091D0860EF4970
:1055E000C1F8A002042000F04BFD0020EA49091D8B
:1055F0000860042000F044FD0020E849C1F8A00242
:1056000010BD10B5E348006820F44020E14908606F
:105610000846006840F4802008600020DE490860E9
:10562000DE49C1F8A402042000F02AFD0120DA4975
:105630000860DA49C1F8A402042000F021FD10BD81
:1056400010B50024D348006820F44020D1490860F8
:105650000846006808600120CF49091D086000F075
:105660000FFD0120CD49C1F8A00200F009FD07E0BF
:10567000601CC4B2FA2C03DDFFF7C3FF012010BD8C
:10568000C5487C3800680028F2D1C349086000BFD3
:10569000F5E710B50020C0490860BE48006820F456
:1056A0004020BC4908600846006840F4802008603B
:1056B0000020BA49C1F8A402022000F0E1FC012058
:1056C000B5490860022000F0DBFC0020B349C1F8B6
:1056D000A00210BD10B50020AF490860AD480068B9
:1056E00020F44020AB4908600846006840F4802060
:1056F00008600120A949C1F8A402022000F0C0FC02
:105700000120A5490860022000F0BAFC0020A3494E
:10571000C1F8A00210BD70B504469E48006820F490
:1057200040209C4908600846006840F480200860DA
:10573000002099490860002517E0E0099649091DF5
:1057400008606006040E022000F09AFC01209349D4
:10575000C1F8A002022000F093FC00208E490860EE
:10576000022000F08DFC681CC5B2082DE5DB70BD81
:1057700070B5054600248748006820F4402085491C
:105780000860084600680860002616E0002082498C
:105790000860022000F074FC01208049C1F8A002DA
:1057A0006006040E7C487C38006808B1601CC4B2F6
:1057B000012000F065FC701CC6B2082EE6DB15B9AE
:1057C000FFF788FF01E0FFF764FF204670BD1CB5BE
:1057D0000121022001F0FAFBC020009001208DF889
:1057E000040000208DF8060003208DF8050001203C
:1057F0008DF807006946674800F066FE012066499B
:10580000083908606549C1F89C021CBD10B56148A3
:10581000006820F440405F4908600846006840F492
:105820008040086001205C49091F086000F028FCE6
:1058300001205A49C1F89802022000F021FC002002
:105840005549091F0860022000F01AFC0020534946
:10585000C1F8980210BD10B54E48006820F44040D1
:105860004C4908600846006840F480400860002009
:105870004949091F0860012000F002FC0120474946
:10588000C1F89802022000F0FBFB01204249091FE9
:105890000860022000F0F4FB10BD10B500243D4864
:1058A000006820F440403B490860084600680860F2
:1058B00001203949091F086000F0E2FB0120374947
:1058C000C1F8980200F0DCFB07E0601CC4B2FA2CBF
:1058D00003DDFFF7C0FF012010BD2F4884380068AA
:1058E0000028F2D12C490839086000BFF4E710B550
:1058F0002848006820F440402649086008460068AF
:1059000040F48040086000202349091F08600120FE
:1059100000F0B6FB01202149C1F89802022000F0F6
:10592000AFFB00201C4908390860012000F0A8FBEB
:1059300010BD10B51748006820F4404015490860B4
:105940000846006840F48040086001201249091FA1
:10595000086000F095FB01201049C1F89802022070
:1059600000F08EFB00200C4908390860012000F08F
:1059700087FB10BD70B504460648006820F440401F
:10598000044908600846006840F48040086000252B
:105990001EE0000000040240A0824042008040421D
:1059A000E009FE4908606006040E012000F068FB73
:1059B0000120FB49C1F89802022000F061FB0020A1
:1059C000F649091F0860012000F05AFB681CC5B2A7
:1059D000082DE5DB0120F1490860F248006820F459
:1059E0004040F0490860084600680860022000F066
:1059F00047FB0120EA49C1F89802022000F040FB71
:105A0000E6488038006840B10020E449091F08607A
:105A1000022000F035FB002070BD0020DF49091F87
:105A20000860022000F02CFB0120F5E770B5054668
:105A30000024DC48006820F44040DA490860084649
:105A400000680860002617E00020D449091F08609C
:105A5000012000F015FB0120D149C1F89802600631
:105A6000040ECE488038006808B1601CC4B2012022
:105A700000F006FB701CC6B2082EE5DB15B9FFF777
:105A800058FF01E0FFF733FF204670BD10B5044614
:105A9000FFF7BCFE7820FFF76DFF0020FFF76AFFDD
:105AA0002046FFF767FFFFF7D6FE10BD10B504468E
:105AB000FFF7ACFE7820FFF75DFF4020FFF75AFFAD
:105AC0002046FFF757FFFFF7C6FE10BD70B504462E
:105AD0000D461DB1E0B2FFF7E9FF02E0E0B2FFF7CB
:105AE000D5FF70BD70B504460D4605F1B00000212C
:105AF000FFF7ECFFA11CC1F3031141F010000021DE
:105B0000FFF7E4FFA11C01F00F000021FFF7DEFF0B
:105B100070BD70B5002418E004F1B0000021FFF75B
:105B2000D5FF00210220FFF7D1FF00211020FFF751
:105B3000CDFF002505E001210020FFF7C7FF681C0D
:105B4000C5B2802DF7DB601CC4B2082CE4DB70BD4D
:105B500070B5002418E004F1B0000021FFF7B6FF93
:105B600000210220FFF7B2FF00211020FFF7AEFF57
:105B7000002505E00121FF20FFF7A8FF681CC5B242
:105B8000802DF7DB601CC4B2082CE4DB70BD10B5BF
:105B90000021AE20FFF79AFF00210220FFF796FFB9
:105BA00000211020FFF792FF00214020FFF78EFF19
:105BB00000218120FFF78AFF0021CF20FFF786FF19
:105BC0000021A120FFF782FF0021C820FFF77EFF00
:105BD0000021A620FFF77AFF0021A820FFF776FF1B
:105BE00000213F20FFF772FF0021D320FFF76EFF57
:105BF00000210846FFF76AFF0021D520FFF766FF66
:105C000000218020FFF762FF0021D920FFF75EFF0F
:105C10000021F120FFF75AFF0021DA20FFF756FF9D
:105C200000211220FFF752FF0021DB20FFF74EFF7B
:105C300000214020FFF74AFF0021A420FFF746FF84
:105C40000021A620FFF742FF0021AF20FFF73EFF13
:105C5000FFF75FFF00210846FFF744FF10BD2DE965
:105C6000F04105460E4617464FF000080024A7F104
:105C7000200000F0FF087F2D02DD0025701CC6B259
:105C800031462846FFF72EFF00240AE008EB4801C2
:105C9000454A02EB4101085D0121FFF717FF601C37
:105CA000C4B2062CF2DBBDE8F0812DE9F0410646D6
:105CB0000D4617464FF000080024A7F1200000F021
:105CC000FF087F2E02DD0026A81CC5B26806010E63
:105CD0003046FFF707FF002408E0344901EB0811C4
:105CE000085D0121FFF7F2FE601CC4B2082CF4DB52
:105CF000012000EB4500C1B23046FFF7F3FE082457
:105D000008E02A4901EB0811085D0121FFF7DEFEDA
:105D1000601CC4B2102CF4DBBDE8F0812DE9F04129
:105D200006460D4617464FF000080024A7F1200054
:105D300000F0FF087F2E02DD0026A81CC5B2680611
:105D4000010E3046FFF7CEFE00240CE008EB4801C0
:105D500001EBC801164A02EB4101085D0121FFF782
:105D6000B5FE601CC4B20B2CF0DB012000EB45003B
:105D7000C1B23046FFF7B6FE0B240CE008EB480139
:105D800001EBC8010A4A02EB4101085D0121FFF75E
:105D90009DFE601CC4B2162CF0DB0BE09C824042DE
:105DA000008040420004024080930008A89500084B
:105DB000889B0008BDE8F0812DE9F04107460D46BB
:105DC000904600260024A8F12000C6B27F2F02DDF5
:105DD0000027281DC5B2A806010E3846FFF782FE2F
:105DE00000240CE006EB460101EBC601374A02EB4A
:105DF0004101085D0121FFF769FE601CC4B2182C47
:105E0000F0DB012000EB8500C1B23846FFF76AFEE7
:105E100018240CE006EB460101EBC6012B4A02EB0D
:105E20004101085D0121FFF751FE601CC4B2302C16
:105E3000F0DB022000EB8500C1B23846FFF752FECE
:105E400030240CE006EB460101EBC6011F4A02EBD1
:105E50004101085D0121FFF739FE601CC4B2482CE6
:105E6000F0DB032000EB8500C1B23846FFF73AFEB5
:105E700048240CE006EB460101EBC601134A02EB95
:105E80004101085D0121FFF721FE601CC4B2602CB6
:105E9000F0DBBDE8F0812DE9F04104460F461546E0
:105EA00000260EE0AA5D39462046FFF7D8FE04F131
:105EB0000800C4B2782C02DD0024B81CC7B2701CE4
:105EC000C6B2A85D0028EDD1BDE8F081889B00082E
:105ED00010B5FFF755FB10BD70B504460026FFF75F
:105EE0006EFB2546E11704EB11610912A02202EBBB
:105EF0004101C8B2FFF70FFCFFF7A2FBE11704EB6B
:105F000011610912A4EB0121C8B2FFF704FCFFF7ED
:105F100097FBFFF754FBA120FFF7FDFBFFF790FB7A
:105F20000020FFF725FC0646FFF76BFB304670BDEF
:105F300070B504460E46FFF742FB2546E11704EB19
:105F400011610912A02202EB4101C8B2FFF7E3FB85
:105F5000FFF776FBE11704EB11610912A4EB0121B5
:105F6000C8B2FFF7D8FBFFF76BFB3046FFF7D3FB58
:105F7000FFF766FBFFF745FB0A2000F0C9F870BD8C
:105F80002DE9F04105460E461746002409E0E200DF
:105F900026FA02F2D1B22A1990B2FFF7C9FF601CAB
:105FA000C4B2BC42F3DBBDE8F0812DE9F041074605
:105FB0000C460026002509E036023919491B491E06
:105FC00088B2FFF789FF0644681CC5B2A542F3DB1F
:105FD0003046BDE8F08110B5FF20FFF77DFF044695
:105FE000552C01D1002010BD5521FF20FFF7A0FF47
:105FF000FF20FFF771FF0446552C01D10020F2E786
:106000000120F0E770B506460C46154608E030461C
:10601000721C96B2FFF760FF04F8010B681E85B290
:10602000002DF4D170BD70B505460C46164606E04D
:1060300021782846FFF77CFF681C85B2641C301E5F
:10604000A6F101018EB2F3D170BD000010B5044677
:106050006FF0040000F094F9E11704EB5171C1F303
:10606000C701394A11701046007800EB4001C1EBBE
:10607000C0104FF6FF7101EAC0003449088010BD1E
:106080000146314A12784A434FF0E0235A61002218
:106090009A611A46126942F001021A6100BF4FF07C
:1060A000E022106900F001021AB100F48032002AE7
:1060B000F5D04FF0E022126922F001024FF0E02308
:1060C0001A6100229A6170470146204A12884A43A9
:1060D0004FF0E0235A6100229A611A46126942F099
:1060E00001021A6100BF4FF0E022106900F00102C6
:1060F0001AB100F48032002AF5D04FF0E022126984
:1061000022F001024FF0E0231A6100229A617047E9
:1061100070B504464FF4077094FBF0F0C6B24FF42C
:10612000077094FBF0F100FB114085B205E04FF4DD
:106130000770FFF7C9FF701EC6B2002EF7D115B168
:106140002846FFF7C1FF70BD1A0400201C04002080
:10615000014600BF704700BF4C4A128802F040025F
:10616000002AF9D0C2B2494B9A80704710B588B066
:1061700004460121084600F029FF0121102000F00B
:106180007FFF07220921424800F029FA07220A214D
:106190003F4800F024FA4FF4C060069002208DF8CA
:1061A0001C008DF81D0000208DF81E0001208DF8C8
:1061B0001F0006A9364800F087F902940020ADF8C8
:1061C0000C00ADF80E00ADF81000ADF814000C2076
:1061D000ADF8120002A92D4801F0B3F801212B48B7
:1061E00001F037F9012240F22551284801F0E7F982
:1061F00025208DF8040003208DF805008DF8060099
:1062000001208DF8070001A800F06DF808B010BD5E
:1062100010B540F225511D4801F00CFA10B31B488F
:1062200001F046F9C4B21B48008800F40040C8B928
:106230001848008800F4804060B10A2C03D0002088
:106240001449088020E01348008840F400401149B8
:10625000088019E00D2C06D10E48008840F48040DB
:106260000C49088010E00B480088C0F30D000A4973
:106270000C5408480088401C0649088008460088DD
:10628000C72801DD0020088010BD0000001001407B
:1062900000000240240400204604002009488047F2
:1062A00009480047FEE7FEE7FEE7FEE7FEE7FEE7F8
:1062B000FEE7FEE7FEE7FEE704480549054A064B10
:1062C0007047000089060008890100087005002059
:1062D000700B002070070020700700203249014336
:1062E000324A1160704770B5002100230F22C47834
:1062F0001CB32E4C246804F4E064C4F5E064C4F3D9
:106300000721C1F10404E3B20A4144789C40E1B2A0
:106310008478144021430C07210E254C05786155E3
:10632000047804F01F050124AC4005786D11AD0020
:1063300005F1E025C5F8004109E0047804F01F05E7
:106340000124AC401B4D0678761145F8264070BDFF
:10635000194A0A400243154B1B1F1A60704739B196
:10636000124A121D12680243104B1B1D1A6006E0F0
:106370000E4A121D126882430C4B1B1D1A60704797
:10638000042808D14FF0E021096941F004014FF0E1
:10639000E022116107E04FF0E021096921F00401DA
:1063A0004FF0E022116170470000FA050CED00E0AB
:1063B00000E400E080E100E080FFFF1F10B504462C
:1063C0009848844208D10121084600F06AFE002165
:1063D000012000F066FE76E09348844208D1012156
:1063E000022000F05EFE0021022000F05AFE6AE06A
:1063F0008E48844208D10121042000F052FE002181
:10640000042000F04EFE5EE08948844208D101215C
:10641000082000F046FE0021082000F042FE52E075
:106420008448844208D10121102000F03AFE002166
:10643000102000F036FE46E07F48844208D101215A
:10644000202000F02EFE0021202000F02AFE3AE05D
:106450007A48844208D10121402000F022FE002128
:10646000402000F01EFE2EE07548844208D1012134
:10647000802000F016FE0021802000F012FE22E0B5
:106480007048844208D10121801500F00AFE0021E5
:10649000A01500F006FE16E06B48844208D10121E9
:1064A000401500F0FEFD0021601500F0FAFD0AE045
:1064B0006648844207D10121001500F0F2FD002159
:1064C000201500F0EEFD10BDF0B50A4600210023B6
:1064D000002400BF3DE0012505FA01F3156805EA37
:1064E00003049C4234D105684F000326BE40B543E7
:1064F000056015794E00B54006683543056015798D
:10650000012D02D01579022D16D185684F00032682
:10651000BE40B543856055794E00B5408668354329
:106520008560456801268E40B5434560456896798B
:106530008E40B6B235434560C5684F000326BE4065
:10654000B543C560D5794E00B540C6683543C560D2
:10655000491C1029BFD3F0BD4FF6FF710160002127
:10656000017141718171C171704708B54FF480327A
:106570000092009A0A430092009AC261C161009A97
:10658000C261C2690092C269009208BD0246002041
:1065900013690B400BB1012000E000207047014659
:1065A000086980B270470246002053690B400BB166
:1065B000012000E0002070470146486980B2704722
:1065C00001837047418370470AB1018300E0418332
:1065D00070474161704742694A4042617047F0B577
:1065E000002300244D07ED0E02FA05F3CE1000F152
:1065F000200555F826504E07F70E0F26BE40B5432E
:10660000CF1000F1200646F82750CE1000F12005EB
:1066100055F8265045EA0304CE1000F1200545F850
:106620002640F0BD00000240000402400008024085
:10663000000C02400010024000140240001802400A
:10664000001C0240002002400024024000280240BA
:1066500030B943F2DB028100A1F1C0410A6005E0DC
:1066600043F2D2028100A1F1C0410A606FF0704292
:10667000411C8900A1F1C0410A608100A1F1C04123
:10668000C1F804217047D0E901121143C2681143D7
:10669000026911434269114382691143C26911437E
:1066A000026A1143426A1143826A1143C26A11436A
:1066B000026B114302689200A2F1C042116081682E
:1066C00008290BD101688900A1F1C041096841F096
:1066D000400201688900A1F1C0410A60416B09686C
:1066E000426B526841EA0211426B926841EA022110
:1066F000426B928941EA0241426B128A41EA02519D
:10670000426B127D41EA0261426B92691143026859
:10671000521C9200A2F1C0421160C16AB1F5804FD3
:106720001BD1816B0968826B526841EA0211826B4E
:10673000926841EA0221826B128A41EA0251826B1D
:10674000127D41EA0261826B9269114302689200F4
:10675000A2F1C042C2F8041107E06FF07042016874
:106760008900A1F1C041C1F80421704700210160F6
:106770000221416000218160C1600161416181614C
:10678000C16101624FF48051416249008162002180
:10679000C1620163F84941638163704751B182006E
:1067A000A2F1C042126842F001038200A2F1C0428D
:1067B000136009E08200A2F1C0421268EF4B1A4058
:1067C0008300A3F1C0431A60704710280AD1182132
:1067D0004FF020421166402151664FF0FC31916626
:1067E000D16610E01821E64A116040214FF02042A6
:1067F000C2F884104FF0FC31E14A083211604FF0CA
:106800002042C2F88C10704730B5002100220023CE
:10681000446844F0080485682C43C5682C43056926
:106820002C43456944EA4524856944EA4531C469F5
:106830002468C5696D6844EA0524C5692D8944EA60
:106840000544C5692D7B44EA0562046A2468056A2B
:106850006D6844EA0524056A2D8944EA0544056A01
:106860002D7B44EA05630468102C05D14FF02044C9
:106870002166A266E36608E0C14C21604FF0204427
:10688000C4F88820BE4C0C34236030BD1021016058
:10689000002141608160C160016141618161FC2131
:1068A000C2691160C2695160C2699160C269D160F8
:1068B000026A1160026A5160026A9160026AD160E4
:1068C000704799B1102808D14FF02042126E42F063
:1068D00004024FF020431A661DE0A94A126842F0F4
:1068E00004024FF02043C3F8802014E0102809D19F
:1068F0004FF02042126EA14BDB1E1A404FF0204396
:106900001A6608E09E4A12689C4BDB1E1A404FF044
:106910002043C3F88020704799B1102808D14FF068
:106920002042126E42F040024FF020431A661DE0F2
:10693000934A126842F040024FF02043C3F880208F
:1069400014E0102809D14FF02042126E8B4B3F3BD0
:106950001A404FF020431A6608E0894A1268874BB4
:106960003F3B1A404FF02043C3F880207047014658
:106970000020102903D14FF02042506F02E0804ADE
:1069800014321068704718207D49203108600020BB
:106990000906C1F8A4004FF0FC307949283108609D
:1069A000091D0860091D08607047016841F0100169
:1069B000426841EA4221826841EA4231704A20320B
:1069C0001160C1680968C268526841EA0221C26860
:1069D000128941EA0241C268127B41EA0261684AB7
:1069E00028321160016909680269526841EA02218E
:1069F0000269128941EA02410269127B41EA02619D
:106A00005F4A2C321160416909684269526841EA63
:106A100002214269128941EA02414269127B41EA3C
:106A200002614FF02042C2F8B010704700210160AF
:106A300041608160FC21C2681160C2685160C26817
:106A40009160C268D1600269116002695160026997
:106A500091600269D1604269116042695160426986
:106A600091604269D160704748B145492031096859
:106A700041F004014FF02042C2F8A01009E0404963
:106A8000203109683D4AD21E11404FF02042C2F821
:106A9000A010704710B5F2B1102807D14FF0204375
:106AA0005B6E0B434FF02044636632E0B0F5807FAD
:106AB00008D1334B1B1D1B680B434FF02044C4F817
:106AC000843026E02E4B24331B680B434FF02044C8
:106AD000C4F8A4301DE0102807D14FF020435B6EAE
:106AE0008B434FF02044636613E0B0F5807F08D1FC
:106AF000234B1B1D1B688B434FF02044C4F884308C
:106B000007E01F4B24331B688B434FF02044C4F82D
:106B1000A43010BD10B5024600200023102A03D176
:106B20004FF02044636E09E0B2F5807F03D1144C2E
:106B3000241D236802E0124C2434236803EA010474
:106B40000CB1012000E0002010BD102807D14FF04B
:106B50002042526E8A434FF020435A6619E0B0F546
:106B6000807F0FD1064A121D12688A434FF02043DE
:106B7000C3F884200DE00000609E0008FEFF0F00B7
:106B8000800000A0234A12688A434FF02043C3F8D4
:106B9000A420704770B50246002000230024002581
:106BA000102A03D14FF02046736E08E0B2F5807FC3
:106BB00003D1184E203E336801E0164E336803EAD5
:106BC000010403EAD10514B10DB1012000E0002059
:106BD00070BD102808D14FF02042526E22EAD10237
:106BE0004FF020435A6614E0B0F5807F09D1094A7E
:106BF000203A126822EAD1024FF02043C3F88420E1
:106C000007E0044A126822EAD1024FF02043C3F899
:106C1000A4207047A40000A0F948006840F00100DB
:106C2000F74908600020F64908310860F448006818
:106C3000F4490840F2490860F348091D0860F34828
:106C4000EF4984310860F0481038091D0860EC48AD
:106C5000006820F48020EA4908600020E8490C31EF
:106C60000860E7498C31086070470021E44A921CB3
:106C7000117011460870704710B5014600220023BC
:106C800000204A11012A02D1DD4C236808E0022AC3
:106C900003D1DB4C7034236802E0D94C7434236890
:106CA00001F01F02012494401C400CB1012000E0BF
:106CB000002010BD38B5002000900024002500BF42
:106CC0003120FFF7D9FF05460098401C009000983E
:106CD000B0F5A04F01D0002DF2D03120FFF7CCFF4E
:106CE00008B1012400E00024204638BD0146002000
:106CF000C34A106820F0F80040EAC10010607047F5
:106D0000C349086070470021BD4A7032117011708C
:106D1000012802D004280AD104E00121B84A7032C7
:106D2000117005E00521B64A7032117000E000BF15
:106D300000BF7047B7490860704770B5049C41EACE
:106D400082150126C6EB530645EA0645054345EA8A
:106D50000465AB4E361D356070BDAD4908667047A1
:106D6000820142EA0172A64B84331A607047A84937
:106D70008866704710B5830143EA016343EA0273F2
:106D80009F4C8834236010BDA14908677047A04913
:106D9000C864704702460020994B0833186820F0F9
:106DA000EC6042EA01031843954B083318607047C2
:106DB00002460020924B0833186820F0784042EADF
:106DC000010318438E4B08331860704701460020BA
:106DD0008B4A0832106820F00300084310607047A7
:106DE00087480830006800F00C007047014600201A
:106DF000834A0832106820F0F000084310607047A2
:106E0000014600207E4A0832106820F4E050084312
:106E10001060704701460020794A0832106820F45B
:106E2000604040EAC10010607047F0B500210022C8
:106E30000024022500260223714F08373F6807F01F
:106E40000C0121B1042905D0082937D105E0724F82
:106E5000076036E0714F076033E0694F3F1D3F68C0
:106E6000C7F38056664F3F1D3F6807F03F036EB182
:106E70006A4FB7FBF3F7DFF888C10CF1040CDCF8BC
:106E800000C0CCF3881C07FB0CF40CE0624FB7FB8E
:106E9000F3F7DFF86CC10CF1040CDCF800C0CCF3A4
:106EA000881C07FB0CF4564F3F1D3F68C7F3014792
:106EB0007F1C7D00B4FBF5F7076002E0564F0760CA
:106EC00000BF00BF4E4F08373F6807F0F0010909C7
:106ED000534F7A5C0768D7404760494F08373F688F
:106EE00007F4E051890A4E4F7A5C4768D7408760C3
:106EF000434F08373F6807F46041490B484F7A5CBD
:106F00004768D740C760F0BD002100F44072B2F579
:106F1000407F0AD13A4A0832116821F4F811414AF7
:106F200002401143364A08321160354A7032126805
:106F3000C0F30B031A43324B70331A607047354964
:106F40004439086070473349403908607047364912
:106F50000860704701460020294A8C32106820F0F2
:106F60001F004A1E1043264A8C32106070470146AB
:106F70000020234A8C32106820F4F8504A1E40EA60
:106F800002201F4A8C3210607047014600201C4AC4
:106F90008C32106820F4401008431060704701469E
:106FA0000020174A8C32106820F44000084310601B
:106FB000704701460020124A8C32106820F440309D
:106FC00008431060704719490860704739B10C4A8E
:106FD0003032126802430A4B30331A6006E0084A26
:106FE000303212688243064B30331A607047F9B171
:106FF000034A343212680243014B34331A601CE0F6
:1070000000380240FFFFF6EA103000240030002074
:1070100000004742800E47420024F40000127A002C
:1070200026040020FFFCFF0F5C014742E0114742AD
:107030008F4A126882438E4B1A60704739B18C4A6E
:10704000121D126802438A4B1B1D1A6006E0884A13
:10705000121D12688243864B1B1D1A60704739B19E
:10706000834A0C3212680243814B0C331A6006E0EB
:107070007F4A0C32126882437D4B0C331A60704792
:1070800039B17B4A103212680243794B10331A60CF
:1070900006E0774A103212688243754B10331A604B
:1070A000704739B1724A243A12680243704B243B4C
:1070B0001A6006E06E4A243A126882436C4B243B05
:1070C0001A60704739B16A4A203A12680243684B25
:1070D000203B1A6006E0664A203A12688243644BFD
:1070E000203B1A60704739B1614A1C3A126802436A
:1070F0005F4B1C3B1A6006E05D4A1C3A12688243F3
:107100005B4B1C3B1A60704739B1594A143A1268FC
:107110000243574B143B1A6006E0554A143A126872
:107120008243534B143B1A60704739B1504A103AAE
:10713000126802434E4B103B1A6006E04C4A103A6C
:10714000126882434A4B103B1A60704739B1484A73
:107150001C3212680243464B1C331A6006E0444A54
:107160001C3212688243424B1C331A60704739B19B
:107170003F4A2032126802433D4B20331A6006E03A
:107180003B4A203212688243394B20331A607047E1
:1071900039B1374A243212680243354B24331A601E
:1071A00006E0334A243212688243314B24331A609A
:1071B000704739B12E4A2C32126802432C4B2C33C3
:1071C0001A6006E02A4A2C3212688243284B2C337C
:1071D0001A60704739B1264A303212680243244B94
:1071E00030331A6006E0224A303212688243204B64
:1071F00030331A607047012808D11D493C310968B5
:1072000041F008011A4A3C32116007E018493C314C
:10721000096821F00801164A3C321160704739B103
:10722000134A273A12780243114B273B1A7006E0A3
:107230000F4A273A127882430D4B273B1A7070474A
:107240000B484030006840F08070094940310860C8
:10725000704701460020064A283A12680A400AB1DF
:10726000012000E00020704701492639087070476E
:107270003438024010B50446FA48844208D101214E
:107280001020FFF752FF00211020FFF74EFF57E0BC
:10729000F548844209D101214804FFF735FF002158
:1072A0004FF40030FFF730FF4AE0F048844209D144
:1072B00001218804FFF728FF00214FF48020FFF709
:1072C00023FF3DE0EA48844209D10121C804FFF7C9
:1072D0001BFF00214FF40020FFF716FF30E0E548C8
:1072E000844209D101210805FFF70EFF00214FF468
:1072F0008010FFF709FF23E0DF48844208D1012115
:107300002020FFF712FF00212020FFF70EFF17E0DB
:10731000DA48844209D101218807FFF7F5FE0021F0
:107320004FF08040FFF7F0FE0AE0D548844207D1D5
:1073300001214005FFF7E8FE00216005FFF7E4FEAC
:1073400010BD2DE9FF4705460E460024A14600BFAB
:10735000A046B08900B100BF2C8A24F44054F088C4
:1073600004432C82AC8941F20C608443B08831899B
:107370000843718908430443AC81AC8A24F4407407
:10738000B0890443AC826846FFF74FFDB54885429B
:1073900002D0B948854202D1DDF80C9001E0DDF859
:1073A0000890A88900F4004040B109EBC90000EB47
:1073B000091031684900B0FBF1F707E009EBC9009B
:1073C00000EB091031688900B0FBF1F76420B7FBCE
:1073D000F0F004012009642101FB1078A88900F471
:1073E000004040B1322000EBC800B0FBF1F000F0EB
:1073F0000700044308E0322000EB08106421B0FBD2
:10740000F1F000F00F0004432C81BDE8FF874FF43A
:107410001651016000218180C18001810C214181D0
:1074200000218181704710B502460020108A20F4A7
:1074300070600B884C8823438C882343CC8823437B
:107440001843108210BD0021018041808180C180DD
:10745000704721B1828942F40052828104E082891E
:107460004DF6FF731A4082817047028B02F47F420F
:107470000283028B0A430283704721B1828942F45E
:107480000042828103E08289C2F30E02828170474A
:1074900021B1828A42F40062828204E0828A4FF241
:1074A000FF731A4082827047C1F3080282807047DE
:1074B00001468888C0F308007047028A4FF6F073CF
:1074C0001A400282028A0A430282704721B18289ED
:1074D00042F00202828104E082894FF6FD731A4075
:1074E0008281704782894FF2FF731A4082818289BC
:1074F0000A4382817047028A4FF6DF731A40028284
:10750000028A0A430282704721B1028A42F4804211
:10751000028204E0028A4BF6FF731A40028270472F
:10752000818941F001018181704721B1828A42F055
:107530000802828204E0828A4FF6F7731A40828240
:107540007047028BD2B20283028B42EA012202838D
:10755000704721B1828A42F02002828204E0828A4E
:107560004FF6DF731A408282704721B1828A42F05F
:107570001002828204E0828A4FF6EF731A40828200
:107580007047828A4FF6FB731A408282828A0A43CE
:107590008282704721B1828A42F00202828204E034
:1075A000828A4FF6FD731A40828270471AB1838A2D
:1075B0000B43838202E0838A8B4383827047F0B55A
:1075C0000346002400260025002040F66A17B94231
:1075D00000D100BF1846C1F3421401F01F06012775
:1075E00007FA06F5012C01D10C3004E0022C01D180
:1075F000103000E014301AB107682F43076002E032
:107600000768AF430760F0BD02460020B1F5007F78
:1076100000D100BF13880B400BB1012000E0002017
:10762000704701F40072B2F5007F00D100BFCA4379
:107630000280704770B50246002400230025002018
:1076400040F66A16B14200D100BFC1F3421501F005
:107650001F03012606FA03F3012D13D19689334047
:1076600017E00000001001400044004000480040C6
:10767000004C0040005000400014014000780040E1
:10768000007C0040022D02D1168A334001E0968A28
:1076900033400C12012606FA04F41688344013B164
:1076A0000CB1012000E0002070BD10B500220023C5
:1076B00040F66A14A14200D100BF0A12012494408E
:1076C000A3B2DC43048010BD704700000FB404492E
:1076D00010B503AA029800F0C3F810BC5DF814FBC3
:1076E000200400202DE9F0410E46044600202062CF
:1076F0002046E168884730B3252805D0D4E9012128
:107700009047206A401CF2E7E1682046002788473E
:10771000050018D0A5F14100192802D820354FF4F2
:1077200000673246294620462760F8F787FD40B1BA
:10773000012804D0F61D26F007060836D8E7361DC6
:10774000D6E72846DAE7206ABDE8F08170B504463E
:107750000D4621461068AFF300802188090502D547
:107760000F4A7A4402E00E4A7A440E32002104F1B4
:10777000240305E000F00F060009965D5E54491CE5
:107780000028F7D120780023000704D5702D02D0FF
:1077900009B1022311322046BDE8704000F006B85E
:1077A0001627000070477047704770472DE9F04773
:1077B0000D4699469246044600F124080168880661
:1077C00004D5E06921F01001216000E00120A84209
:1077D00001DD471B00E00027A1697A1902EB0900CF
:1077E000081AA0612078C00602D42046AFF30080BA
:1077F000002608E0D4E901211AF806009047206A23
:10780000401C761C20624E45F4DB2078C0060AD569
:107810002046AFF3008006E0D4E9012130209047F4
:10782000206A401C2062381EA7F10107F4DC07E043
:10783000D4E9012118F805009047206A401C206215
:10784000281EA5F10105F3DC2046AFF30080207867
:10785000000602D50220BDE8F0870120FBE700000A
:10786000074B70B50D467B4400F011F804462846DE
:1078700000F020F810B14FF0FF3070BD204670BD11
:10788000EDE8FFFF01694A1C02610878704700B506
:107890008FB0CDE901310021059105497944CDE949
:1078A000031011466846FFF71DFF0FB000BD000032
:1078B000E5FFFFFF007B00F080007047754600F099
:1078C0002BF8AE4605006946534620F00700854672
:1078D00018B020B5FEF7F0FCBDE820404FF00006E0
:1078E0004FF000074FF000084FF0000B21F00701A8
:1078F000AC46ACE8C009ACE8C009ACE8C009ACE8EB
:10790000C0098D46704710B50446AFF3008020468D
:10791000BDE81040F8F7A6BC0048704710050020ED
:107920004FEA1153A3F58063D3F11E03A8BFD3F12F
:10793000200C08DB4FF0004242EAC12252EA5052CA
:1079400032FA03F0704709420BD4102BC4BF002059
:10795000704703F5787CBCF1FF3F05D04FF0FF3056
:1079600070474FF00000704770B500F0C3F800BFDB
:107970004992248000207047F0E7B0FA80F310FAB3
:1079800003F10AD0C3F11D0303F580634FEA4150B0
:107990004FEA035202EBD12170474FF000007047CD
:1079A000DFF848C170B51CEA111E1EBF1CEA131592
:1079B0009EEA0C0F95EA0C0F00F06F8081EA030439
:1079C00023EA4C134EEAD47E21EA4C1141F4801193
:1079D00043F48013AE44A1FB024CA0FB0365AEF15F
:1079E0007F7E361955EB0C05A1FB034C4CF10003CF
:1079F000A0FB021C16EB0C06654153F10003094283
:107A000018BF46F0010613F4007F0BD14FEA033193
:107A10004FEA0530340341EA155140EA16506FF041
:107A200003020AE04FEAC3214FEAC520F40241EA0B
:107A3000555140EA56506FF0020202EB2E4201EB24
:107A4000025585EACE710AD05FEA440C18BF24F0D3
:107A5000004450F1000041F1000120EAD47040F2EE
:107A6000FE7C624500D270BDA84214BF4FF0804436
:107A70004FF04044002E08BF0024BEF1806FA8BF25
:107A8000A1F1C041BDE8704080F282804FF000005B
:107A900001F1C04101F0004170479EEA0C0F0CEA71
:107AA000131518BF95EA0C0F06D04FF0000081EABD
:107AB000030E0EF0004170BD00F01CF88900013E7D
:107AC00000F007B800F009B84FEA430C5FEA5C5CCD
:107AD00008D081EA030100F05BB84FEA410C5FEA8D
:107AE0005C5CF6D14FF00000014970470000FF07D1
:107AF0000000F87F0EF1020E2EF0030E5EF8046B0C
:107B0000364205D4012A43EB030515F5001F12D8B0
:107B1000012841EB010C1CF5001F0CD80ED14FEAD7
:107B2000D17C15F5001F0CEB4C0C0CF1020C08BFBE
:107B30004CEBD37C04E04FF0080C01E04FEAD37C1F
:107B40000CEB4C0526FA05F606F00706B6F1040C18
:107B500006D20EEB860CBDE870404CF0010C60477D
:107B6000DFE80CF0090B02024FF000414FF000007B
:107B7000A1F5002170BD19461046012851EB010402
:107B800018BFD4F5001484BF002001F0004170BD7F
:107B90000808A0F500114FEA310170474FF040701E
:107BA000E1EE100A70474578706C6F726572205371
:107BB000544D3332463420494943205445535400F0
:107BC00000000000000000000000000000000000B5
:107BD0003F40000000000000000030004000300086
:107BE0004000000009000BC03D000BC03D00090033
:107BF00018C024407FE0224031800000180024C0DB
:107C00001B000D803240018003801C4027401C80F7
:107C1000074000401000600000000000000000006D
:107C20000000000000001F80204040200000402095
:107C300020401F8000000000090006001F80060091
:107C400009000000040004003F800400040000005C
:107C500000100060000000000000000004000400AC
:107C600004000400040000000000004000000000C8
:107C700000000000002001C00600380040000000A5
:107C80001F802040204020401F8000000000104046
:107C90003FC000400000000018C0214022402440A6
:107CA0001840000010802040244024401B80000029
:107CB00002000D0011003FC0014000003C80244044
:107CC00024402440238000001F802440244034406E
:107CD000038000003000200027C038002000000092
:107CE0001B802440244024401B8000001C0022C034
:107CF000224022401F8000000000000008400000D9
:107D0000000000000000000004600000000000000F
:107D1000000004000A001100208040400900090012
:107D20000900090009000000000040402080110007
:107D30000A0004001800200023402400180000005E
:107D40001F802040274029401F400000004007C0FE
:107D500039000F0001C0004020403FC024402440B3
:107D60001B8000001F802040204020403080000009
:107D700020403FC0204020401F80000020403FC0E6
:107D800024402E4030C0000020403FC024402E0040
:107D9000300000000F00108020402240338002009D
:107DA00020403FC0040004003FC02040204020404D
:107DB0003FC02040204000000060202020203FC025
:107DC0002000200020403FC024400B0030C0204055
:107DD00020403FC020400040004000C03FC03C0069
:107DE00003C03C003FC0000020403FC00C402300C7
:107DF0003FC020001F802040204020401F80000006
:107E000020403FC024402400180000001F80214073
:107E1000214020E01FA0000020403FC02440260059
:107E200019C0004018C02440244022403180000086
:107E3000300020403FC020403000000020003F8044
:107E4000004000403F80200020003E0001C00700AD
:107E500038002000380007C03C0007C03800000090
:107E6000204039C0060039C02040000020003840C2
:107E700007C0384020000000304021C02640384074
:107E800020C00000000000007FE0402040200000F3
:107E9000000070000C000380004000000000402043
:107EA00040207FE000000000000020004000200093
:107EB0000000000000100010001000100010001062
:107EC00000000000400000000000000000000280F0
:107ED0000540054003C0004020003FC0044004406E
:107EE00003800000000003800440044006400000BE
:107EF00000000380044024403FC000400000038095
:107F00000540054003400000000004401FC024401D
:107F100024402000000002E00550055006500420D7
:107F200020403FC00440040003C000400000044063
:107F300027C000400000000000100010041027E0DF
:107F40000000000020403FC00140070004C0044082
:107F5000204020403FC000400040000007C0040017
:107F600007C0040003C00000044007C00440040030
:107F700003C0004000000380044004400380000070
:107F8000041007F004500440038000000000038048
:107F90000440045007F00010044007C002400400F1
:107FA00004000000000006400540054004C0000039
:107FB000000004001F80044000400000040007800F
:107FC0000040044007C000400400070004C00180D6
:107FD00006000400060001C0070001C00600000002
:107FE000044006C0010006C0044000000410071051
:107FF00004E00180060004000000044005C00640C3
:10800000044000000000000004007BE0402000006D
:10801000000000000000FFF0000000000000402011
:108020007BE00400000000004000800040002000D1
:1080300020004000000000000000000000000000E0
:10804000000000000000000000001FCC000C000039
:108050000000000000000800300060000800300050
:1080600060000000022003FC1E20022003FC1E20F2
:108070000220000000000E1811043FFF10840C784D
:10808000000000000F0010840F3800C0077818842B
:108090000078000000780F8410C411240E9800E4CA
:1080A0000084000808006800700000000000000064
:1080B0000000000000000000000007E01818200485
:1080C00040020000000040022004181807E00000F1
:1080D000000000000240024001800FF001800240D9
:1080E000024000000080008000800FF800800080C7
:1080F000008000000001000D000E000000000000E4
:1081000000000000000000800080008000800080EF
:10811000008000800000000C000C00000000000047
:10812000000000000000000600180060018006004A
:1081300018002000000007F00808100410040808C8
:1081400007F000000000080408041FFC00040004FD
:108150000000000000000E0C1014102410441184C4
:108160000E0C000000000C181004110411041288F9
:108170000C700000000000E00320042408241FFC11
:108180000024000000001F981084110411041088BE
:1081900010700000000007F008881104110418880E
:1081A0000070000000001C00100010FC13001C00F8
:1081B0001000000000000E38114410841084114497
:1081C0000E38000000000700088C10441044088896
:1081D00007F00000000000000000030C030C00008A
:1081E0000000000000000000000101060000000087
:1081F0000000000000000080014002200410080878
:10820000100400000220022002200220022002208E
:1082100002200000000010040808041002200140A1
:108220000080000000000E001200100C106C108086
:108230000F00000003E00C1813E4142417C40828EE
:1082400007D000000004003C03C41C40074000E4C9
:10825000001C000410041FFC1104110411040E88FA
:108260000070000003E00C18100410041004100843
:108270001C10000010041FFC100410041004080857
:1082800007F0000010041FFC1104110417C41004AF
:108290000818000010041FFC1104110017C0100082
:1082A0000800000003E00C181004100410441C78AF
:1082B0000040000010041FFC108400800080108427
:1082C0001FFC10040000100410041FFC1004100414
:1082D0000000000000030001100110011FFE10004B
:1082E0001000000010041FFC110403801464181C0B
:1082F0001004000010041FFC10040004000400041B
:10830000000C000010041FFC1F0000FC1F001FFCDD
:108310001004000010041FFC0C04030000E01018FF
:108320001FFC100007F008081004100410040808CF
:1083300007F0000010041FFC1084108010801080D3
:108340000F00000007F0081810241024101C080A61
:1083500007F2000010041FFC1104110011C01130BD
:108360000E0C000400000E1C110410841084104434
:108370001C3800001800100010041FFC100410002E
:108380001800000010001FF810040004000410047E
:108390001FF8100010001E0011E0001C0070138078
:1083A0001C0010001FC0103C00E01F0000E0103C4B
:1083B0001FC000001004180C163401C001C0163490
:1083C000180C100410001C00130400FC13041C0003
:1083D000100000000804101C1064108413041C0416
:1083E000101800000000000000007FFE4002400264
:1083F00040020000000030000C0003800060001C00
:108400000003000000004002400240027FFE000026
:10841000000000000000000020004000400040007C
:108420002000000000010001000100010001000126
:10843000000100010000400040002000000000009A
:1084400000000000000000980124014401440144A0
:1084500000FC000410001FFC0088010401040088D7
:108460000070000000000070008801040104010495
:108470000088000000000070008801040104110859
:108480001FFC0004000000F80144014401440144C1
:1084900000C800000000010401040FFC11041104D5
:1084A00011001800000000D601290129012901C985
:1084B0000106000010041FFC0084010001000104FB
:1084C00000FC000400000104190419FC000400046D
:1084D000000000000000000300010101190119FE65
:1084E0000000000010041FFC0024004001B4010C37
:1084F000010400000000100410041FFC000400042C
:1085000000000000010401FC0104010001FC010461
:10851000010000FC010401FC0084010001000104D1
:1085200000FC0004000000F801040104010401043F
:1085300000F80000010101FF00850104010400882A
:1085400000700000000000700088010401040105B3
:1085500001FF00010104010401FC00840104010089
:1085600001800000000000CC01240124012401242A
:108570000198000000000100010007F80104010457
:1085800000000000010001F80004000400040108DC
:1085900001FC0004010001800170000C001001606A
:1085A0000180010001F0010C003001C00030010C1D
:1085B00001F0010000000104018C00740170018CC5
:1085C00001040000010101810171000E0018016029
:1085D0000180010000000184010C01340144018488
:1085E000010C0000000000000000000001003EFC43
:1085F000400240020000000000000000FFFF0000F9
:10860000000000000000400240023EFC01000000AB
:10861000000000000000600080008000400040007A
:10862000200020000000000000000000000000000A
:10863000000000000000000000000000000000003A
:10864000000000000000000000000000000000002A
:10865000000000000000000F80380FFE380F803847
:10866000000000000000000000000000000000000A
:1086700000000100000600000C000038000031007E
:10868000000600000C000038000030000000000070
:108690000000000061800067F807F9800061800039
:1086A00061800061800061800067F807F9800061E7
:1086B0008000000000000000000001C0E003E0F0C6
:1086C0000630080418081FFFFE040E080787F00391
:1086D00081E000000000000001F000060C0004042E
:1086E00008060C7001F9C0000E00003BE000EC1819
:1086F000070808040C180003E00000000001E00077
:1087000007F003F818041C0804170807E1D003C099
:10871000E00023B0003C080020080000100000002A
:108720000000000100003100003200001C000000C9
:108730000000000000000000000000000000000039
:108740000000000000000000000000000000000029
:10875000000000007F0001FFC00780F00C0018102F
:1087600000042000020000000000002000021000B1
:10877000040C00180780F001FFC0007F000000001B
:1087800000000000000000000000000000000000E9
:108790004200006600006600003C0000180003FF75
:1087A000C0001800003C00006600006600004200A7
:1087B0000000000008000008000008000008000099
:1087C000080001FFC00008000008000008000008C1
:1087D000000008000000000000010000310000322D
:1087E00000001C000000000000000000000000006D
:1087F0000000000000000000000000000800000869
:108800000000080000080000080000080000080040
:108810000008000008000008000000000000000040
:1088200000000000380000380000380000000000A0
:108830000000000000000000000000000000000038
:1088400000000000000600001C0000700001800015
:108850000E0000380000C0000700001C00003000BF
:1088600000000000000000007F8001FFE003807036
:1088700006001804000804000806001803807001B0
:10888000FFE0007F80000000000000000000010009
:108890000801000801000803FFF807FFF8000008BE
:1088A00000000800000800000000000000000001B7
:1088B000C03802C0580400980401180402180404C7
:1088C00018061C1803F81801E0F80000000000006A
:1088D00000000001C0E003C0F00400080408080420
:1088E000080806180803F41801E7F00001E000008A
:1088F00000000000000000000300000D0000110057
:1089000000610000810803010807FFF80FFFF8006D
:1089100001080001080000000000000000E007FC62
:10892000D0060808061008061008061008061838B1
:10893000060FF00607C00000000000000000000065
:108940003F8001FFE003843002081804100804107F
:1089500008041008071810030FF00007C0000000FB
:1089600000000000000003C0000700000600000631
:1089700000F80607F806180006E0000700000600E9
:108980000000000000000001E1E003F7F0063410F1
:10899000041808041808040C08040C080616180328
:1089A000F3F001C1E000000000000000F80003FC4B
:1089B0003003063804020804020804020804041004
:1089C0000308F001FFC0007F00000000000000006D
:1089D000000000000000000000000000703800707F
:1089E00038007038000000000000000000000000A7
:1089F0000000000000000000000000000000000077
:108A0000301A00301C0000000000000000000000D0
:108A1000000000000000000000000008000014003A
:108A2000002200004100008080010040020020047C
:108A300000100800080000000000000021000021D4
:108A40000000210000210000210000210000210081
:108A500000210000210000210000000000000000B3
:108A600000000800080400100200200100400080FF
:108A700080004100002200001400000800000000F7
:108A800000000003C00004C0000400000800380813
:108A90000F380808380810000C300007E00003C049
:108AA00000000000000000003F8000FFE003807035
:108AB000020F1006708804C088048308047F8802AF
:108AC000C09003012000FE400000080000180001D3
:108AD000F8003E0801C20007020007E20000FE00A5
:108AE000001FC80001F80000380000080400080753
:108AF000FFF807FFF8040808040808040808040839
:108B00000806180803F41801E7F00001E00000006F
:108B1000000000003F8001FFE003807002001804A5
:108B20000008040008040008040010060020078064
:108B3000C000000004000807FFF807FFF804000861
:108B400004000804000804001802001003807001EB
:108B5000FFE0007F8000000004000807FFF807FF27
:108B6000F8040808040808040808040808043E0873
:108B70000400080600180100600000000400080757
:108B8000FFF807FFF80408080408000408000408B8
:108B900000043E0006000006000001800000000006
:108BA000000000003F8001FFE00380700600180411
:108BB00000080402080402080203F00783F0000220
:108BC0000000020004000807FFF807FFF804080887
:108BD000000800000800000800000800040808075A
:108BE000FFF807FFF8040008000000000000040080
:108BF0000804000804000807FFF807FFF80400084D
:108C0000040008040008000000000000000000004C
:108C10000006000007000001040001040001040038
:108C20000307FFFE07FFFC0400000400000400002F
:108C300004000807FFF807FFF8040C0800180000FC
:108C40003E0004C7800503C80600F804003804008D
:108C50001800000804000807FFF807FFF8040008E0
:108C600000000800000800000800000800000800DC
:108C7000001800006000000004000807FFF80780EB
:108C80000807FC00007FC00003F80007C000780060
:108C900007800807FFF807FFF8040008040008072A
:108CA000FFF807000803C00000E000003800001EC5
:108CB000000007000001C00400F007FFF8040000F6
:108CC000000000007F8001FFE003807006001804B0
:108CD000000804000806001803003001FFE0007FD0
:108CE0008000000004000807FFF807FFF8040408EC
:108CF000040400040400040400040400060C00033F
:108D0000F80001F000000000000000007F8001FF7B
:108D1000E00380700600880400880400C806003C58
:108D200003003E01FFE6007F840000000400080706
:108D3000FFF807FFF8040808040800040C00040FFB
:108D400000040BC00610F003F03801E00800000832
:108D500000000001E0F803F03006301004180804A9
:108D60001808040C08040C080206180207F0078112
:108D7000E000000001800006000004000004000084
:108D800004000807FFF807FFF804000804000004C7
:108D9000000006000001800004000007FFE007FF5C
:108DA000F004001800000800000800000800000897
:108DB00000000804001007FFE004000004000006A3
:108DC000000007E00007FE00041FE00001F80000BB
:108DD000380001E0043E0007C00006000004000067
:108DE00004000007E00007FFC0041FF80007C007E9
:108DF000F80007FF80043FF80007C004F8000700F0
:108E00000004000000000004000806001807C078F5
:108E100005F1C8003E00001F800463E80780F806E3
:108E2000001804000800000004000006000007808D
:108E30000007E008047C08001FF80007F800180885
:108E400004E0080700000600000400000000000124
:108E500000080600380400F80403E8040F08047C46
:108E60000805F00807C008070018040060000000AB
:108E70000000000000000000000000000000003FB3
:108E8000FFFE20000220000220000220000220003D
:108E900002000000000000000000080000070000C1
:108EA00000C0000038000006000001C000003000D3
:108EB000000E000001000000000000000000200083
:108EC000022000022000022000022000023FFFFEDC
:108ED0000000000000000000000000000000000092
:108EE000000000000008000010000030000020001A
:108EF000003000001000000800000000000000002A
:108F0000000001000001000001000001000001005C
:108F1000000100000100000100000100000100004C
:108F2000010000010000000000000000002000001F
:108F300020000010000010000000000000000000F1
:108F400000000000000000000000000000F0001918
:108F5000F8001B180022080026080024080024102E
:108F6000003FF8001FF8000008000018000000048F
:108F7000000007FFF80FFFF000181800100800208D
:108F800008002008003018001FF0000FC00000008B
:108F90000000000007C0001FF0001830002008008B
:108FA0002008002008003C08001C100000600000A1
:108FB000000000000000000007C0001FF00038188B
:108FC00000200800200800200804101007FFF80FF8
:108FD000FFF000001000000000000000000000078B
:108FE000C0001FF0001230002218002208002208E2
:108FF000003208001E10000E2000000000000000DB
:10900000200000200800200801FFF803FFF80620D8
:1090100008042008042008072000030000000000C6
:1090200000000000000E000E6E001FF30031B100C2
:1090300020B10020B1003191001F13002E1E00202E
:109040000E00300000000004000807FFF80FFFF8D2
:10905000001008002000002000002008003FF80059
:109060001FF80000080000000000000000000020C1
:1090700008002008002008063FF8063FF800000816
:1090800000000800000800000000000000000000D0
:109090000000000003000003002001002001002068
:1090A00003063FFE063FFC00000000000000000039
:1090B00000000004000807FFF80FFFF80001880017
:1090C0000300002FC00038F80020380020080000FE
:1090D0000800000000000000000004000804000870
:1090E00004000807FFF80FFFF80000080000080060
:1090F0000008000000000000002008003FF8003FCA
:10910000F8001008002000003FF8003FF8001008A9
:10911000002000003FF8003FF800000800000000B9
:109120002008003FF8003FF8001008001000002061
:1091300000002008003FF8001FF8000008000000B1
:109140000000000007C0000FF000183000300800D9
:109150002008002008003008001830000FF0000739
:10916000C0000000000000002001003FFF003FFFA2
:1091700000101100200900200800200800303800ED
:109180001FF0000FC00000000000000007C0001F1B
:10919000F0003818002008002008002009001011F5
:1091A000001FFF003FFF000001000000002008003A
:1091B0002008002008003FF8003FF80008080010D1
:1091C00008002008002000003000003000000000EF
:1091D000000000000000000C78001E18003308009A
:1091E00023080021080021880021980030F0003871
:1091F00060000000000000002000002000002000AF
:1092000000FFF003FFF800200800200800200800FD
:109210000030000000000000000000002000003FBF
:10922000F0007FF80000180000080000080020107F
:10923000003FF8007FF00000100000000000000078
:109240002000003000003C00003F800023F00000C0
:1092500078000070002380003C00003000002000F7
:10926000002000003C00003FE00023F80000E00088
:109270002700003E00003FE00021F80001E0003E32
:1092800000002000000000002008002008003838FE
:10929000003E680027800003C8002CF80038380022
:1092A000201800200800000000000000200000300E
:1092B00003003C01003F830023EC0000700023808A
:1092C000003C000020000020000000000000000022
:1092D00000000038080020380020F80023E8002FA4
:1092E00088003E08003808002018000070000000C8
:1092F000000000000000000000000000000000006E
:1093000008000014001FF7FC3000062000020000D7
:10931000000000000000000000000000000000004D
:10932000000000000000FFFFFF0000000000000040
:10933000000000000000000000000000000020000D
:10934000023000061FF7FC001400000800000000B7
:1093500000000000000000000000000000000018F5
:1093600000006000004000004000002000001000ED
:10937000000800000400000400000C0000100000C1
:109380000000000000000000002F000000000700A7
:10939000070000147F147F1400242A7F2A12006221
:1093A00064081323003649552250000005030000CD
:1093B00000001C224100000041221C000014083E55
:1093C00008140008083E0808000000A0600000081B
:1093D000080808080000606000000020100804026F
:1093E000003E5149453E0000427F4000004261512D
:1093F0004946002141454B31001814127F100027C7
:1094000045454539003C4A49493000017109050389
:1094100000364949493600064949291E00003636BA
:10942000000000005636000000081422410000141D
:1094300014141414000041221408000201510906FA
:1094400000324959513E007C1211127C007F49497B
:109450004936003E41414122007F4141221C007FAC
:1094600049494941007F09090901003E4149497ABA
:10947000007F0808087F0000417F41000020404134
:109480003F01007F08142241007F40404040007FA0
:10949000020C027F007F0408107F003E4141413EE4
:1094A000007F09090906003E4151215E007F09192C
:1094B00029460046494949310001017F0101003F29
:1094C0004040403F001F2040201F003F4038403FA9
:1094D000006314081463000708700807006151490D
:1094E000454300007F41410000552A552A550000A0
:1094F00041417F000004020102040040404040401E
:10950000000001020400002054545478007F4844B5
:10951000443800384444442000384444487F0038EC
:109520005454541800087E0901020018A4A4A47C15
:10953000007F080404780000447D400000408084DF
:109540007D00007F102844000000417F4000007C27
:1095500004180478007C0804047800384444443833
:1095600000FC242424180018242418FC007C08047F
:10957000040800485454542000043F444020003C58
:109580004040207C001C2040201C003C4030403CDF
:10959000004428102844001CA0A0A07C004464546F
:1095A0004C441414141414140000000000000000B3
:1095B0000000000000000000000000F800000000B3
:1095C000000000333000000000100C06100C0600F4
:1095D000000000000000000040C07840C07840005B
:1095E000043F04043F040400007088FC08300000BD
:1095F000001820FF211E0000F008F000E018000015
:1096000000211C031E211E0000F0088870000000CD
:109610001E2123241927211010160E00000000001F
:109620000000000000000000000000E0180402003C
:10963000000000071820400000020418E0000000AD
:109640000040201807000000404080F080404000AB
:109650000202010F01020200000000F00000000001
:109660000101011F010101000000000000000000D5
:1096700080B070000000000000000000000000004A
:1096800000010101010101010000000000000000D3
:10969000003030000000000000000000806018046E
:1096A000006018060100000000E010080810E0004B
:1096B000000F102020100F00001010F80000000014
:1096C0000020203F2020000000300888884830001B
:1096D0000018202020110E000000C02010F800000B
:1096E00000070424243F240000F8088888080800A4
:1096F0000019212020110E0000E0108888180000B9
:10970000000F112020110E0000380808C83808008A
:109710000000003F0000000000708808088870000A
:10972000001C222121221C0000E010080810E0008B
:109730000000312222110F00000000C0C000000014
:109740000000003030000000000000800000000039
:109750000000806000000000000080402010080031
:1097600000010204081020004040404040404000FA
:1097700004040404040404000008102040800000D5
:109780000020100804020100007048080808F000DA
:109790000000003036010000C030C828E810E000AA
:1097A0000718272423140B000000C038E000000035
:1097B000203C23020227382008F88888887000009F
:1097C000203F202020110E00C03008080808380073
:1097D000071820202010080008F808080810E000EA
:1097E000203F202020100F0008F88888E80810008B
:1097F000203F20202320180008F88888E80810005F
:10980000203F200003000000C03008080838000096
:1098100007182020221E020008F808000008F80897
:10982000203F210101213F20000808F8080800001E
:109830000020203F2020000000000808F808080051
:10984000C08080807F00000008F888C028180800C9
:10985000203F20012638200008F808000000000002
:10986000203F20202020300008F8F800F8F80800F9
:10987000203F003F003F200008F830C00008F808F3
:10988000203F200007183F00E01008080810E00003
:109890000F10202020100F0008F808080808F0001A
:1098A000203F210101010000E01008080810E0003D
:1098B0000F18242438504F0008F8888888887000D2
:1098C000203F2000030C3020007088080808380072
:1098D0000038202121221C00180808F80808180068
:1098E0000000203F2000000008F808000008F808E9
:1098F000001F202020201F000878880000C838089A
:10990000000007380E010000F80800F80008F80011
:10991000033C0700073C03000818688080681808AB
:1099200020302C03032C30200838C800C838080029
:109930000000203F2000000010080808C838080078
:109940002038262120201800000000FE020202001C
:109950000000007F40404000000C30C000000000CC
:10996000000000010638C00000020202FE000000F4
:10997000004040407F00000000000402020204009A
:1099800000000000000000000000000000000000D7
:1099900080808080808080800002020400000000BF
:1099A00000000000000000000000808080800000B7
:1099B0000019242222223F2008F8008080000000A5
:1099C000003F112020110E00000000808080000068
:1099D000000E112020201100000000808088F80077
:1099E000000E112020103F200000808080800000A9
:1099F000001F222222221300008080F0888888180D
:109A00000020203F20200000000080808080800017
:109A1000006B94949493600008F8008080800000AC
:109A2000203F210000203F20008098980000000087
:109A30000020203F202000000000008098980000B7
:109A400000C08080807F000008F8000080808000D7
:109A5000203F24022D302000000808F800000000FC
:109A60000020203F202000008080808080808000B7
:109A7000203F20003F20003F808000808080000049
:109A8000203F210000203F200000808080800000D7
:109A9000001F202020201F00808000808000000008
:109AA00080FFA12020110E00000000808080800037
:109AB000000E112020A0FF80808080008080800028
:109AC00020203F2120000100000080808080800055
:109AD0000033242424241900008080E080800000CA
:109AE0000000001F20200000808000000080800017
:109AF000001F202020103F20808080000080808078
:109B000000010E3008060100808000800080808007
:109B10000F300C030C300F0000808000808080002C
:109B20000020312E0E312000808080000080808057
:109B300080818E7018060100008080808080800007
:109B40000021302C2221300000000000807C020225
:109B500000000000003F404000000000FF00000047
:109B600000000000FF0000000002027C80000000F6
:109B70000040403F00000000000601010202040412
:109B800000000000000000000000000000000000D5
:109B900000000000000000000000000000000000C5
:109BA0000000FEFEFE000000000000000018191872
:109BB0000000000000001CFC1C00001CFC1C00003D
:109BC000000000000000000000003030FFFF3030D7
:109BD000FFFF30300003033F3F03033F3F03030019
:109BE00000387C4CCFCFCC9C9C0000000F0F0C7C2D
:109BF0007C0C0F070000001CA2A2E2DC40602000E9
:109C000000000101000E1111110E00000000B0F85B
:109C1000CC8C0C0C8C8000000F0F1918191B0F1F17
:109C20001900000000001CFC1C00000000000000E7
:109C300000000000000000000000000000E0F81E2E
:109C40000600000000000000071F78600000000010
:109C5000061EF8E00000000000000060781F07000A
:109C60000000000000001898F0FEFEF098180000B8
:109C70000000010100000101000080808080F8F8F0
:109C80008080808000010101011F1F01010101008E
:109C9000000000000000000000000000000000E0E4
:109CA0003C040000000000C0C0C0C0C0C0C0C00074
:109CB00000000000000000000000000000000000A4
:109CC00000000000000000000000001C1C1C000040
:109CD00000000000000080E0FC1F030000000060A6
:109CE0007C1F03000000000000F0FC0E06060EFCC6
:109CF000F0000000030F1C18181C0F030000000CDC
:109D00000C0CFEFE0000000000001818181F1F18A1
:109D10001818000000181C0E0686CE7C38000000C3
:109D2000181C1E1B191818180000000C0CC6C6C6FB
:109D3000E6FC3800000C1C18181818190F07000052
:109D40000080C070380EFEFE000000000303031BFD
:109D50001B1F1F1B00000000FEFE6666E6C680009B
:109D600000000C1C1818181C0F07000000E0F8DC9D
:109D70006C66E6C686000000030F1C18181C0F074F
:109D80000000000E0E060686F6FE1E000000000013
:109D9000001C1F07000000000038FCC6C6C6C6FC39
:109DA00038000000070F181818180F070000007877
:109DB000FCCE8686CEFCF0000000181819190D0E96
:109DC000070100000000000070707000000000003B
:109DD0000000001C1C1C000000000000000000002F
:109DE00070707000000000000060380C040000007B
:109DF00080C0C060303018180C0C00000101030650
:109E0000060C0C1818003030303030303030303024
:109E10000003030303030303030303000C0C1818DC
:109E2000303060C0C0808018180C0C060603010199
:109E300000000000383C8C8CCCFC78000000000056
:109E400018191900000000000000F804C22222FCCA
:109E500000000000000F102122221300000000006B
:109E60000F0000000F000000FF0000000F000000C6
:109E70000F0000000F0000000000000030313233FE
:109E8000343536373839414243444546403058002E
:109E90003031323334353637383961626364656660
:109EA00040307800C49E0008000000203804000004
:109EB000C401000850A00008380400203807000042
:109EC00020020008611A8001D1C90F291F09101151
:109ED0006913590DA925D930C940C93036E0F8FEBB
:109EE0000F0156010FFEF8E087020303FFFFFF2D6D
:109EF0001806030101460307FFFE3C480B40707C37
:109F000077F3E3E3E3C383204B0703012CC3FB7F19
:109F100049E950E940E9304C3FFFFF9B8580FFFF56
:109F20003F9980391BC7C060100C070329509A7EE7
:109F3000224CF0FE1F200912500910408930217870
:109F40000803070C0808080420190D1C0F0F0F0642
:109F5000490E4E0C0E0F0D0C012A0E232B060E0B74
:109F60001A04D7A1A40C0F07C950F940F930613A7F
:109F7000C0013BFFFF07C90E1910A17A0601380A7C
:109F800086C6C66676361E0E0ED149F52809062607
:109F9000366666C6C686204BFEFE108AE60F011D99
:109FA000480A80E0781EFFFF1C30E04B1BC0700E9B
:109FB0008B1EF07C497523FE7E2A18011CFFFF19B9
:109FC00006216008F0F81C0C060301100F40C06069
:109FD000603018190C666662607F3F280C20603084
:109FE0003018180C0C0666630F011B2C101C0E4455
:109FF00033FFFF5F0183E0301C070E7B03079219DC
:10A000009414F83F0F3BC0C3013BFFFF0712C07B16
:10A010000F3EA53999499D790B990D01220B187FA7
:10A020007F0E65040E07032A6001A9D05503070EB1
:10A030000459F15A0F29091247F1847A030A2809B1
:10A040000102030406070809F919FEF1291E8922F5
:040000050800018965
:00000001FF
