:020000040800F2
:10000000780B0020E1630008990500089B050008B3
:100010009F050008A3050008A705000800000000D0
:10002000000000000000000000000000AB05000818
:10003000AD05000800000000AF050008B10500088C
:10004000FB630008FB630008FB630008FB63000818
:10005000FB630008FB630008AB040008FB630008B7
:10006000F70400081D05000843050008FB630008AD
:10007000FB630008FB630008FB630008FB630008E8
:10008000FB630008FB630008FB630008FB630008D8
:10009000FB630008FB630008FB630008FB630008C8
:1000A000FB630008FB630008FB630008FB630008B8
:1000B000FB63000871040008FB630008FB63000891
:1000C000FB630008FB630008FB630008FB63000898
:1000D000FB63000855630008FB630008FB6300082E
:1000E000FB630008FB630008FB630008FB63000878
:1000F000FB630008FB630008FB630008FB63000868
:10010000FB630008FB630008FB630008FB63000857
:10011000FB630008FB630008FB630008FB63000847
:10012000FB630008FB630008FB630008FB63000837
:10013000FB630008FB630008FB630008FB63000827
:10014000FB630008FB630008FB630008FB63000817
:10015000FB630008FB630008FB630008FB63000807
:10016000FB630008FB630008FB630008FB630008F7
:10017000FB630008FB630008FB630008FB630008E7
:10018000FB630008FB63000800F002F800F061F870
:100190000AA090E8000C82448344AAF10107DA45E2
:1001A00001D100F056F8AFF2090EBAE80F0013F0D3
:1001B000010F18BFFB1A43F00103184758AC0000A9
:1001C00078AC00000A444FF0000C10F8013B13F02B
:1001D000070408BF10F8014B1D1108BF10F8015BA0
:1001E000641E05D010F8016B641E01F8016BF9D193
:1001F00013F0080F1EBF10F8014BAD1C0C1B09D1EA
:100200006D1E58BF01F801CBFAD505E014F8016B5B
:1002100001F8016B6D1EF9D59142D6D370470000ED
:100220000023002400250026103A28BF78C1FBD8FF
:10023000520728BF30C148BF0B607047782908F0CB
:100240004B82002070471FB508F06EFC1FBD10B533
:1002500010BD08F0F9FA1146FFF7F5FF00F008F8B5
:1002600008F017FB03B4FFF7F2FF03BC06F012F827
:100270004FF4A06006F0D4F8A82005F089FF4FF4F1
:10028000E13006F015F800F09DFA01F07BF900204E
:1002900001F046F905F020FE05F09DFA05F0F2F8B0
:1002A00005F079FC05F004FF42F2CF0140F2F310B3
:1002B00005F0D0FE00BFFEE7F0B50D46AA4F3F782F
:1002C000002F3CD1002135E0A84F3F884F43BAB200
:1002D000B5B9865C002308E0D7187F1CC75D02EB28
:1002E000030C00F80C705F1CBBB2A04F3F887F1E50
:1002F0009F42F1DC9D4F3F887F1E1744C65517E093
:10030000012D15D1994F3F887F1E1744C65D974F29
:100310003F887F1EBBB208E0D7187F1EC75D02EB87
:10032000030C00F80C705F1EBBB2002BF4DC86548B
:100330004F1CB9B28E4F3F88B942C5DB56E08A4F99
:100340003F78012F52D100214CE01DBB465C0024B8
:1003500010E0864FB7F800C0671C0CFB0717C75D9D
:10036000DFF808C2BCF800C00CFB041C00F80C70DD
:10037000671CBCB27E4F3F887F1EA742E9DC7C4FE2
:100380003F887F1EDFF8E4C1BCF800C00CFB0717F4
:10039000C65525E0012D23D1754F3F887F1EDFF81C
:1003A000CCC1BCF800C00CFB0717C65D704F3F887E
:1003B0007F1EBCB211E0671EDFF8B0C1BCF800C000
:1003C0000CFB0717C75DDFF8A4C1BCF800C00CFB2D
:1003D000041C00F80C70671EBCB2002CEBDC465409
:1003E0004F1CB9B2614F3F88B942AEDBF0BD70B56A
:1003F000002419E05E4800782044C1B2002005F0D6
:1004000075FB00250AE05949098804FB0151594A46
:10041000505C012105F05EFB681C85B253480088E2
:100420008542F0DB601C84B2514800888442E1DBE5
:1004300070BD70B5002416E0E1B2002005F056FB57
:1004400000250AE04949098804FB01514A4A505CE9
:10045000012105F03FFB681C85B2444800888542B5
:10046000F0DB601C84B2424800888442E4DB70BD4B
:1004700010B50121414807F078FF012810D140480C
:10048000007868B9FFF7D5FFFFF7B1FF3D48017865
:100490003948FFF711FF3C4801783648FFF70CFF59
:1004A0000121364807F072FF10BD10B50A2005F093
:1004B000D1FE0121354806F00BF9012817D130484B
:1004C000007880F001002E49087008460078012865
:1004D00003D100202E49086002E001202C49086069
:1004E00000BF0121294806F0F3F80128F9D00120C6
:1004F00008F0A7F810BD10B50A2005F0ABFE0421E6
:10050000244806F0E5F828B91748007880F0010083
:1005100015490870042008F094F810BD10B50A20A1
:1005200005F098FE08211B4806F0D2F828B91648B5
:10053000007880F0010014490870082008F081F864
:1005400010BD10B50A2005F085FE1021114806F0F7
:10055000BFF828B90B48007880F0010009490870FD
:10056000102008F06EF810BD0704002000040020E1
:1005700002040020000200200000002000040040CF
:1005800004040020050400200604002000000240AE
:10059000A482424200100240704700BFFEE700BF45
:1005A000FEE700BFFEE700BFFEE7704770477047F9
:1005B000704700000CB5002001900090764800685C
:1005C00040F480307449086000BF7348006800F44C
:1005D000003000900198401C0190009818B90198D3
:1005E000B0F5A04FF1D16C48006800F4003010B1B4
:1005F0000120009001E0002000900098012846D1E1
:1006000065484030006840F08050634940310860E0
:100610006248006840F44040604908605E48083025
:1006200000685D49083108600846006840F40040F1
:1006300008600846006840F4A05008605848091F48
:100640000860081F006840F08070091F086000BF44
:100650005148006800F000700028F9D040F20570A1
:10066000504908604C480830006820F003004A49AF
:10067000083108600846006840F00200086000BFCA
:1006800045480830006800F00C000828F8D10CBD7F
:1006900010B54548006840F47000434908603E4882
:1006A000006840F001003C49086000203A490831E8
:1006B0000860394800683D490840374908603C48AF
:1006C000091D0860081F006820F48020091F0860C9
:1006D000002031490C310860FFF76CFF4FF00060DB
:1006E00031498039086010BD70B500200022022316
:1006F00000240221284D08352D6805F00C0020B19A
:10070000042806D0082834D107E02A4D2A4E356047
:1007100033E02A4D284E35602FE01F4D2D1D2D68EA
:10072000C5F380541C4D2D1D2D6805F03F0154B1BB
:10073000224DB5FBF1F5184E361D3668C6F3881606
:1007400005FB06F209E01B4DB5FBF1F5124E361D17
:100750003668C6F3881605FB06F20F4D2D1D2D6871
:10076000C5F301456D1C6B00B2FBF3F5124E35600D
:1007700003E0104D104E356000BF00BF064D083538
:100780002D68C5F303150E4E705D0B4D2D68C540E9
:10079000094E356070BD0000003802400070004016
:1007A00008544007003C024088ED00E0FFFFF6FEE1
:1007B000103000240024F4000804002000127A0005
:1007C0000C0400201CB50121202006F0A1FC4FF4F0
:1007D000C060009001208DF8040000208DF8060014
:1007E00003208DF8050001208DF8070069460448B4
:1007F00005F00CFF4FF4C061014805F083FF1CBDFC
:100800000014024001B5BDF800000090BDF80000E2
:10081000F849088008BD01B5BDF800000090BDF89A
:100820000000F449891C088008BD08B5F148801C07
:1008300000880090BDF8000008BDEE4A10804FF01F
:10084000D842A2F88010704710B504462046FFF742
:10085000D9FF052005F0B6FCFFF7E7FF10BDE6481D
:100860000089E44908807047E249891C0880704784
:1008700030B5014601F01F04C1F34513CA0AE50271
:1008800005EB43151544A8B230BD00BF011EA0F111
:100890000102D0B2FAD1704730B504460D46D648B1
:1008A000808849F24131884205D0D348808845F29A
:1008B0001031884214D1D0494889FFF7A3FF201294
:1008C000FFF7A9FFE0B2FFF7A6FFCB498889FFF742
:1008D00099FF2812FFF79FFFE8B2FFF79CFFABE0FC
:1008E000C548808846F6040188421DD1C2488079F7
:1008F000012804D1C0480088401E001B84B2BE49B4
:100900004889FFF77FFF2012FFF785FFE0B2FFF76E
:1009100082FFB9498889FFF775FF2812FFF77BFF2F
:10092000E8B2FFF778FF87E0B348808841F66311AB
:10093000884247D1B0488079A8B9AF480088401EA6
:10094000001B84B2AC494889FFF75CFF0020FFF729
:1009500062FF0020FFF75FFF2012FFF75CFFE0B2AD
:10096000FFF759FF16E0A4494889FFF74BFF201213
:10097000FFF751FFE0B2FFF74EFF9F490988491E7C
:10098000C1F30F20FFF747FF9B490978491EC8B202
:10099000FFF741FF98498889FFF734FF2812FFF7D6
:1009A0003AFFE8B2FFF737FF93494988491EC1F380
:1009B0000F20FFF730FF90498978491EC8B2FFF732
:1009C0002AFF39E08C48808845F21051884220D1B6
:1009D00089494889FFF716FF2012FFF71CFF864957
:1009E0004989491C88B2FFF70DFFE0B2FFF713FFFA
:1009F00081498889FFF706FF2812FFF70CFF7E491F
:100A00008989491C88B2FFF7FDFEE8B2FFF703FFB2
:100A100012E079488079012804D177480088401E87
:100A2000001B84B2744948892146FFF706FF7249CA
:100A300088892946FFF701FF30BD2DE9F0410546C1
:100A40000E4600240027A0466B480088A84203DD1C
:100A500069484088B04202DC0020BDE8F0813146A0
:100A60002846FFF719FF6448808849F241318842DF
:100A700011D06148808846F6040188420BD05E4858
:100A8000808845F21031884205D05B48808841F665
:100A90006311884203D12E20FFF7B4FE0DE05648C3
:100AA000808845F21051884204D14FF43850FFF746
:100AB000A9FE02E02220FFF7A5FE4F48808849F2F8
:100AC0002031884202D10220FFF7DFFEFFF7ADFEA2
:100AD00004464948808841F66311884201D1204686
:100AE000BBE70220FFF7D1FEFFF79FFE0446424816
:100AF000808849F2413188420BD03F48808845F2D6
:100B00001031884205D03C48808845F21051884217
:100B10000AD10220FFF7B9FEFFF787FE8046E7B251
:100B20004FF6FF7000EA07273348808849F22531E5
:100B3000884216D03048808844F23551884210D01F
:100B40002D488088091F88420BD02B4880884BF2A3
:100B50000551884205D0284880884CF205518842CA
:100B600001D1204679E72448808849F24131884202
:100B70000BD02148808845F21031884205D01E48AC
:100B8000808845F21051884207D1E012C002B912A4
:100B900040EA411040EAE8205FE72046FFF768FEA0
:100BA0005BE700B51448808849F24131884211D092
:100BB0001148808846F6040188420BD00E48808890
:100BC00045F21031884205D00B48808841F6631108
:100BD000884203D12920FFF715FE14E006488088DB
:100BE00045F21051884209D14FF42450FFF70AFE14
:100BF00009E000007E00006C4004002040F2731108
:100C00000720FFF71AFE00BD00B5FD48808849F2B5
:100C10004131884211D0FA48808846F60401884262
:100C20000BD0F748808845F21031884205D0F4484F
:100C3000808841F66311884203D12820FFF7E2FD46
:100C40000EE0EF48808845F21051884204D14FF4FD
:100C50002050FFF7D7FD03E000210720FFF7EDFD4F
:100C600000BDF0B5054600240027E548807901283D
:100C70000BD1E348808846F60401884205D0E0485D
:100C8000808841F66311884208D1DD488079F0B947
:100C9000DB48808841F66311884218D1082D15D2AF
:100CA000DFE805F00406080A0C0E101206250DE018
:100CB00007250BE0042509E0052507E0012505E0EF
:100CC000002503E0032501E0022500BF00BFCC485A
:100CD000808849F24131884217D0C948808846F659
:100CE0000401884211D0C648808845F210318842FC
:100CF0000BD0C348808845F21051884205D0C048C7
:100D0000808841F6631188427ED1082D1CD2DFE82D
:100D100005F00406090C0F12151800BF14E044F08A
:100D2000800411E044F040040EE044F0C0040BE005
:100D300044F0200408E044F0600405E044F0A0041E
:100D400002E044F0E00400BF00BFAD48808845F2F7
:100D50001051884202D14FF4585700E03627A84876
:100D6000808845F2103188420DD0A548808845F230
:100D70001051884207D0A248808841F6631188420A
:100D800001D044F008049E48808846F60401884259
:100D900001D144F0020421463846FFF74EFD984841
:100DA000808841F6631188421DD004F0200068B1AC
:100DB0009348008892494988884214DA9048068806
:100DC00040888F490880084646800CE08C4800889F
:100DD0008B494988884206DD8948068840888849C9
:100DE0000880084646808648808845F2105188422F
:100DF00054D183494889FFF705FD0020FFF70BFD1B
:100E00007F494989491C00E077E088B2FFF7FAFC86
:100E10000020FFF700FD7A494989891C88B2FFF755
:100E2000F1FC77490988491EC1F30F20FFF7F3FC55
:100E300073494989C91C88B2FFF7E4FC70490978F5
:100E4000491EC8B2FFF7E7FC6D498889FFF7DAFC55
:100E50000020FFF7E0FC6A498989491C88B2FFF746
:100E6000D1FC0020FFF7D7FC65498989891C88B22D
:100E7000FFF7C8FC62494988491EC1F30F20FFF7FC
:100E8000CAFC5F498989C91C88B2FFF7BBFC5C4971
:100E90008978491EC8B2FFF7BEFC55E05849488919
:100EA000FFF7B0FC0020FFF7B6FC0020FFF7B3FC13
:100EB00053490988491EC1F30F20FFF7ACFC504984
:100EC0000978491EC8B2FFF7A6FC4D498889FFF78B
:100ED00099FC0020FFF79FFC0020FFF79CFC48498D
:100EE0004988491EC1F30F20FFF795FC44498978D2
:100EF000491EC8B2FFF78FFC26E0082D1CD2DFE8A0
:100F000005F004070A0D0F12151844F0300413E021
:100F100044F0100410E044F020040DE000BF0BE0AA
:100F200044F0380408E044F0280405E044F01804D4
:100F300002E044F0080400BF00BF032744F48054DB
:100F400021463846FFF779FCF0BD30B504460D4622
:100F500029462046FFF7A0FCFFF781FC29480088BE
:100F60002949088030BD70B504460D461646244810
:100F7000808849F24131884205D02148808845F275
:100F80001031884214D11E494889FFF73BFC2012DA
:100F9000FFF741FCE0B2FFF73EFC19498889FFF7F3
:100FA00031FC2812FFF737FCE8B2FFF734FC93E07E
:100FB0001348808845F21051884227D1104948894A
:100FC000FFF720FC2012FFF726FC0D494989491C38
:100FD00088B2FFF717FCE0B2FFF71DFC08498889CB
:100FE000FFF710FC2812FFF716FC05498989491CF8
:100FF00088B2FFF707FCE8B2FFF70DFC6CE00000D9
:10100000400400201C0400208000006CFE48808802
:1010100041F66311884228D1FB48807920B9FA480B
:101020000088401E001B84B2F7494889FFF7EAFB9D
:101030002012FFF7F0FBE0B2FFF7EDFB2012FFF705
:10104000EAFBE0B2FFF7E7FBEF498889FFF7DAFB3D
:101050002812FFF7E0FBE8B2FFF7DDFB2812FFF7ED
:10106000DAFBE8B2FFF7D7FB36E0E748808846F6C0
:10107000040188421DD1E4488079012804D1E24866
:101080000088401E001B84B2DF494889FFF7BAFB85
:101090002012FFF7C0FBE0B2FFF7BDFBDA498889F9
:1010A000FFF7B0FB2812FFF7B6FBE8B2FFF7B3FB80
:1010B00012E0D5488079012804D1D3480088401E29
:1010C000001B84B2D04948892146FFF7B6FBCE49C0
:1010D00088892946FFF7B1FBCB480089CB490880B6
:1010E0004FF0D840A0F8806070BD70B52DED048B36
:1010F0000446BE20FFF786FB0520FFF78CFB204649
:1011000007F001FC41EC190B9FEDC10B53EC102BC8
:1011100007F00CFC41EC180B07F0C8FB85B2284621
:10112000FFF779FB0120FFF776FBFF20FFF773FB4A
:101130000020FFF770FB0020FFF76DFBBDEC048B78
:1011400070BD10B50446002C66D1AF498871F020FF
:1011500008804FF4A07048800846808849F24131E9
:1011600088420BD0A848808846F60401884205D002
:10117000A548808845F2103188421AD12C20A24916
:1011800008812A2048812B2088810846808846F6DD
:101190000401884205D09C48808845F2103188427D
:1011A00006D14FF4A070984908804FF4F070488041
:1011B000A1E09548808845F21051884210D14FF443
:1011C0003050914908814FF4285048814FF42C50F9
:1011D00088814FF4F07008804FF4487048808AE0AE
:1011E0008948808841F6631188420DD12C208649B8
:1011F00008812B2048812A2088814FF4F0700880D4
:101200004FF44870488076E022207F4908812020F2
:101210004881212088816EE001207B4988714FF44C
:10122000A0700880F02048800846808849F241314B
:10123000884205D07448808845F21031884207D131
:101240002C20714908812A2048812B2088813FE089
:101250006D48808846F60401884207D12C206A49EF
:1012600008812B2048812A20888131E066488088C7
:1012700045F21051884210D14FF430506249088134
:101280004FF4285048814FF42C5088814FF4487017
:1012900008804FF4F07048801AE05B48808841F67F
:1012A000631188420DD12C20574908812A2048819A
:1012B0002B2088814FF4487008804FF4F0704880EC
:1012C00006E0222050490881212048812020888181
:1012D0004D48808846F60401884205D04A488088F7
:1012E00045F21031884206D14FF4F070464908802B
:1012F0004FF4A07048800020FFF7B3FC10BD2DE92B
:10130000F04F86B004460D469046994604EB08001F
:10131000401E86B205EB0900401E87B23A4880881D
:1013200049F24131884215D03748808845F2103162
:1013300088420FD03448808846F60401884209D09C
:1013400031488079012826D12F48808841F66311E1
:10135000884220D12C494889FFF754FA2012FFF720
:101360005AFAE0B2FFF757FA3012FFF754FAF0B228
:10137000FFF751FA24498889FFF744FA2812FFF74A
:101380004AFAE8B2FFF747FA3812FFF744FAF8B220
:10139000FFF741FAC1E01C48808841F6631188429A
:1013A0003DD119480088A0EB0800001B84B205EB72
:1013B0000900401E1FFA80F913494889FFF722FAF5
:1013C0002012FFF728FAE0B2FFF725FA04EB080134
:1013D000491EC1F30F20FFF71EFA04EB0801491E56
:1013E000C8B2FFF718FA08498889FFF70BFA2812E4
:1013F000FFF711FAE8B2FFF70EFA4FEA2920FFF7DC
:101400000AFA09F0FF0007E0400400207E00006CAB
:101410006666666666660440FFF7FDF97DE0FE4895
:10142000808845F21051884244D1FB494889FFF732
:10143000E9F92012FFF7EFF9F7494989491C88B209
:10144000FFF7E0F9E0B2FFF7E6F9F3494989891CB3
:1014500088B2FFF7D7F93012FFF7DDF9EE49498975
:10146000C91C88B2FFF7CEF9F0B2FFF7D4F9EA4908
:101470008889FFF7C7F92812FFF7CDF9E64989896E
:10148000491C88B2FFF7BEF9E8B2FFF7C4F9E24998
:101490008989891C88B2FFF7B5F93812FFF7BBF9C3
:1014A000DD498989C91C88B2FFF7ACF9F8B2FFF7AA
:1014B000B2F932E0D848807901280ED1AA46BB465D
:1014C000D5480088801B401E80B20190D248008819
:1014D000001B401E80B2009003E0A246B346019577
:1014E00000975020059051200490522003905320E3
:1014F000029051460598FFF7A0F959460498FFF766
:101500009CF901990398FFF798F900990298FFF761
:1015100094F929462046FFF7BFF906B0BDE8F08FE1
:1015200070B504460026BC48058840884543BA4843
:10153000808846F60401884216D1B7488079012890
:1015400012D10020B44988712A2048812B2088813B
:1015500000210846FFF7A0F90120AF4988712B2030
:1015600048812A20888103E000210846FFF794F98A
:10157000FFF775F9002602E0A8480480761CAE4209
:10158000FAD370BD00B5A1B00020209001217A20CF
:1015900005F0BEFD0121084605F0F2FD4FF40040C4
:1015A0001E9001208DF87C0000208DF87E00022026
:1015B0008DF87D0001208DF87F001EA9984805F068
:1015C00025F84CF233701E9002208DF87C0000202C
:1015D0008DF87E0003208DF87D0001208DF87F00BE
:1015E0001EA9904805F012F84FF680701E90022058
:1015F0008DF87C0000208DF87E0003208DF87D00A2
:1016000001208DF87F001EA9874804F0FFFF4FF4EA
:1016100080501E9002208DF87C0000208DF87E0006
:1016200003208DF87D0001208DF87F001EA97F48E2
:1016300004F0ECFF4FF480501E9002208DF87C00E7
:1016400000208DF87E0003208DF87D0001208DF8AC
:101650007F001EA9764804F0D9FF0C2200217148B2
:1016600005F05FF80C2201216E4805F05AF80C22B3
:1016700004216C4805F055F80C220521694805F055
:1016800050F80C220821674805F04BF80C2209217C
:10169000644805F046F80C220A21624805F041F83A
:1016A0000C220E215F4805F03CF80C220F215D480A
:1016B00005F037F80C2207215B4805F032F80C22C0
:1016C0000821594805F02DF80C220921564805F04B
:1016D00028F80C220A21544805F023F80C220B218B
:1016E000514805F01EF80C2211464F4805F019F834
:1016F0000C220D214C4805F014F80C220E214A480A
:1017000005F00FF80C220F21474805F00AF80C22CB
:101710001146464805F005F80C221146444805F0EC
:1017200000F80F200890002009903C200A9000202B
:101730000B900C900D900E900920019000200290CB
:101740000820039000200490059006900790062042
:101750000F900020109011901020129000201390F4
:1017600015901490169017904FF480501890002008
:1017700019904FF480401A9000201B9008A81C90EC
:1017800001A81D900FA805F020F80121062005F002
:10179000A7F8322004F05EFD01210020FFF74DF88C
:1017A000322004F057FD0020FFF74EF81A498880D8
:1017B00008468088FF280ADB084680884FF6FF71BC
:1017C000884204D014488088B0F5134F7ED1D320CE
:1017D000FFF718F8FFF729F80F498880FFF725F879
:1017E0000D498880FFF721F80B49888008468088DA
:1017F0004FF6FF7101EA002007498880FFF715F8CE
:10180000054989880843044988800846808849F248
:10181000413188425AD00DE0400400208000006C25
:1018200000040240000C024000100240001402407C
:1018300000180240BF20FEF7E5FFFEF7F6FFFE4965
:101840008880FEF7F2FFFC498880FEF7EEFFFA4938
:101850008880FEF7EAFFF8498880084680884FF6BE
:10186000FF7101EA0020F4498880FEF7DEFFF249AB
:1018700089880843F04988800846808846F6040134
:1018800088427AD0D420FEF7BDFFFEF7CEFFEA49AA
:101890008880FEF7CAFFE8498880FEF7C6FFE64960
:1018A0008880084680884FF6FF7101EA0020E249EF
:1018B0008880FEF7BAFFE04989880843DE498880BE
:1018C0000846808845F21031884200E055E054D047
:1018D0004FF45A40FEF796FFFEF7A7FFD6498880DF
:1018E0004FF45B40FEF78EFFFEF79FFFD2498880E2
:1018F000084680884FF6FF7101EA0020CE498880B3
:101900004FF45C40FEF77EFFFEF78FFFCA498988DF
:101910000843C949888008468088B0F5004F02D145
:1019200045F210508880C448808845F210518842A2
:1019300023D0A120FEF766FFFEF777FFBE4988801F
:10194000FEF773FFBC498880084680884FF6FF7118
:1019500001EA0020B8498880FEF767FFB649898808
:101960000843B54988800846808845F261718842FD
:1019700003D141F66310B0498880AF48808849F2AE
:101980004131884211D0AC48808845F210318842FC
:101990000BD0A948808845F21051884205D0A6484E
:1019A000808841F6631188421DD1A448006820F068
:1019B0000F004FF02041C1F81C010846D0F81C016F
:1019C00020F47060C1F81C010846D0F81C0140F0FA
:1019D0000300C1F81C010846D0F81C0140F4007057
:1019E000C1F81C0128E09448808846F6040188422A
:1019F00005D0914880884CF2055188421CD18F480F
:101A0000006820F00F004FF02041C1F81C0108468B
:101A1000D0F81C0120F47060C1F81C010846D0F811
:101A20001C0140F00A00C1F81C010846D0F81C0156
:101A300040F44060C1F81C017F48818880A006F016
:101A40000BFE7D48808849F2413188427ED1CF200B
:101A5000FEF7D8FE0020FEF7DEFEC120FEF7DBFE1B
:101A60003020FEF7D8FEED20FEF7CCFE6420FEF716
:101A7000D2FE0320FEF7CFFE1220FEF7CCFE81201F
:101A8000FEF7C9FEE820FEF7BDFE8520FEF7C3FE87
:101A90001020FEF7C0FE7A20FEF7BDFECB20FEF739
:101AA000B1FE3920FEF7B7FE2C20FEF7B4FE002071
:101AB000FEF7B1FE3420FEF7AEFE0220FEF7ABFECD
:101AC000F720FEF79FFE2020FEF7A5FEEA20FEF796
:101AD00099FE0020FEF79FFE0020FEF79CFEC0202E
:101AE000FEF790FE1B20FEF796FEC120FEF78AFE51
:101AF0000120FEF790FEC520FEF784FE3020FEF7A1
:101B00008AFE3020FEF787FEC720FEF77BFEB72057
:101B1000FEF781FE3620FEF775FE4820FEF77BFEBD
:101B20003A20FEF76FFE5520FEF775FEB120FEF756
:101B300069FE0020FEF76FFE1A20FEF76CFEB6204D
:101B4000FEF760FE0A20FEF766FE00E0A5E0A22098
:101B5000FEF761FEF220FEF755FE0020FEF75BFE69
:101B60002620FEF74FFE0120FEF755FEE020FEF78F
:101B700049FE0F20FEF74FFE2A20FEF74CFE2820DC
:101B8000FEF749FE0820FEF746FE0E20FEF743FE54
:101B90000820FEF740FE5420FEF73DFEA920FEF788
:101BA0003AFE4320FEF737FE0A20FEF734FE0F20F0
:101BB000FEF731FE0020FEF72EFE0020FEF72BFE82
:101BC0000020FEF728FE0020FEF725FEE120FEF7AC
:101BD00019FE0020FEF71FFE1520FEF71CFE172041
:101BE000FEF719FE0720FEF716FE1120FEF713FE82
:101BF0000620FEF710FE2B20FEF70DFE5620FEF706
:101C00000AFE3C20FEF707FE0520FEF704FE10202A
:101C1000FEF701FE0F20FEF7FEFD3F20FEF7FBFD65
:101C20003F20FEF7F8FD0F20FEF7F5FD2B20FEF715
:101C3000E9FD00200CE00000400400201C0100A091
:101C4000204C43442049443A25780D0A0000000006
:101C5000FEF7E1FD0020FEF7DEFD0120FEF7DBFDD3
:101C60003F20FEF7D8FD2A20FEF7CCFD0020FEF72E
:101C7000D2FD0020FEF7CFFD0020FEF7CCFDEF20C7
:101C8000FEF7C9FD1120FEF7BDFD782004F0E2FA51
:101C90002920FEF7B7FD03F01DB9FE48808846F6FF
:101CA000040188427ED11120FEF7ACFD142004F01F
:101CB000D1FAD020FEF7A6FD0720FEF7ACFD4220AA
:101CC000FEF7A9FD1D20FEF7A6FDD120FEF79AFD27
:101CD0000020FEF7A0FD1A20FEF79DFD0920FEF76B
:101CE0009AFDD220FEF78EFD0120FEF794FD222002
:101CF000FEF791FDC020FEF785FD1020FEF78BFD5D
:101D00003B20FEF788FD0020FEF785FD0220FEF750
:101D100082FD1120FEF77FFDC520FEF773FD032035
:101D2000FEF779FDC820FEF76DFD0020FEF773FD7C
:101D30002520FEF770FD2120FEF76DFD0520FEF742
:101D40006AFD0020FEF767FD0A20FEF764FD6520AE
:101D5000FEF761FD2520FEF75EFD7720FEF75BFDB7
:101D60005020FEF758FD0F20FEF755FD0020FEF72E
:101D700052FDF820FEF746FD0120FEF74CFDFE2047
:101D8000FEF740FD0020FEF746FD0220FEF743FD72
:101D90002020FEF737FD3620FEF734FD0820FEF741
:101DA0003AFD00E02AE03A20FEF72CFD5520FEF730
:101DB00032FD2B20FEF726FD0020FEF72CFD002033
:101DC000FEF729FD0120FEF726FD3F20FEF723FD4B
:101DD0002A20FEF717FD0020FEF71DFD0020FEF76C
:101DE0001AFD0120FEF717FDDF20FEF714FD782015
:101DF00004F030FA2920FEF705FD4CE7A54880885D
:101E000045F21031884240F07C87ED20FEF7FAFC65
:101E10000120FEF700FDFE20FEF7FDFCEE20FEF7A0
:101E2000F1FCDE20FEF7F7FC2120FEF7F4FCF120A8
:101E3000FEF7E8FC0120FEF7EEFCDF20FEF7E2FCF7
:101E40001020FEF7E8FCC420FEF7DCFC8F20FEF734
:101E5000E2FCC620FEF7D6FC0020FEF7DCFCE22008
:101E6000FEF7D9FCE220FEF7D6FCE220FEF7D3FC19
:101E7000BF20FEF7C7FCAA20FEF7CDFCB020FEF77E
:101E8000C1FC0D20FEF7C7FC0020FEF7C4FC0D20AE
:101E9000FEF7C1FC0020FEF7BEFC1120FEF7BBFCE4
:101EA0000020FEF7B8FC1920FEF7B5FC0020FEF775
:101EB000B2FC2120FEF7AFFC0020FEF7ACFC2D2089
:101EC000FEF7A9FC0020FEF7A6FC3D20FEF7A3FCD0
:101ED0000020FEF7A0FC5D20FEF79DFC0020FEF731
:101EE0009AFC5D20FEF797FC0020FEF794FCB120E1
:101EF000FEF788FC8020FEF78EFC0020FEF78BFCAE
:101F00008B20FEF788FC0020FEF785FC9620FEF76C
:101F100082FC0020FEF77FFCB220FEF773FC00205D
:101F2000FEF779FC0020FEF776FC0220FEF773FC3A
:101F30000020FEF770FC0320FEF76DFC0020FEF78A
:101F40006AFCB320FEF75EFC0020FEF764FC002074
:101F5000FEF761FC0020FEF75EFC0020FEF75BFC54
:101F60000020FEF758FC0020FEF755FC0020FEF78D
:101F700052FC0020FEF74FFC0020FEF74CFC002036
:101F8000FEF749FC0020FEF746FC0020FEF743FC6C
:101F90000020FEF740FC0020FEF73DFC0020FEF78D
:101FA0003AFC0020FEF737FC0020FEF734FC00204E
:101FB000FEF731FC0020FEF72EFC0020FEF72BFC84
:101FC0000020FEF728FC0020FEF725FC0020FEF78D
:101FD00022FC0020FEF71FFCB420FEF713FC8B2030
:101FE000FEF719FC0020FEF716FC9620FEF713FC06
:101FF0000020FEF710FCA120FEF70DFC0020FEF7EC
:102000000AFCB520FEF7FEFB0220FEF704FC0020D0
:10201000FEF701FC0320FEF7FEFB0020FEF7FBFBB2
:102020000420FEF7F8FB0020FEF7F5FBB620FEF7D4
:10203000E9FB0020FEF7EFFB0020FEF7ECFBB720EA
:10204000FEF7E0FB0020FEF7E6FB0020FEF7E3FBD7
:102050003F20FEF7E0FB0020FEF7DDFB5E20FEF7F1
:10206000DAFB0020FEF7D7FB6420FEF7D4FB00204C
:10207000FEF7D1FB8C20FEF7CEFB0020FEF7CBFB5A
:10208000AC20FEF7C8FB0020FEF7C5FBDC20FEF706
:10209000C2FB01E0400400200020FEF7BCFB7020E2
:1020A000FEF7B9FB0020FEF7B6FB9020FEF7B3FB6E
:1020B0000020FEF7B0FBEB20FEF7ADFB0020FEF7A3
:1020C000AAFBDC20FEF7A7FB0020FEF7A4FBB8204C
:1020D000FEF798FB0020FEF79EFB0020FEF79BFB1F
:1020E0000020FEF798FB0020FEF795FB0020FEF78E
:1020F00092FB0020FEF78FFB0020FEF78CFB0020F8
:10210000FEF789FBBA20FEF77DFB2420FEF783FB58
:102110000020FEF780FB0020FEF77DFB0020FEF78D
:102120007AFBC120FEF76EFB2020FEF774FB002037
:10213000FEF771FB5420FEF76EFB0020FEF76BFBF1
:10214000FF20FEF768FB0020FEF765FBC220FEF7CC
:1021500059FB0A20FEF75FFB0020FEF75CFB042022
:10216000FEF759FB0020FEF756FBC320FEF74AFBA3
:102170003C20FEF750FB0020FEF74DFB3A20FEF717
:102180004AFB0020FEF747FB3920FEF744FB002006
:10219000FEF741FB3720FEF73EFB0020FEF73BFB3E
:1021A0003C20FEF738FB0020FEF735FB3620FEF71B
:1021B00032FB0020FEF72FFB3220FEF72CFB002025
:1021C000FEF729FB2F20FEF726FB0020FEF723FB5E
:1021D0002C20FEF720FB0020FEF71DFB2920FEF738
:1021E0001AFB0020FEF717FB2620FEF714FB002049
:1021F000FEF711FB2420FEF70EFB0020FEF70BFB81
:102200002420FEF708FB0020FEF705FB2320FEF745
:1022100002FB0020FEF7FFFA3C20FEF7FCFA00204C
:10222000FEF7F9FA3620FEF7F6FA0020FEF7F3FA89
:102230003220FEF7F0FA0020FEF7EDFA2F20FEF72D
:10224000EAFA0020FEF7E7FA2C20FEF7E4FA002075
:10225000FEF7E1FA2920FEF7DEFA0020FEF7DBFAAE
:102260002620FEF7D8FA0020FEF7D5FA2420FEF744
:10227000D2FA0020FEF7CFFA2420FEF7CCFA002095
:10228000FEF7C9FA2320FEF7C6FA0020FEF7C3FACC
:10229000C420FEF7B7FA6220FEF7BDFA0020FEF771
:1022A000BAFA0520FEF7B7FA0020FEF7B4FA842048
:1022B000FEF7B1FA0020FEF7AEFAF020FEF7ABFA17
:1022C0000020FEF7A8FA1820FEF7A5FA0020FEF776
:1022D000A2FAA420FEF79FFA0020FEF79CFA18202D
:1022E000FEF799FA0020FEF796FA5020FEF793FACF
:1022F0000020FEF790FA0C20FEF78DFA0020FEF782
:102300008AFA1720FEF787FA0020FEF784FA952054
:10231000FEF781FA0020FEF77EFAF320FEF77BFA43
:102320000020FEF778FAE620FEF775FA0020FEF7A7
:1023300072FAC520FEF766FA3220FEF76CFA00202A
:10234000FEF769FA4420FEF766FA0020FEF763FA0A
:102350006520FEF760FA0020FEF75DFA7620FEF7B2
:102360005AFA0020FEF757FA8820FEF754FA0020A8
:10237000FEF751FAC620FEF745FA2020FEF74BFA89
:102380000020FEF748FA1720FEF745FA0020FEF776
:1023900042FA0120FEF73FFA0020FEF73CFAC72080
:1023A000FEF730FA0020FEF736FA0020FEF733FA87
:1023B0000020FEF730FA0020FEF72DFAC820FEF7C5
:1023C00021FA0020FEF727FA0020FEF724FA002069
:1023D000FEF721FA0020FEF71EFAC920FEF712FAD6
:1023E0000020FEF718FA0020FEF715FA0020FEF78D
:1023F00012FA0020FEF70FFA0020FEF70CFA002078
:10240000FEF709FA0020FEF706FA0020FEF703FAAD
:102410000020FEF700FA0020FEF7FDF90020FEF78D
:10242000FAF90020FEF7F7F90020FEF7F4F9002092
:10243000FEF7F1F90020FEF7EEF90020FEF7EBF9C8
:10244000E020FEF7DFF91620FEF7E5F90020FEF7A1
:10245000E2F91C20FEF7DFF90020FEF7DCF921206D
:10246000FEF7D9F90020FEF7D6F93620FEF7D3F9AA
:102470000020FEF7D0F94620FEF7CDF90020FEF748
:10248000CAF95220FEF7C7F90020FEF7C4F964200C
:10249000FEF7C1F90020FEF7BEF97A20FEF7BBF97E
:1024A0000020FEF7B8F98B20FEF7B5F90020FEF703
:1024B000B2F99920FEF7AFF90020FEF7ACF9A82099
:1024C000FEF7A9F90020FEF7A6F9B920FEF7A3F957
:1024D0000020FEF7A0F9C420FEF79DF90020FEF7CA
:1024E0009AF9CA20FEF797F90020FEF794F9D22056
:1024F000FEF791F90020FEF78EF9D920FEF78BF94F
:102500000020FEF788F9E020FEF785F90020FEF7AD
:1025100082F9F320FEF77FF90020FEF77CF9E12035
:10252000FEF770F91620FEF776F90020FEF773F932
:102530001C20FEF770F90020FEF76DF92220FEF74F
:102540006AF90020FEF767F93620FEF764F90020EB
:10255000FEF761F94520FEF75EF90020FEF75BF912
:102560005220FEF758F90020FEF755F96420FEF7D7
:1025700052F90020FEF74FF97A20FEF74CF90020BF
:10258000FEF749F98B20FEF746F90020FEF743F9E4
:102590009920FEF740F90020FEF73DF9A820FEF74C
:1025A0003AF90020FEF737F9B920FEF734F9002098
:1025B000FEF731F9C420FEF72EF90020FEF72BF9C3
:1025C000CA20FEF728F90020FEF725F9D220FEF7F1
:1025D00022F90020FEF71FF9D820FEF71CF9002091
:1025E000FEF719F9E020FEF716F90020FEF713F9BF
:1025F000F320FEF710F90020FEF70DF9E220FEF7B8
:1026000001F90520FEF707F90020FEF704F90B2079
:10261000FEF701F90020FEF7FEF81B20FEF7FBF89D
:102620000020FEF7F8F83420FEF7F5F80020FEF75A
:10263000F2F84420FEF7EFF80020FEF7ECF84F2008
:10264000FEF7E9F80020FEF7E6F86120FEF7E3F870
:102650000020FEF7E0F87920FEF7DDF80020FEF715
:10266000DAF88820FEF7D7F80020FEF7D4F8972094
:10267000FEF7D1F80020FEF7CEF8A620FEF7CBF843
:102680000020FEF7C8F8B720FEF7C5F80020FEF7D7
:10269000C2F8C220FEF7BFF80020FEF7BCF8C72042
:1026A000FEF7B9F80020FEF7B6F8D120FEF7B3F830
:1026B0000020FEF7B0F8D620FEF7ADF80020FEF7B8
:1026C000AAF8DD20FEF7A7F80020FEF7A4F8F32013
:1026D000FEF7A1F80020FEF79EF8E320FEF792F83F
:1026E0000520FEF798F80020FEF795F80A20FEF77F
:1026F00092F80020FEF78FF81C20FEF78CF80020DF
:10270000FEF789F83320FEF786F80020FEF783F8FD
:102710004420FEF780F80020FEF77DF85020FEF7F9
:102720007AF80020FEF777F86220FEF774F80020B0
:10273000FEF771F87820FEF76EF80020FEF76BF8D0
:102740008820FEF768F80020FEF765F89720FEF76E
:1027500062F80020FEF75FF8A620FEF75CF8002084
:10276000FEF759F8B720FEF756F80020FEF753F8A9
:10277000C220FEF750F80020FEF74DF8C720FEF704
:102780004AF80020FEF747F8D120FEF744F8002071
:10279000FEF741F8D520FEF73EF80020FEF73BF8A3
:1027A000DD20FEF738F80020FEF735F8F320FEF7BD
:1027B00032F80020FEF72FF8E420FEF723F801207E
:1027C000FEF729F80020FEF726F80120FEF723F88F
:1027D0000020FEF720F80220FEF71DF80020FEF78B
:1027E0001AF82A20FEF717F80020FEF714F83C200C
:1027F000FEF711F80020FEF70EF84B20FEF70BF85D
:102800000020FEF708F85D20FEF705F80020FEF72F
:1028100002F87420FDF7FFFF0020FDF7FCFF842085
:10282000FDF7F9FF0020FDF7F6FF9320FDF7F3FF1A
:102830000020FDF7F0FFA220FDF7EDFF0020FDF7DF
:10284000EAFFB320FDF7E7FF0020FDF7E4FFBE201D
:10285000FDF7E1FF0020FDF7DEFFC420FDF7DBFF01
:102860000020FDF7D8FFCD20FDF7D5FF0020FDF7B4
:10287000D2FFD320FDF7CFFF0020FDF7CCFFDD20F6
:10288000FDF7C9FF0020FDF7C6FFF320FDF7C3FFEA
:102890000020FDF7C0FFE520FDF7B4FF0020FDF7A5
:1028A000BAFF0020FDF7B7FF0020FDF7B4FF0020BE
:1028B000FDF7B1FF0220FDF7AEFF0020FDF7ABFFF3
:1028C0002920FDF7A8FF0020FDF7A5FF3C20FDF71C
:1028D000A2FF0020FDF79FFF4B20FDF79CFF00208B
:1028E000FDF799FF5D20FDF796FF0020FDF793FFB0
:1028F0007420FDF790FF0020FDF78DFF8420FDF789
:102900008AFF0020FDF787FF9320FDF784FF00205A
:10291000FDF781FFA220FDF77EFF0020FDF77BFF82
:10292000B320FDF778FF0020FDF775FFBE20FDF70F
:1029300072FF0020FDF76FFFC420FDF76CFF002041
:10294000FDF769FFCD20FDF766FF0020FDF763FF6F
:10295000D320FDF760FF0020FDF75DFFDC20FDF7D1
:102960005AFF0020FDF757FFF320FDF754FF00202A
:10297000FDF751FFE620FDF745FF1120FDF74BFF66
:102980000020FDF748FF3420FDF745FF0020FDF74C
:1029900042FF5620FDF73FFF0020FDF73CFF762069
:1029A000FDF739FF0020FDF736FF7720FDF733FFF5
:1029B0000020FDF730FF6620FDF72DFF0020FDF71A
:1029C0002AFF8820FDF727FF0020FDF724FF99202C
:1029D000FDF721FF0020FDF71EFFBB20FDF71BFFC9
:1029E0000020FDF718FF9920FDF715FF0020FDF7E7
:1029F00012FF6620FDF70FFF0020FDF70CFF5520AA
:102A0000FDF709FF0020FDF706FF5520FDF703FF46
:102A10000020FDF700FF4520FDF7FDFE0020FDF73B
:102A2000FAFE4320FDF7F7FE0020FDF7F4FE4420F8
:102A3000FDF7F1FE0020FDF7EEFEE720FDF7E2FED8
:102A40003220FDF7E8FE0020FDF7E5FE5520FDF7FA
:102A5000E2FE0020FDF7DFFE7620FDF7DCFE002021
:102A6000FDF7D9FE6620FDF7D6FE0020FDF7D3FE68
:102A70006720FDF7D0FE0020FDF7CDFE6720FDF7B3
:102A8000CAFE0020FDF7C7FE8720FDF7C4FE002028
:102A9000FDF7C1FE9920FDF7BEFE0020FDF7BBFE4D
:102AA000BB20FDF7B8FE0020FDF7B5FE9920FDF72D
:102AB000B2FE0020FDF7AFFE7720FDF7ACFE002050
:102AC000FDF7A9FE4420FDF7A6FE0020FDF7A3FEBA
:102AD0005620FDF7A0FE0020FDF79DFE2320FDF708
:102AE0009AFE0020FDF797FE3320FDF794FE0020AC
:102AF000FDF791FE4520FDF78EFE0020FDF78BFED1
:102B0000E820FDF77FFE0020FDF785FE0020FDF7A1
:102B100082FE9920FDF77FFE0020FDF77CFE8720D6
:102B2000FDF779FE0020FDF776FE8820FDF773FEA5
:102B30000020FDF770FE7720FDF76DFE0020FDF709
:102B40006AFE6620FDF767FE0020FDF764FE882020
:102B5000FDF761FE0020FDF75EFEAA20FDF75BFE9B
:102B60000020FDF758FEBB20FDF755FE0020FDF7C5
:102B700052FE9920FDF74FFE0020FDF74CFE662027
:102B8000FDF749FE0020FDF746FE5520FDF743FE08
:102B90000020FDF740FE5520FDF73DFE0020FDF72B
:102BA0003AFE4420FDF737FE0020FDF734FE4420B6
:102BB000FDF731FE0020FDF72EFE5520FDF72BFE20
:102BC0000020FDF728FEE920FDF71CFEAA20FDF7F6
:102BD00022FE0020FDF71FFE0020FDF71CFE002056
:102BE000FDF719FE0020FDF70DFEAA20FDF713FEEC
:102BF000CF20FDF707FE0020FDF70DFE0020FDF7BA
:102C00000AFE0020FDF707FE0020FDF704FE00206D
:102C1000FDF701FE0020FDF7FEFD0020FDF7FBFDA6
:102C20000020FDF7F8FD0020FDF7F5FD0020FDF781
:102C3000F2FD0020FDF7EFFD0020FDF7ECFD002088
:102C4000FDF7E9FD0020FDF7E6FD0020FDF7E3FDBF
:102C50000020FDF7E0FD0020FDF7DDFDF020FDF791
:102C6000D1FD0020FDF7D7FD5020FDF7D4FD002059
:102C7000FDF7D1FD0020FDF7CEFD0020FDF7CBFDD7
:102C8000F320FDF7BFFD0020FDF7C5FDF920FDF79E
:102C9000B9FD0620FDF7BFFD1020FDF7BCFD292082
:102CA000FDF7B9FD0020FDF7B6FD3A20FDF7AAFDBE
:102CB0005520FDF7B0FD1120FDF7A4FD642003F0C1
:102CC000C9FA2920FDF79EFD3520FDF79BFD002068
:102CD000FDF7A1FD5120FDF795FDFF20FDF79BFDC0
:102CE0005320FDF78FFD2C20FDF795FD5520FDF7B6
:102CF00089FD8220FDF78FFD2C20FDF783FD02F07A
:102D0000E9B8FE48808845F2105188427ED15521AD
:102D10004FF47040FDF791FDAA214FF20100FDF73D
:102D20008CFD52214FF20200FDF787FD08214FF282
:102D30000300FDF782FD01214FF20400FDF77DFD48
:102D40000D214FF43040FDF778FD0D214BF20100CD
:102D5000FDF773FD0D214BF20200FDF76EFD3421EE
:102D60004FF43640FDF769FD34214BF20160FDF769
:102D700064FD34214BF20260FDF75FFD0D214FF43D
:102D80003140FDF75AFD0D214BF20110FDF755FDC5
:102D90000D214BF20210FDF750FD34214FF4374066
:102DA000FDF74BFD34214BF20170FDF746FD342158
:102DB0004BF20270FDF741FD00214FF43240FDF768
:102DC0003CFD00214BF20120FDF737FD00214BF2C5
:102DD0000220FDF732FD24214FF43840FDF72DFD90
:102DE00024214BF60100FDF728FD24214BF60200BB
:102DF000FDF723FD01214FF43F40FDF71EFD0F219C
:102E00004FF43340FDF719FD0F2100E0FEE34BF2D4
:102E10000130FDF712FD0F214BF20230FDF70DFDE1
:102E200034214FF43940FDF708FD34214BF60110F1
:102E3000FDF703FD34214BF60210FDF7FEFC0821DF
:102E40004FF43540FDF7F9FC08214BF20150FDF736
:102E5000F4FC08214BF20250FDF7EFFC03214FF484
:102E60004240FDF7EAFC24214FF43A40FDF7E5FC2F
:102E700024214BF60120FDF7E0FC24214BF6022033
:102E8000FDF7DBFC00214FF43C40FDF7D6FC782138
:102E90004BF60140FDF7D1FC00214BF60240FDF757
:102EA000CCFC00214FF43D40FDF7C7FC78214BF6E8
:102EB0000150FDF7C2FC00214BF60250FDF7BDFCAE
:102EC00000214FF43E40FDF7B8FC64214BF6016051
:102ED000FDF7B3FC00214FF45140FDF7AEFC332168
:102EE0004DF20110FDF7A9FC00214DF20210FDF793
:102EF000A4FC34214DF20310FDF79FFC00214DF29C
:102F00000410FDF79AFC3A214DF20510FDF795FCEF
:102F100000214DF20610FDF790FC4A214DF20710FA
:102F2000FDF78BFC00214DF20810FDF786FC5C21BB
:102F30004DF20910FDF781FC00214DF20A10FDF75A
:102F40007CFC81214DF20B10FDF777FC00214DF246
:102F50000C10FDF772FCA6214DF20D10FDF76DFC73
:102F600000214DF20E10FDF768FCE5214DF20F1027
:102F7000FDF763FC01214DF21010FDF75EFC1321FB
:102F80004DF21110FDF759FC01214DF21210FDF721
:102F900054FC54214DF21310FDF74FFC01214DF26A
:102FA0001410FDF74AFC82214DF21510FDF745FC87
:102FB00001214DF21610FDF740FCCA214DF2171009
:102FC000FDF73BFC02214DF21810FDF736FC002105
:102FD0004DF21910FDF731FC02214DF21A10FDF7E8
:102FE0002CFC01214DF21B10FDF727FC02214DF2B4
:102FF0001C10FDF722FC34214DF21D10FDF71DFCC5
:1030000002214DF21E10FDF718FC67214DF21F1032
:10301000FDF713FC02214DF22010FDF70EFC842178
:103020004DF22110FDF709FC02214DF22210FDF7AF
:1030300004FCA4214DF22310FDF7FFFB02214DF209
:103040002410FDF7FAFBB7214DF22510FDF7F5FB33
:1030500002214DF22610FDF7F0FBCF214DF2271093
:10306000FDF7EBFB02214DF22810FDF7E6FBDE2118
:103070004DF22910FDF7E1FB02214DF22A10FDF778
:10308000DCFBF2214DF22B10FDF7D7FB02214DF2B4
:103090002C10FDF7D2FBFE214DF22D10FDF7CDFBDC
:1030A00003214DF22E10FDF7C8FB10214DF22F1019
:1030B000FDF7C3FB03214DF23010FDF7BEFB3321BA
:1030C0004DF23110FDF7B9FB03214DF23210FDF73F
:1030D000B4FB6D214DF23310FDF7AFFB00214FF42F
:1030E0005240FDF7AAFB33214DF20120FDF7A5FB6D
:1030F00000214DF20220FDF7A0FB01E0400400207A
:1031000034214DF20320FDF798FB00214DF20420FD
:10311000FDF793FB3A214DF20520FDF78EFB0021D0
:103120004DF20620FDF789FB4A214DF20720FDF7FD
:1031300084FB00214DF20820FDF77FFB5C214DF25E
:103140000920FDF77AFB00214DF20A20FDF775FBFF
:1031500081214DF20B20FDF770FB00214DF20C2078
:10316000FDF76BFBA6214DF20D20FDF766FB00215C
:103170004DF20E20FDF761FBE5214DF20F20FDF72A
:103180005CFB01214DF21020FDF757FB13214DF29E
:103190001120FDF752FB01214DF21220FDF74DFBEE
:1031A00054214DF21320FDF748FB01214DF214206C
:1031B000FDF743FB82214DF21520FDF73EFB012177
:1031C0004DF21620FDF739FBCA214DF21720FDF70D
:1031D00034FB02214DF21820FDF72FFB00214DF2A8
:1031E0001920FDF72AFB02214DF21A20FDF725FBDD
:1031F00001214DF21B20FDF720FB02214DF21C2086
:10320000FDF71BFB34214DF21D20FDF716FB0221BB
:103210004DF21E20FDF711FB67214DF21F20FDF737
:103220000CFB02214DF22020FDF707FB84214DF21B
:103230002120FDF702FB02214DF22220FDF7FDFACD
:10324000A4214DF22320FDF7F8FA02214DF22420AB
:10325000FDF7F3FAB7214DF22520FDF7EEFA022132
:103260004DF22620FDF7E9FACF214DF22720FDF798
:10327000E4FA02214DF22820FDF7DFFADE214DF2BB
:103280002920FDF7DAFA02214DF22A20FDF7D5FABE
:10329000F2214DF22B20FDF7D0FA02214DF22C2025
:1032A000FDF7CBFAFE214DF22D20FDF7C6FA0321E2
:1032B0004DF22E20FDF7C1FA10214DF22F20FDF71F
:1032C000BCFA03214DF23020FDF7B7FA33214DF25D
:1032D0003120FDF7B2FA03214DF23220FDF7ADFAAD
:1032E0006D214DF23320FDF7A8FA00214FF4534031
:1032F000FDF7A3FA33214DF20130FDF79EFA0021CC
:103300004DF20230FDF799FA34214DF20330FDF70A
:1033100094FA00214DF20430FDF78FFA3A214DF274
:103320000530FDF78AFA00214DF20630FDF785FAE7
:103330004A214DF20730FDF780FA00214DF20830A6
:10334000FDF77BFA5C214DF20930FDF776FA00219A
:103350004DF20A30FDF771FA81214DF20B30FDF785
:103360006CFA00214DF20C30FDF767FAA6214DF200
:103370000D30FDF762FA00214DF20E30FDF75DFAD7
:10338000E5214DF20F30FDF758FA01214DF21030D2
:10339000FDF753FA13214DF21130FDF74EFA0121DA
:1033A0004DF21230FDF749FA54214DF21330FDF77A
:1033B00044FA01214DF21430FDF73FFA82214DF21B
:1033C0001530FDF73AFA01214DF21630FDF735FAC6
:1033D000CA214DF21730FDF730FA02214DF21830B4
:1033E000FDF72BFA00214DF21930FDF726FA0221E4
:1033F0004DF21A30FDF721FA01214DF21B30FDF795
:103400001CFA02214DF21C30FDF717FA34214DF25F
:103410001D30FDF712FA02214DF21E30FDF70DFAB4
:1034200067214DF21F30FDF708FA02214DF22030DE
:10343000FDF703FA84214DF22130FDF7FEF9022158
:103440004DF22230FDF7F9F9A4214DF22330FDF7BA
:10345000F4F902214DF22430FDF7EFF9B7214DF2D6
:103460002530FDF7EAF902214DF22630FDF7E5F9A6
:10347000CF214DF22730FDF7E0F902214DF228303F
:10348000FDF7DBF9DE214DF22930FDF7D6F90221F7
:103490004DF22A30FDF7D1F9F2214DF22B30FDF734
:1034A000CCF902214DF22C30FDF7C7F9FE214DF287
:1034B0002D30FDF7C2F903214DF22E30FDF7BDF995
:1034C00010214DF22F30FDF7B8F903214DF23030C5
:1034D000FDF7B3F933214DF23130FDF7AEF9032199
:1034E0004DF23230FDF7A9F96D214DF23330FDF781
:1034F000A4F900214FF45440FDF79FF933214DF218
:103500000140FDF79AF900214DF20240FDF795F9CF
:1035100034214DF20340FDF790F900214DF20440B3
:10352000FDF78BF93A214DF20540FDF786F90021B0
:103530004DF20640FDF781F94A214DF20740FDF7B3
:103540007CF900214DF20840FDF777F95C214DF23E
:103550000940FDF772F900214DF20A40FDF76DF9BF
:1035600081214DF20B40FDF768F900214DF20C402E
:10357000FDF763F9A6214DF20D40FDF75EF900213C
:103580004DF20E40FDF759F9E5214DF20F40FDF7E0
:1035900054F901214DF21040FDF74FF913214DF27E
:1035A0001140FDF74AF901214DF21240FDF745F9AE
:1035B00054214DF21340FDF740F901214DF2144022
:1035C000FDF73BF982214DF21540FDF736F9012157
:1035D0004DF21640FDF731F9CA214DF21740FDF7C3
:1035E0002CF902214DF21840FDF727F900214DF288
:1035F0001940FDF722F902214DF21A40FDF71DF99D
:1036000001214DF21B40FDF718F900E004E302210F
:103610004DF21C40FDF711F934214DF21D40FDF72C
:103620000CF902214DF21E40FDF707F967214DF21A
:103630001F40FDF702F902214DF22040FDF7FDF891
:1036400084214DF22140FDF7F8F802214DF222408D
:10365000FDF7F3F8A4214DF22340FDF7EEF8022127
:103660004DF22440FDF7E9F8B7214DF22540FDF772
:10367000E4F802214DF22640FDF7DFF8CF214DF2AC
:103680002740FDF7DAF802214DF22840FDF7D5F882
:10369000DE214DF22940FDF7D0F802214DF22A40FB
:1036A000FDF7CBF8F2214DF22B40FDF7C6F80221D1
:1036B0004DF22C40FDF7C1F8FE214DF22D40FDF7F3
:1036C000BCF803214DF22E40FDF7B7F810214DF262
:1036D0002F40FDF7B2F803214DF23040FDF7ADF871
:1036E00033214DF23140FDF7A8F803214DF232406D
:1036F000FDF7A3F86D214DF23340FDF79EF8002150
:103700004FF45540FDF799F833214DF20150FDF784
:1037100094F800214DF20250FDF78FF834214DF25C
:103720000350FDF78AF800214DF20450FDF785F8AB
:103730003A214DF20550FDF780F800214DF2065078
:10374000FDF77BF84A214DF20750FDF776F800218E
:103750004DF20850FDF771F85C214DF20950FDF76C
:103760006CF800214DF20A50FDF767F881214DF207
:103770000B50FDF762F800214DF20C50FDF75DF89B
:10378000A6214DF20D50FDF758F800214DF20E50D4
:10379000FDF753F8E5214DF20F50FDF74EF80121EA
:1037A0004DF21050FDF749F813214DF21150FDF77D
:1037B00044F801214DF21250FDF73FF854214DF22B
:1037C0001350FDF73AF801214DF21450FDF735F88A
:1037D00082214DF21550FDF730F801214DF21650BF
:1037E000FDF72BF8CA214DF21750FDF726F80221FC
:1037F0004DF21850FDF721F800214DF21950FDF758
:103800001CF802214DF21A50FDF717F801214DF274
:103810001B50FDF712F802214DF21C50FDF70DF878
:1038200034214DF21D50FDF708F802214DF21E50D3
:10383000FDF703F867214DF21F50FCF7FEFF022150
:103840004DF22050FCF7F9FF84214DF22150FCF796
:10385000F4FF02214DF22250FCF7EFFFA4214DF2BC
:103860002350FCF7EAFF02214DF22450FCF7E5FF5C
:10387000B7214DF22550FCF7E0FF02214DF2265012
:10388000FCF7DBFFCF214DF22750FCF7D6FF0221DA
:103890004DF22850FCF7D1FFDE214DF22950FCF704
:1038A000CCFF02214DF22A50FCF7C7FFF2214DF266
:1038B0002B50FCF7C2FF02214DF22C50FCF7BDFF4C
:1038C000FE214DF22D50FCF7B8FF03214DF22E5092
:1038D000FCF7B3FF10214DF22F50FCF7AEFF032190
:1038E0004DF23050FCF7A9FF33214DF23150FCF777
:1038F000A4FF03214DF23250FCF79FFF6D214DF2E2
:103900003350FCF79AFF00214FF45640FCF795FF27
:1039100033214DF20160FCF790FF00214DF202606F
:10392000FCF78BFF34214DF20360FCF786FF00218A
:103930004DF20460FCF781FF3A214DF20560FCF77F
:103940007CFF00214DF20660FCF777FF4A214DF223
:103950000760FCF772FF00214DF20860FCF76DFF75
:103960005C214DF20960FCF768FF00214DF20A600E
:10397000FCF763FF81214DF20B60FCF75EFF002135
:103980004DF20C60FCF759FFA6214DF20D60FCF7DB
:1039900054FF00214DF20E60FCF74FFFE5214DF280
:1039A0000F60FCF74AFF01214DF21060FCF745FF64
:1039B00013214DF21160FCF740FF01214DF212601E
:1039C000FCF73BFF54214DF21360FCF736FF012159
:1039D0004DF21460FCF731FF82214DF21560FCF7C7
:1039E0002CFF01214DF21660FCF727FFCA214DF292
:1039F0001760FCF722FF02214DF21860FCF71DFF53
:103A000000214DF21960FCF718FF02214DF21A60F7
:103A1000FCF713FF01214DF21B60FCF70EFF0221A2
:103A20004DF21C60FCF709FF34214DF21D60FCF7DC
:103A300004FF02214DF21E60FCF7FFFE67214DF2EC
:103A40001F60FCF7FAFE02214DF22060FCF7F5FE44
:103A500084214DF22160FCF7F0FE02214DF222603C
:103A6000FCF7EBFEA4214DF22360FCF7E6FE0221F9
:103A70004DF22460FCF7E1FEB7214DF22560FCF722
:103A8000DCFE02214DF22660FCF7D7FECF214DF27D
:103A90002760FCF7D2FE02214DF22860FCF7CDFE34
:103AA000DE214DF22960FCF7C8FE02214DF22A60AA
:103AB000FCF7C3FEF2214DF22B60FCF7BEFE0221A3
:103AC0004DF22C60FCF7B9FEFE214DF22D60FCF7A3
:103AD000B4FE03214DF22E60FCF7AFFE10214DF233
:103AE0002F60FCF7AAFE03214DF23060FCF7A5FE23
:103AF00033214DF23160FCF7A0FE03214DF232601C
:103B0000FCF79BFE6D214DF23360FCF796FE5521CC
:103B10004FF47040FCF791FEAA214FF20100FCF730
:103B20008CFE52214FF20200FCF787FE08214FF273
:103B30000300FCF782FE00214FF20400FCF77DFE3B
:103B4000CC214FF43140FCF778FE00214BF20110FC
:103B5000FCF773FE05214FF43640FCF76EFE702132
:103B60004FF43740FCF769FE70214BF20170FCF70F
:103B700064FE01214FF43840FCF75FFE03214BF651
:103B80000100FCF75AFE03214BF60200FCF755FE3C
:103B900003214BF60300FCF750FE02214FF43C409A
:103BA000FCF74BFE00214BF60140FCF746FE0021DE
:103BB0004BF60240FCF741FED0214FF44940FCF7A0
:103BC0003CFE02214CF60110FCF737FE50214CF66A
:103BD0000210FCF732FE50214CF60310FCF72DFECC
:103BE00050214CF60410FCF728FE00214FF45450ED
:103BF000FCF723FE55214FF46850FCF71EFE4FF4EE
:103C00008850FCF7FFFD782002F0DCFA4FF42450D6
:103C1000FCF7F8FD01F05EB9FE48808849F22531D5
:103C200088427DD147F6F001E520FCF706FE4FF40F
:103C300080710120FCF701FE4FF4E0610220FCF7E7
:103C4000FCFD41F230010320FCF7F7FD00210420C8
:103C5000FCF7F3FD40F202210820FCF7EEFD002105
:103C60000920FCF7EAFD00210A20FCF7E6FD00210F
:103C70000C20FCF7E2FD00210D20FCF7DEFD002109
:103C80000F20FCF7DAFD00211020FCF7D6FD0721FC
:103C90001120FCF7D2FD00211220FCF7CEFD0021FF
:103CA0001320FCF7CAFD00210720FCF7C6FD41F2F6
:103CB00090611020FCF7C1FD40F227211120FCF794
:103CC000BCFD9D211220FCF7B8FD4FF4C851132014
:103CD000FCF7B3FD25212920FCF7AFFD0D212B209A
:103CE000FCF7ABFD07213020FCF7A7FD40F20331C4
:103CF0003120FCF7A2FD03213220FCF79EFD40F2AB
:103D000006213520FCF799FD08213620FCF795FDAA
:103D100040F206413720FCF790FD4FF4417100E07E
:103D200058E03820FCF789FD07213920FCF785FD94
:103D300040F202613C20FCF780FD08213D20FCF7A9
:103D40007CFD00215020FCF778FDEF215120FCF78D
:103D500074FD00215220FCF770FD40F23F1153200A
:103D6000FCF76BFD4FF427416020FCF766FD012155
:103D70006120FCF762FD00216A20FCF75EFD002156
:103D80008020FCF75AFD00218120FCF756FD002120
:103D90008220FCF752FD00218320FCF74EFD00211C
:103DA0008420FCF74AFD00218520FCF746FD102108
:103DB0009020FCF742FD4FF4C0619220FCF73DFDDE
:103DC00040F233110720FCF738FD22210020FCF7D8
:103DD00034FD1FE78F48808849F2283188427DD121
:103DE00041F28F01EC20FCF728FD41F23421EF2055
:103DF000FCF723FD4FF480710120FCF71EFD4FF40A
:103E0000E0610220FCF719FD41F230010320FCF7CC
:103E100014FD00210420FCF710FD40F202210820CF
:103E2000FCF70BFD00210920FCF707FD00210A200B
:103E3000FCF703FD01210C20FCF7FFFC00210D2005
:103E4000FCF7FBFC00210F20FCF7F7FC0021102001
:103E5000FCF7F3FC07211120FCF7EFFC00211220F6
:103E6000FCF7EBFC00211320FCF7E7FC0121072005
:103E7000FCF7E3FC322002F0EDF941F29041102012
:103E8000FCF7DBFC40F227211120FCF7D6FC3220A6
:103E900002F0E0F98A211220FCF7CFFC322002F078
:103EA000D9F94FF4D0511320FCF7C7FC0621292083
:103EB000FCF7C3FC0D212B20FCF7BFFC322002F0E5
:103EC000C9F900212020FCF7B8FC00212120FCF7D3
:103ED000B4FC322002F0BEF9002100E075E0302091
:103EE000FCF7ABFC40F204613120FCF7A6FC40F289
:103EF00005313220FCF7A1FC00213520FCF79DFCA8
:103F000040F609413620FCF798FC4FF40171372048
:103F1000FCF793FC40F201313820FCF78EFC40F2B4
:103F200007713920FCF789FC00213C20FCF785FC57
:103F300040F60A213D20FCF780FC322002F08AF98D
:103F400000215020FCF779FCEF215120FCF775FC93
:103F500000215220FCF771FC40F23F115320FCF786
:103F60006CFC4FF427416020FCF767FC01216120C5
:103F7000FCF763FC00216A20FCF75FFC0021802035
:103F8000FCF75BFC00218120FCF757FC002182201C
:103F9000FCF753FC00218320FCF74FFC0021842018
:103FA000FCF74BFC00218520FCF747FC10219020FA
:103FB000FCF743FC4FF4C0619220FCF73EFC40F25A
:103FC00033110720FCF739FC24E61248808849F2B7
:103FD000203188427ED100210846FCF72EFC4FF4A8
:103FE00080710120FCF729FC4FF4E0610220FCF70E
:103FF00024FC41F230010320FCF71FFC00210420C7
:10400000FCF71BFC40F202210820FCF716FC002103
:10401000092001E040040020FCF70FFC00210A20E9
:10402000FCF70BFC01210C20FCF707FC00210D2004
:10403000FCF703FC00210F20FCF7FFFB322002F00D
:1040400009F940F201110720FCF7F7FB322002F0DA
:1040500001F94FF486511020FCF7EFFB07211120E6
:10406000FCF7EBFB4FF488711220FCF7E6FB4FF4F2
:1040700030611320FCF7E1FB00212920FCF7DDFB78
:1040800044F210012B20FCF7D8FB00215020FCF754
:10409000D4FBEF215120FCF7D0FB00215220FCF78C
:1040A000CCFB40F23F115320FCF7C7FB4FF41C51EF
:1040B0006020FCF7C2FB01216120FCF7BEFB002160
:1040C0006A20FCF7BAFB00218020FCF7B6FB002138
:1040D000812000E030E0FCF7B0FB00218220FCF7FB
:1040E000ACFB00218320FCF7A8FB00218420FCF717
:1040F000A4FB00218520FCF7A0FB10219020FCF7F9
:104100009CFB00219220FCF798FB01219320FCF7F7
:1041100094FB4FF488719520FCF78FFB00219720CA
:10412000FCF78BFB00219820FCF787FB40F2731112
:104130000720FCF782FB6DE5FE48808849F23131AB
:1041400088427DD141F21401E720FCF776FB4FF461
:1041500080710120FCF771FB4FF400710220FCF725
:104160006CFB41F238010320FCF767FB40F20221AF
:104170000820FCF762FB00210920FCF75EFB002110
:104180000A20FCF75AFB00210C20FCF756FB00210B
:104190000D20FCF752FB00210F20FCF74EFB002105
:1041A0001020FCF74AFB07211120FCF746FB0021F9
:1041B0001220FCF742FB00211320FCF73EFBC82035
:1041C00002F048F841F290611020FCF736FB40F213
:1041D00027211120FCF731FB322002F03BF80C21A3
:1041E0001220FCF72AFB322002F034F84FF4006171
:1041F0001320FCF722FB11212920FCF71EFB0B21C9
:104200002B20FCF71AFB322002F024F8002120209A
:10421000FCF713FB40F23F112120FCF70EFB0021BD
:104220003020FCF70AFB4FF483713120FCF705FBCB
:1042300000213220FCF701FB4FF40171352000E032
:1042400064E0FCF7FAFA41F20A613620FCF7F5FA6D
:1042500040F207713720FCF7F0FA4FF483713820F1
:10426000FCF7EBFA40F207713920FCF7E6FA40F26E
:1042700002413C20FCF7E1FA40F60F413D20FCF7FB
:10428000DCFA00215020FCF7D8FAEF215120FCF78E
:10429000D4FA00215220FCF7D0FA40F23F1153200B
:1042A000FCF7CBFA4FF41C516020FCF7C6FA012151
:1042B0006120FCF7C2FA00216A20FCF7BEFA002157
:1042C0008020FCF7BAFA00218120FCF7B6FA002121
:1042D0008220FCF7B2FA00218320FCF7AEFA00211D
:1042E0008420FCF7AAFA00218520FCF7A6FA102109
:1042F0009020FCF7A2FA4FF4C0619220FCF79DFADF
:1043000040F233110720FCF798FA83E4894880884B
:1043100045F2084188427DD14FF480710120FCF7BD
:104320008CFA4FF4E0610220FCF787FA41F2300189
:104330000320FCF782FA00210420FCF77EFA40F209
:1043400007210820FCF779FA00210920FCF775FA0B
:1043500000210A20FCF771FA00210C20FCF76DFA0D
:1043600000210D20FCF769FA00210F20FCF765FA07
:10437000142001F06FFF41F2B0611020FCF75DFAEC
:1043800001211120FCF759FA01211720FCF755FAF9
:104390004FF49C711220FCF750FA4FF40061132087
:1043A000FCF74BFA09212920FCF747FA09212A20BA
:1043B000FCF743FA0021A420FCF73FFA002150202B
:1043C000FCF73BFAEF215120FCF737FA002152208D
:1043D000FCF733FA40F23F115320FCF72EFA4FF46A
:1043E0001C516020FCF729FA01216120FCF725FA15
:1043F00000216A20FCF721FA00218020FCF71DFA39
:1044000000218120FCF719FA00218220FCF715FA1F
:10441000002100E024E08320FCF70FFA0021842033
:10442000FCF70BFA00218520FCF707FA13219020F6
:10443000FCF703FA00219220FCF7FFF903219320F7
:10444000FCF7FBF94FF488719520FCF7F6F940F280
:1044500073110720FCF7F1F9322001F0FBFEB8E4FC
:104460003448808841F2055188427DD100210720DF
:10447000FCF7E3F9322001F0EDFE4FF48E711220CB
:10448000FCF7DBF90121A420FCF7D7F90F21082064
:10449000FCF7D3F908210A20FCF7CFF908210D20F9
:1044A000FCF7CBF940F207713020FCF7C6F9072181
:1044B0003120FCF7C2F940F203613220FCF7BDF96C
:1044C0004FF4E0613320FCF7B8F940F202213420C8
:1044D000FCF7B3F902213520FCF7AFF941F60F7173
:1044E0003620FCF7AAF940F207713720FCF7A5F94E
:1044F00000213820FCF7A1F900213920FCF79DF9B3
:1045000040F207713A20FCF798F900213B20FCF7B4
:1045100094F907213C20FCF790F900213D20FCF79D
:104520008CF9322001F096FE01210720FCF785F975
:10453000012101E0400400201720FCF77EF9322021
:1045400001F088FE4FF4BD511020FCF776F940F2DF
:1045500017211120FCF771F94FF48F711220FCF72D
:104560006CF94FF4706100E098E01320FCF765F9F6
:1045700000212A20FCF761F90A212920FCF75DF9C6
:104580004FF49F711220FCF758F900215020FCF7DE
:1045900054F9EF215120FCF750F900215220FCF78B
:1045A0004CF940F23F115320FCF747F94FF41C51EE
:1045B0006020FCF742F901216120FCF73EF900215F
:1045C0006A20FCF73AF900218020FCF736F9002137
:1045D0008120FCF732F900218220FCF72EF900211E
:1045E0008320FCF72AF900218420FCF726F900211A
:1045F0008520FCF722F913219020FCF71EF94FF4D7
:1046000040719220FCF719F905219320FCF715F968
:1046100000219520FCF711F900219720FCF70DF9F6
:1046200000219820FCF709F94FF480710120FCF774
:1046300004F94FF4E0610220FCF7FFF841F2380181
:104640000320FCF7FAF800210420FCF7F6F800211B
:104650000C20FCF7F2F800210F20FCF7EEF8002107
:104660002020FCF7EAF800212120FCF7E6F82121C0
:104670000720FCF7E2F8142001F0ECFD612107208F
:10468000FCF7DBF8142001F0E5FD40F27311072080
:10469000FCF7D3F8142001F0DDFD95E4FE48808896
:1046A0004BF2055188427CD100210846FCF7C5F841
:1046B00000210846FCF7C1F800210846FCF7BDF8C8
:1046C00000210846FCF7B9F80121A420FCF7B5F851
:1046D000142001F0BFFD4FF41C516020FCF7ADF831
:1046E00040F202210820FCF7A8F84FF405713020B1
:1046F000FCF7A3F843F215713120FCF79EF840F265
:1047000004613220FCF799F840F616613320FCF77B
:1047100094F842F211213420FCF78FF84FF4A8519D
:104720003520FCF78AF848F207513620FCF785F867
:1047300041F207413720FCF780F841F2034138206D
:10474000FCF77BF820213920FCF777F81A2190201C
:10475000FCF773F800211020FCF76FF807211120F7
:10476000FCF76BF800211220FCF767F800211320FA
:10477000FCF763F8142001F06DFD4FF4E6611020A2
:10478000FCF75BF840F237111120FCF756F81420C3
:1047900001F060FD4FF4DC711220FCF74EF814209C
:1047A00000E085E001F056FD4FF470611320FCF746
:1047B00044F880212A20FCF740F848212920FCF702
:1047C0003CF8142001F046FD4FF480710120FCF705
:1047D00034F84FF4E0610220FCF72FF841F2380181
:1047E0000320FCF72AF840F202210820FCF725F804
:1047F00000210A20FCF721F800210C20FCF71DF80D
:1048000000210D20FCF719F830210E20FCF715F8D7
:1048100000215020FCF711F8EF215120FCF70DF892
:1048200000215220FCF709F840F23F115320FCF719
:1048300004F84FF41C516020FBF7FFFF01216120B9
:10484000FBF7FBFF00216A20FBF7F7FF1121902007
:10485000FBF7F3FF4FF4C0619220FBF7EEFF40F24D
:1048600002419320FBF7E9FF02219420FBF7E5FFCB
:10487000142001F0EFFC01210720FBF7DEFF1420DC
:1048800001F0E8FC61210720FBF7D7FF40F273112C
:104890000720FBF7D2FF00212020FBF7CEFF0021ED
:1048A0002120FBF7CAFF22210020FBF7C6FF11E3FE
:1048B000794880884CF2055188427CD10021084615
:1048C000FBF7BBFF00210846FBF7B7FF142001F000
:1048D000C1FC00210846FBF7B0FF00210846FBF7AA
:1048E000ACFF00210846FBF7A8FF00210846FBF7B4
:1048F000A4FF0121A420FBF7A0FF142001F0AAFCD3
:104900004FF41C516020FBF798FF40F60601082089
:10491000FBF793FF40F203713020FBF78EFF01217C
:104920003120FBF78AFF04213220FBF786FF4FF48A
:1049300081713320FBF781FF4FF440713420FBF786
:104940007CFF40F203113520FBF777FF1F21362053
:10495000FBF773FF40F203713720FBF76EFF012175
:104960003820FBF76AFF04213920FBF766FF152189
:104970009020FBF762FF4FF482611020FBF75DFF90
:1049800040F247211120FBF758FF4FF4DE7112204F
:10499000FBF753FF4FF460611320FBF74EFF7820C5
:1049A00001F058FC4FF480710120FBF746FF4FF4F3
:1049B0000071022000E052E0FBF73FFF41F23001BE
:1049C0000320FBF73AFF08210A20FBF736FF0021FE
:1049D0000C20FBF732FF20210E20FBF72EFF0021D9
:1049E0000F20FBF72AFF00212020FBF726FF0021E4
:1049F0002120FBF722FF3D212A20FBF71EFF142078
:104A000001F028FC2D212920FBF717FF0021502061
:104A1000FBF713FF4DF2EF015120FBF70EFF0021D2
:104A20005220FBF70AFF40F23F115320FBF705FF2E
:104A300000216120FBF701FF00216A20FBF7FDFE4A
:104A40004FF440719220FBF7F8FE05219320FBF70D
:104A5000F4FE4FF480710720FBF7EFFE3AE20E48B8
:104A6000808844F2315188427ED101210020FBF739
:104A7000E4FE0A2001F0EEFB41F228611020FBF772
:104A8000DCFE0E211220FBF7D8FE40F63921132060
:104A9000FBF7D3FE0A2001E04004002001F0DAFB1E
:104AA00040211120FBF7C9FE50211520FBF7C5FE60
:104AB0000A2001F0CFFB1E211220FBF7BEFE0A20C8
:104AC00001F0C8FB4FF4B1511020FBF7B6FE42F6DF
:104AD00039211320FBF7B1FE0A2001F0BBFB4FF494
:104AE00080710120FBF7A9FE4FF440710220FBF713
:104AF000A4FE41F238010320FBF79FFE40F20221A1
:104B00000820FBF79AFE08210A20FBF796FE0021F9
:104B10003020FBF792FE40F202413120FBF78DFE80
:104B20004FF483713220FBF788FE40F203513320AB
:104B3000FBF783FE4FF482713420FBF77EFE40F2D8
:104B400001313520FBF779FE40F207713620FBF783
:104B500074FE40F205313720FBF76FFE4FF402710F
:104B60003820FBF76AFE00E03EE040F60B7139208A
:104B7000FBF763FE02214120FBF75FFE4FF41C515F
:104B80006020FBF75AFE01216120FBF756FE4FF42F
:104B900004719020FBF751FE4FF485719220FBF7D2
:104BA0004CFE04219320FBF748FE4FF48071A020B7
:104BB000FBF743FE01210720FBF73FFE21210720E1
:104BC000FBF73BFE23210720FBF737FE33210720AD
:104BD000FBF733FE40F233110720FBF72EFE0021D6
:104BE000A020FBF72AFE75E1F748808844F2355192
:104BF00088427CD130211520FBF71FFE10219A201E
:104C0000FBF71BFE20211120FBF717FE43F2284182
:104C10001020FBF712FE02211220FBF70EFE41F2DC
:104C200038011320FBF709FE282001F013FB1221A5
:104C30000846FBF702FE282001F00CFB43F220415E
:104C40001020FBF7FAFD43F238011320FBF7F5FDC6
:104C5000462001F0FFFA00213020FBF7EEFD40F284
:104C600002413120FBF7E9FD40F207313220FBF72A
:104C7000E4FD4FF441713320FBF7DFFD04213420C4
:104C8000FBF7DBFD40F201413520FBF7D6FD40F29A
:104C900007713620FBF7D1FD40F205313720FBF7D5
:104CA000CCFD4FF4C2613820FBF7C7FD4FF4C26161
:104CB0003920FBF7C2FD4FF480710120FBF7BDFDE9
:104CC0004FF440710220FBF7B8FD41F230010320A0
:104CD000FBF7B3FD40F608010820FBF7AEFD082105
:104CE0000A20FBF7AAFD4FF41C51602000E033E0DE
:104CF000FBF7A3FD01216120FBF79FFD4FF49F719E
:104D00009020FBF79AFD4FF480719220FBF795FD00
:104D10004FF480719320FBF790FD4FF44051A02099
:104D2000FBF78BFD1021A320FBF787FD0121072056
:104D3000FBF783FD21210720FBF77FFD23210720BF
:104D4000FBF77BFD33210720FBF777FD40F23311A2
:104D50000720FBF772FDBDE09B48808841F6631198
:104D60008842F8D1E220FBF74DFD1D20FBF753FDF3
:104D70000220FBF750FD0420FBF74DFD642001F0FD
:104D800021FAE020FBF73EFD0120FBF744FD0A205D
:104D900001F060FAE020FBF735FD0320FBF73BFD57
:104DA0000C2001F057FA0120FBF72CFD0A2001F03E
:104DB00051FAE620FBF726FD2F20FBF72CFDFF2004
:104DC000FBF729FDFF20FBF726FDB020FBF71AFDBE
:104DD0002020FBF720FD0020FBF71DFD0320FBF743
:104DE0001AFD40F21F30FBF716FD0120FBF713FD03
:104DF00040F2DF10FBF70FFD0020FBF70CFDB420A5
:104E0000FBF700FD0420FBF706FD40F21F40FBF717
:104E100002FD0020FBF7FFFC2E20FBF7FCFC00202E
:104E2000FBF7F9FC0020FBF7F6FC0020FBF7F3FC96
:104E30000020FBF7F0FCB620FBF7E4FC0220FBF7B8
:104E4000EAFC4FF40370FBF7E6FC0020FBF7E3FC01
:104E50001720FBF7E0FC1520FBF7DDFC0020FBF73B
:104E6000DAFC0020FBF7D7FCF020FBF7CBFC03209B
:104E7000FBF7D1FC2920FBF7C5FCD020FBF7C2FCD7
:104E80000020FBF7C8FCBE20FBF7BCFC0520FBF7AD
:104E9000C2FCFE20FBF7BFFC0120FBF7BCFC00209E
:104EA000FBF7B9FC0020FBF7B6FC0020FBF7B3FCD6
:104EB000B820FBF7A7FC0320FBF7ADFC0120FBF7B4
:104EC000AAFCBA20FBF79EFC0120FBF7A4FC64209F
:104ED000FCF70BF90020FCF734F901203B4908608E
:104EE0004FF6FF70FCF71CFB21B000BD2DE9FC4F15
:104EF00005460E4617469846DDF82C900020019096
:104F00003148808846F60401884229D12E488079AC
:104F1000012825D1AB4635462B480088C01B401ED2
:104F200086B2474628480088A0EB0B00401E1FFAB7
:104F300080F80020244988712A2048812B2088810C
:104F400043463A4631462846CDF80090FFF7CEFF5B
:104F500001201D4988712B2048812A2088811DE06D
:104F6000781B401C80B20190344615E0214628464B
:104F7000FBF792FCFBF773FC4FF0000A07E04FF0E1
:104F8000D840A0F880900AF101001FFA80FA019839
:104F90008245F4DB601C84B24445E7DDBDE8FC8F4C
:104FA0002DE9F84F07460D4690469946DDF828B0A2
:104FB000A8EB0700401C1FFA80FAA9EB0500401C73
:104FC00080B20090002418E040040020BC824042DF
:104FD000281981B23846FBF75FFCFBF740FC00263E
:104FE00007E004FB0A603BF81000F8490880701CD9
:104FF00086B25645F5DB601C84B200988442E7DB3C
:10500000BDE8F88F2DE9FF4F84B081468A46002025
:10501000039002900698A0EB09050798A0EB0A06FA
:10502000CDF80490CDF800A0002D01DD012705E0AA
:105030000DB9002702E04FF0FF376D42002E02DD70
:105040004FF0010806E016B94FF0000802E04FF0FB
:10505000FF387642B54201DD2C4600E034464FF081
:10506000000B21E0009A91B2019A90B2FBF76DFF1C
:105070000398284403900298304402900398A04279
:1050800005DD0398001B03900198384401900298B5
:10509000A04205DD0298001B029000984044009059
:1050A0000BF101001FFA80FB601C8345DADD08B0BC
:1050B000BDE8F08FF0B504460D4616461F462B4658
:1050C000324629462046FFF79DFF3B4622462946A9
:1050D0002046FFF797FF3B46324639462046FFF70A
:1050E00091FF3B46324629463046FFF78BFFF0BD25
:1050F0002DE9F04306460F4690460024454603201E
:10510000A0EB48093CE07A1B91B2321990B2FBF750
:105110001CFF3A1B91B2721990B2FBF716FF3A19B5
:1051200091B2721990B2FBF710FF7A1991B232194D
:1051300090B2FBF70AFF7A1991B2321B90B2FBF7DB
:1051400004FF3A1991B2721B90B2FBF7FEFE7A1B74
:1051500091B2321B90B2FBF7F8FE3A1B91B2721B70
:1051600090B2FBF7F2FE641CB9F1000F03DAA00065
:10517000801D814404E0601B80000A3081446D1E64
:10518000AC42C0DDBDE8F0832DE9F84F80460E4605
:1051900017461C46B3462046E31704EB5373DB1057
:1051A00021464FEAE47C04EB5C7C4FEAEC0CA4EB78
:1051B000CC0CBCF1000F02D04FF0010C01E04FF01D
:1051C000000C6344224604EBD27C4FEA6C0C03FBD8
:1051D0000CF3DBB20093A7F12000C7B2002556E024
:1051E0000C2C07D107EB4700794901EB800010F840
:1051F000059013E0102C05D1764800EB071010F84D
:1052000005900BE0182C07D107EBC700724901EBA2
:10521000800010F8059001E0BDE8F88F4FF0000A1B
:105220002FE009F0800030B16C48028831464046DA
:10523000FBF799FE07E00A9828B9694802883146C9
:105240004046FBF790FE4FEA49604FEA1069701C38
:1052500086B264484088B04200DCDDE7A6EB0B0074
:10526000A0420AD15E4608F101001FFA80F85D48AD
:105270000088404500DCCFE706E00AF1010000F0BD
:10528000FF0ABAF1080FCCDB00BF681CC5B200985A
:105290008542A5DB00BFBFE710B50246012000E054
:1052A00050430B1EA1F10104E1B2F9D110BD2DE96B
:1052B000FF4F81B0074691461E460E9D4FF0000AF3
:1052C000002439E0301B401EC1B20A20FFF7E4FF82
:1052D000B9FBF0F00A21B0FBF1F201FB1208BAF1C0
:1052E000000F16D1701EA04213DDB8F1000F0ED1D1
:1052F0000020AB4605EBDB71491001FB0471009007
:1053000088B22B4620220299FFF73EFF12E04FF0B1
:10531000010A0020AB4605EBDB71491001FB04716B
:10532000009088B208F13001CAB22B460299FFF70B
:105330002BFF00BF601CC4B2B442C3DB05B0BDE8A4
:10534000F08F2DE9FF4F82B0064692461F46DDE9F9
:105350000F480020019000255CE0781B401EC1B280
:105360000A20FFF799FFBAFBF0F00A21B0FBF1F237
:1053700001FB1209019840BB781EA84236DDB9F145
:10538000000F31D108F0800078B108F00100A34689
:1053900004EBDB71491001FB0561009088B22346E4
:1053A00030220399FFF7F0FE0EE008F00100A3465B
:1053B00004EBDB71491001FB0561009088B22346C4
:1053C00020220399FFF7E0FE22E00FE08000006C4E
:1053D000328B0008A68F0008969500081C04002058
:1053E0001E040020400400200120019008F001006C
:1053F000A34604EBDB71491001FB0561009088B204
:1054000009F13001CAB223460399FFF7BDFE00BF80
:10541000681CC5B2BD42A0DB06B0BDE8F08F2DE927
:10542000F84704460D4690469946DDE9096704F0C1
:10543000FF0A08EB04001FFA80F809EB05001FFAC9
:1054400080F916E0444502DB5446A81985B24D4563
:1054500000DB14E0002000903A78334629462046CD
:10546000FFF792FE304606EBD07104EB61018CB27F
:105470007F1C38787E2802DC38782028E2DA00BFEA
:10548000BDE8F8871CB50121112001F041FE1C2068
:10549000009000208DF8040003208DF80500012005
:1054A0008DF807006946354801F0B0F801200090FA
:1054B00002208DF807006946314801F0A7F81CBDAD
:1054C00010B5044614B101202E4908702D4800780B
:1054D000002837D01021294801F0FAF878B10821C6
:1054E000264801F0F5F850B10421244801F0F0F805
:1054F00028B10121224801F0EBF8012822D10A202D
:1055000000F0A8FE00201F49087010211B4801F080
:10551000DFF808B9012010BD0821184801F0D8F8BB
:1055200008B90220F7E70421144801F0D1F808B9BE
:105530000320F0E70121124801F0CAF801281BD12D
:105540000420E8E710210D4801F0C2F8012813D12A
:1055500008210A4801F0BCF801280DD104210748B0
:1055600001F0B6F8012807D10121054801F0B0F893
:1055700010B90120034908700020CCE70010024058
:1055800000000240200400201CB50121022001F08F
:10559000BFFD4FF44070009001208DF80400002002
:1055A0008DF8060003208DF8050001208DF8070016
:1055B0006946FA4801F02AF80120F9490860F949DA
:1055C000C1F8A4021CBD10B5F448006820F44020C6
:1055D000F24908600846006840F480200860012015
:1055E000EF49091D0860EF49C1F8A002042000F04E
:1055F000E9FD0020EA49091D0860042000F0E2FDF1
:105600000020E849C1F8A00210BD10B5E3480068C9
:1056100020F44020E14908600846006840F48020FA
:1056200008600020DE490860DE49C1F8A4020420B9
:1056300000F0C8FD0120DA490860DA49C1F8A40287
:10564000042000F0BFFD10BD10B50024D348006851
:1056500020F44020D1490860084600680860012015
:10566000CF49091D086000F0ADFD0120CD49C1F80A
:10567000A00200F0A7FD07E0601CC4B2FA2C03DD15
:10568000FFF7C3FF012010BDC5487C380068002823
:10569000F2D1C349086000BFF5E710B50020C0494A
:1056A0000860BE48006820F44020BC4908600846F5
:1056B000006840F4802008600020BA49C1F8A402C4
:1056C000022000F07FFD0120B5490860022000F0B3
:1056D00079FD0020B349C1F8A00210BD10B500202B
:1056E000AF490860AD48006820F44020AB4908602D
:1056F0000846006840F4802008600120A949C1F8EC
:10570000A402022000F05EFD0120A54908600220ED
:1057100000F058FD0020A349C1F8A00210BD70B5EB
:1057200004469E48006820F440209C4908600846D2
:10573000006840F480200860002099490860002536
:1057400017E0E0099649091D08606006040E022072
:1057500000F038FD01209349C1F8A002022000F0BA
:1057600031FD00208E490860022000F02BFD681CEE
:10577000C5B2082DE5DB70BD70B50546002487482D
:10578000006820F4402085490860084600680860E9
:10579000002616E0002082490860022000F012FD79
:1057A00001208049C1F8A0026006040E7C487C38C4
:1057B000006808B1601CC4B2012000F003FD701C39
:1057C000C6B2082EE6DB15B9FFF788FF01E0FFF748
:1057D00064FF204670BD1CB50121022001F098FC39
:1057E000C020009001208DF8040000208DF80600F4
:1057F00003208DF8050001208DF8070069466748F1
:1058000000F004FF01206649083908606549C1F8C5
:105810009C021CBD10B56148006820F440405F49FF
:1058200008600846006840F48040086001205C4938
:10583000091F086000F0C6FC01205A49C1F898020F
:10584000022000F0BFFC00205549091F086002201B
:1058500000F0B8FC00205349C1F8980210BD10B503
:105860004E48006820F440404C49086008460068F3
:1058700040F48040086000204949091F0860012069
:1058800000F0A0FC01204749C1F89802022000F076
:1058900099FC01204249091F0860022000F092FC97
:1058A00010BD10B500243D48006820F440403B493D
:1058B000086008460068086001203949091F08602F
:1058C00000F080FC01203749C1F8980200F07AFC12
:1058D00007E0601CC4B2FA2C03DDFFF7C0FF012013
:1058E00010BD2F48843800680028F2D12C490839AF
:1058F000086000BFF4E710B52848006820F4404075
:10590000264908600846006840F48040086000208E
:105910002349091F0860012000F054FC012021499F
:10592000C1F89802022000F04DFC00201C49083903
:105930000860012000F046FC10BD10B51748006853
:1059400020F44040154908600846006840F4804053
:10595000086001201249091F086000F033FC012093
:105960001049C1F89802022000F02CFC00200C49DC
:1059700008390860012000F025FC10BD70B5044610
:105980000648006820F44040044908600846006862
:1059900040F48040086000251EE000000004024042
:1059A000A082404200804042E009FE490860600653
:1059B000040E012000F006FC0120FB49C1F898020A
:1059C000022000F0FFFB0020F649091F08600120BB
:1059D00000F0F8FB681CC5B2082DE5DB0120F14999
:1059E0000860F248006820F44040F049086008462A
:1059F00000680860022000F0E5FB0120EA49C1F8D8
:105A00009802022000F0DEFBE6488038006840B1D2
:105A10000020E449091F0860022000F0D3FB0020A9
:105A200070BD0020DF49091F0860022000F0CAFB9A
:105A30000120F5E770B505460024DC48006820F435
:105A40004040DA490860084600680860002617E010
:105A50000020D449091F0860012000F0B3FB012099
:105A6000D149C1F898026006040ECE48803800681B
:105A700008B1601CC4B2012000F0A4FB701CC6B2C7
:105A8000082EE5DB15B9FFF758FF01E0FFF733FFFC
:105A9000204670BD10B50446FFF7BCFE7820FFF726
:105AA0006DFF0020FFF76AFF2046FFF767FFFFF753
:105AB000D6FE10BD10B50446FFF7ACFE7820FFF708
:105AC0005DFF4020FFF75AFF2046FFF757FFFFF723
:105AD000C6FE10BD70B504460D461DB1E0B2FFF71D
:105AE000E9FF02E0E0B2FFF7D5FF70BD70B50446F4
:105AF0000D4605F1B0000021FFF7ECFFA11CC1F33A
:105B0000031141F010000021FFF7E4FFA11C01F098
:105B10000F000021FFF7DEFF70BD70B5002418E014
:105B200004F1B0000021FFF7D5FF00210220FFF7AC
:105B3000D1FF00211020FFF7CDFF002505E0012156
:105B40000020FFF7C7FF681CC5B2802DF7DB601C83
:105B5000C4B2082CE4DB70BD70B5002418E004F179
:105B6000B0000021FFF7B6FF00210220FFF7B2FFCF
:105B700000211020FFF7AEFF002505E00121FF20E6
:105B8000FFF7A8FF681CC5B2802DF7DB601CC4B20C
:105B9000082CE4DB70BD10B50021AE20FFF79AFFA2
:105BA00000210220FFF796FF00211020FFF792FF4F
:105BB00000214020FFF78EFF00218120FFF78AFFA0
:105BC0000021CF20FFF786FF0021A120FFF782FFF1
:105BD0000021C820FFF77EFF0021A620FFF77AFFF3
:105BE0000021A820FFF776FF00213F20FFF772FF7A
:105BF0000021D320FFF76EFF00210846FFF76AFF60
:105C00000021D520FFF766FF00218020FFF762FF0B
:105C10000021D920FFF75EFF0021F120FFF75AFF96
:105C20000021DA20FFF756FF00211220FFF752FF74
:105C30000021DB20FFF74EFF00214020FFF74AFF45
:105C40000021A420FFF746FF0021A620FFF742FF16
:105C50000021AF20FFF73EFFFFF75FFF002108465E
:105C6000FFF744FF10BD2DE9F04105460E461746EB
:105C70004FF000080024A7F1200000F0FF087F2D5E
:105C800002DD0025701CC6B231462846FFF72EFF04
:105C900000240AE008EB4801454A02EB4101085D97
:105CA0000121FFF717FF601CC4B2062CF2DBBDE830
:105CB000F0812DE9F04106460D4617464FF00008E9
:105CC0000024A7F1200000F0FF087F2E02DD00264F
:105CD000A81CC5B26806010E3046FFF707FF002476
:105CE00008E0344901EB0811085D0121FFF7F2FEDD
:105CF000601CC4B2082CF4DB012000EB4500C1B2EB
:105D00003046FFF7F3FE082408E02A4901EB0811AA
:105D1000085D0121FFF7DEFE601CC4B2102CF4DB2D
:105D2000BDE8F0812DE9F04106460D4617464FF0DB
:105D300000080024A7F1200000F0FF087F2E02DDFC
:105D40000026A81CC5B26806010E3046FFF7CEFE3D
:105D500000240CE008EB480101EBC801164A02EBF5
:105D60004101085D0121FFF7B5FE601CC4B20B2C98
:105D7000F0DB012000EB4500C1B23046FFF7B6FE74
:105D80000B240CE008EB480101EBC8010A4A02EBC6
:105D90004101085D0121FFF79DFE601CC4B2162C75
:105DA000F0DB0BE09C824042008040420004024055
:105DB000F2A200081AA50008FAAA0008BDE8F081BE
:105DC0002DE9F04107460D46904600260024A8F133
:105DD0002000C6B27F2F02DD0027281DC5B2A8060D
:105DE000010E3846FFF782FE00240CE006EB460168
:105DF00001EBC601374A02EB4101085D0121FFF7C3
:105E000069FE601CC4B2182CF0DB012000EB850099
:105E1000C1B23846FFF76AFE18240CE006EB4601D3
:105E200001EBC6012B4A02EB4101085D0121FFF79E
:105E300051FE601CC4B2302CF0DB022000EB850068
:105E4000C1B23846FFF752FE30240CE006EB4601A3
:105E500001EBC6011F4A02EB4101085D0121FFF77A
:105E600039FE601CC4B2482CF0DB032000EB850037
:105E7000C1B23846FFF73AFE48240CE006EB460173
:105E800001EBC601134A02EB4101085D0121FFF756
:105E900021FE601CC4B2602CF0DBBDE8F0812DE96E
:105EA000F04104460F46154600260EE0AA5D39462D
:105EB0002046FFF7D8FE04F10800C4B2782C02DDBA
:105EC0000024B81CC7B2701CC6B2A85D0028EDD172
:105ED000BDE8F081FAAA000810B5FFF755FB10BD28
:105EE00070B504460026FFF76EFB2546E11704EB6C
:105EF00011610912A02202EB4101C8B2FFF70FFCA9
:105F0000FFF7A2FBE11704EB11610912A4EB0121D9
:105F1000C8B2FFF704FCFFF797FBFFF754FBA12083
:105F2000FFF7FDFBFFF790FB0020FFF725FC06467F
:105F3000FFF76BFB304670BD70B504460E46FFF7A9
:105F400042FB2546E11704EB11610912A02202EB86
:105F50004101C8B2FFF7E3FBFFF776FBE11704EB63
:105F600011610912A4EB0121C8B2FFF7D8FBFFF7BA
:105F70006BFB3046FFF7D3FBFFF766FBFFF745FBF4
:105F80000A2000F067F970BD2DE9F04105460E4684
:105F90001746002409E0E20026FA02F2D1B22A19DB
:105FA00090B2FFF7C9FF601CC4B2BC42F3DBBDE88E
:105FB000F0812DE9F04107460C460026002509E056
:105FC00036023919491B491E88B2FFF789FF06447A
:105FD000681CC5B2A542F3DB3046BDE8F08110B5C0
:105FE000FF20FFF77DFF0446552C01D1002010BD96
:105FF0005521FF20FFF7A0FFFF20FFF771FF0446A8
:10600000552C01D10020F2E70120F0E770B50646DB
:106010000C46154608E03046721C96B2FFF760FF4A
:1060200004F8010B681E85B2002DF4D170BD70B567
:1060300005460C46164606E021782846FFF77CFF09
:10604000681C85B2641C301EA6F101018EB2F3D12A
:1060500070BD00007FB505460C460121022001F00D
:10606000A0F80295ADF804400020ADF80600ADF8A8
:106070000C0001A90D4801F0C0FC012211460B489B
:1060800002F05CF90121094801F040FD1D208DF866
:10609000000001208DF8010003208DF8020001208E
:1060A0008DF80300684600F0C0F97FBD0004004091
:1060B0000EB5FFF7E7F90121880301F083F802210B
:1060C000042001F08AF90321042001F086F904215B
:1060D000084601F082F90021084601F07EF901200E
:1060E000009000208DF8040008208DF805000120A4
:1060F0008DF80600684602F033FA1C20009000205C
:106100008DF804000C208DF8050001208DF80600A4
:10611000684602F025FA06208DF8080000208DF868
:10612000090002208DF80A0001208DF80B0002A85A
:1061300000F07BF908208DF8080003208DF8090095
:1061400002208DF80A0001208DF80B0002A800F053
:106150006CF909208DF8080002208DF809008DF8EF
:106160000A0001208DF80B0002A800F05EF90A2059
:106170008DF8080001208DF8090002208DF80A0032
:1061800001208DF80B0002A800F04FF90EBD0000B1
:1061900010B504466FF0040000F094F9E11704EB29
:1061A0005171C1F3C701394A11701046007800EBF4
:1061B0004001C1EBC0104FF6FF7101EAC000344945
:1061C000088010BD0146314A12784A434FF0E0235F
:1061D0005A6100229A611A46126942F001021A615C
:1061E00000BF4FF0E022106900F001021AB100F484
:1061F0008032002AF5D04FF0E022126922F001022D
:106200004FF0E0231A6100229A6170470146204A4C
:1062100012884A434FF0E0235A6100229A611A46DD
:10622000126942F001021A6100BF4FF0E0221069CA
:1062300000F001021AB100F48032002AF5D04FF0CC
:10624000E022126922F001024FF0E0231A610022DD
:106250009A61704770B504464FF4077094FBF0F0F4
:10626000C6B24FF4077094FBF0F100FB114085B209
:1062700005E04FF40770FFF7C9FF701EC6B2002E8D
:10628000F7D115B12846FFF7C1FF70BD22040020E9
:1062900024040020014600BF704700BF4C4A12880A
:1062A00002F04002002AF9D0C2B2494B9A807047EE
:1062B00010B588B004460121084600F029FF0121ED
:1062C000102000F07FFF07220921424800F029FA40
:1062D00007220A213F4800F024FA4FF4C0600690DC
:1062E00002208DF81C008DF81D0000208DF81E0086
:1062F00001208DF81F0006A9364800F087F90294A6
:106300000020ADF80C00ADF80E00ADF81000ADF8AF
:1063100014000C20ADF8120002A92D4801F0FDF880
:1063200001212B4801F081F9012240F22551284832
:1063300001F031FA25208DF8040003208DF80500C6
:106340008DF8060001208DF8070001A800F06DF817
:1063500008B010BD10B540F225511D4801F056FAA5
:1063600010B31B4801F090F9C4B21B48008800F438
:106370000040C8B91848008800F4804060B10A2C79
:1063800003D000201449088020E01348008840F41E
:1063900000401149088019E00D2C06D10E480088F4
:1063A00040F480400C49088010E00B480088C0F39E
:1063B0000D000A490C5408480088401C0649088012
:1063C00008460088C72801DD0020088010BD0000B5
:1063D00000100140000002402C0400204E04002068
:1063E0000948804709480047FEE7FEE7FEE7FEE769
:1063F000FEE7FEE7FEE7FEE7FEE7FEE704480549A5
:10640000054A064B70470000910600088901000804
:1064100078050020780B00207807002078070020FE
:1064200032490143324A1160704770B500210023A0
:106430000F22C4781CB32E4C246804F4E064C4F525
:10644000E064C4F30721C1F10404E3B20A414478D3
:106450009C40E1B28478144021430C07210E254C66
:1064600005786155047804F01F050124AC400578D7
:106470006D11AD0005F1E025C5F8004109E0047893
:1064800004F01F050124AC401B4D0678761145F839
:10649000264070BD194A0A400243154B1B1F1A6063
:1064A000704739B1124A121D12680243104B1B1D6E
:1064B0001A6006E00E4A121D126882430C4B1B1D27
:1064C0001A607047042808D14FF0E021096941F0B3
:1064D00004014FF0E022116107E04FF0E02109696B
:1064E00021F004014FF0E022116170470000FA052D
:1064F0000CED00E000E400E080E100E080FFFF1F21
:1065000010B504469848844208D10121084600F09D
:106510006AFE0021012000F066FE76E09348844286
:1065200008D10121022000F05EFE0021022000F0CF
:106530005AFE6AE08E48844208D10121042000F00E
:1065400052FE0021042000F04EFE5EE089488442A5
:1065500008D10121082000F046FE0021082000F0AB
:1065600042FE52E08448844208D10121102000F00C
:106570003AFE0021102000F036FE46E07F488442BB
:1065800008D10121202000F02EFE0021202000F063
:106590002AFE3AE07A48844208D10121402000F0E6
:1065A00022FE0021402000F01EFE2EE075488442AD
:1065B00008D10121802000F016FE0021802000F08B
:1065C00012FE22E07048844208D10121801500F0BB
:1065D0000AFE0021A01500F006FE16E06B4884427A
:1065E00008D10121401500F0FEFD0021601500F0EA
:1065F000FAFD0AE06648844207D10121001500F047
:10660000F2FD0021201500F0EEFD10BDF0B50A46A8
:1066100000210023002400BF3DE0012505FA01F31D
:10662000156805EA03049C4234D105684F0003262F
:10663000BE40B543056015794E00B5400668354348
:1066400005601579012D02D01579022D16D18568C6
:106650004F000326BE40B543856055794E00B540D6
:10666000866835438560456801268E40B5434560A0
:10667000456896798E40B6B235434560C5684F008F
:106680000326BE40B543C560D5794E00B540C66807
:106690003543C560491C1029BFD3F0BD4FF6FF71CB
:1066A00001600021017141718171C171704708B5AC
:1066B0004FF480320092009A0A430092009AC2611D
:1066C000C161009AC261C2690092C269009208BDAC
:1066D0000246002013690B400BB1012000E00020AE
:1066E00070470146086980B270470246002053692E
:1066F0000B400BB1012000E00020704701464869C3
:1067000080B2704701837047418370470AB10183AB
:1067100000E0418370474161704742694A404261ED
:106720007047F0B5002300244D07ED0E02FA05F383
:10673000CE1000F1200555F826504E07F70E0F2613
:10674000BE40B543CF1000F1200646F82750CE10CA
:1067500000F1200555F8265045EA0304CE1000F15B
:10676000200545F82640F0BD00000240000402402C
:1067700000080240000C02400010024000140240D9
:1067800000180240001C0240002002400024024089
:106790000028024030B943F2DB028100A1F1C04180
:1067A0000A6005E043F2D2028100A1F1C0410A6013
:1067B0006FF07042411C8900A1F1C0410A60810064
:1067C000A1F1C041C1F804217047D0E90112114381
:1067D000C26811430269114342691143826911433E
:1067E000C2691143026A1143426A1143826A11432A
:1067F000C26A1143026B114302689200A2F1C042C7
:106800001160816808290BD101688900A1F1C0419C
:10681000096841F0400201688900A1F1C0410A60A5
:10682000416B0968426B526841EA0211426B9268FF
:1068300041EA0221426B928941EA0241426B128A8B
:1068400041EA0251426B127D41EA0261426B926958
:1068500011430268521C9200A2F1C0421160C16A49
:10686000B1F5804F1BD1816B0968826B526841EA98
:106870000211826B926841EA0221826B128A41EA1C
:106880000251826B127D41EA0261826B926911436F
:1068900002689200A2F1C042C2F8041107E06FF052
:1068A000704201688900A1F1C041C1F8042170471C
:1068B000002101600221416000218160C16001610D
:1068C00041618161C16101624FF4805141624900BF
:1068D00081620021C1620163F849416381637047AD
:1068E00051B18200A2F1C042126842F0010382005D
:1068F000A2F1C042136009E08200A2F1C042126816
:10690000EF4B1A408300A3F1C0431A607047102870
:106910000AD118214FF020421166402151664FF0F4
:10692000FC319166D16610E01821E64A11604021E1
:106930004FF02042C2F884104FF0FC31E14A083297
:1069400011604FF02042C2F88C10704730B5002122
:1069500000220023446844F0080485682C43C5687D
:106960002C4305692C43456944EA4524856944EA7A
:106970004531C4692468C5696D6844EA0524C56960
:106980002D8944EA0544C5692D7B44EA0562046A01
:106990002468056A6D6844EA0524056A2D8944EA7D
:1069A0000544056A2D7B44EA05630468102C05D173
:1069B0004FF020442166A266E36608E0C14C2160E6
:1069C0004FF02044C4F88820BE4C0C34236030BD06
:1069D00010210160002141608160C160016141615D
:1069E0008161FC21C2691160C2695160C269916014
:1069F000C269D160026A1160026A5160026A9160E4
:106A0000026AD160704799B1102808D14FF0204236
:106A1000126E42F004024FF020431A661DE0A94AAC
:106A2000126842F004024FF02043C3F8802014E0C3
:106A3000102809D14FF02042126EA14BDB1E1A40E4
:106A40004FF020431A6608E09E4A12689C4BDB1EFA
:106A50001A404FF02043C3F88020704799B11028A6
:106A600008D14FF02042126E42F040024FF0204316
:106A70001A661DE0934A126842F040024FF020432C
:106A8000C3F8802014E0102809D14FF02042126E84
:106A90008B4B3F3B1A404FF020431A6608E0894A6F
:106AA0001268874B3F3B1A404FF02043C3F88020C9
:106AB000704701460020102903D14FF02042506F4B
:106AC00002E0804A14321068704718207D49203156
:106AD000086000200906C1F8A4004FF0FC30794995
:106AE00028310860091D0860091D086070470168A9
:106AF00041F01001426841EA4221826841EA423194
:106B0000704A20321160C1680968C268526841EA5F
:106B10000221C268128941EA0241C268127B41EA3D
:106B20000261684A28321160016909680269526885
:106B300041EA02210269128941EA02410269127B9B
:106B400041EA02615F4A2C32116041690968426979
:106B5000526841EA02214269128941EA02414269CE
:106B6000127B41EA02614FF02042C2F8B010704738
:106B70000021016041608160FC21C2681160C2682F
:106B80005160C2689160C268D16002691160026997
:106B90005160026991600269D16042691160426985
:106BA0005160426991604269D160704748B145497E
:106BB0002031096841F004014FF02042C2F8A010D2
:106BC00009E04049203109683D4AD21E11404FF08A
:106BD0002042C2F8A010704710B5F2B1102807D1BA
:106BE0004FF020435B6E0B434FF02044636632E06E
:106BF000B0F5807F08D1334B1B1D1B680B434FF052
:106C00002044C4F8843026E02E4B24331B680B4309
:106C10004FF02044C4F8A4301DE0102807D14FF0F5
:106C200020435B6E8B434FF02044636613E0B0F566
:106C3000807F08D1234B1B1D1B688B434FF02044E2
:106C4000C4F8843007E01F4B24331B688B434FF09C
:106C50002044C4F8A43010BD10B502460020002323
:106C6000102A03D14FF02044636E09E0B2F5807F13
:106C700003D1144C241D236802E0124C24342368F1
:106C800003EA01040CB1012000E0002010BD10282F
:106C900007D14FF02042526E8A434FF020435A668C
:106CA00019E0B0F5807F0FD1064A121D12688A43A1
:106CB0004FF02043C3F884200DE00000D0AD000861
:106CC000FEFF0F00800000A0234A12688A434FF0A5
:106CD0002043C3F8A420704770B50246002000236B
:106CE00000240025102A03D14FF02046736E08E0DF
:106CF000B2F5807F03D1184E203E336801E0164E76
:106D0000336803EA010403EAD10514B10DB101208F
:106D100000E0002070BD102808D14FF02042526ED4
:106D200022EAD1024FF020435A6614E0B0F5807F8A
:106D300009D1094A203A126822EAD1024FF02043D1
:106D4000C3F8842007E0044A126822EAD1024FF017
:106D50002043C3F8A4207047A40000A0F9480068AD
:106D600040F00100F74908600020F649083108604A
:106D7000F4480068F4490840F2490860F348091DE6
:106D80000860F348EF4984310860F0481038091D65
:106D90000860EC48006820F48020EA490860002080
:106DA000E8490C310860E7498C31086070470021E0
:106DB000E44A921C117011460870704710B50146E4
:106DC0000022002300204A11012A02D1DD4C236851
:106DD00008E0022A03D1DB4C7034236802E0D94C6E
:106DE0007434236801F01F02012494401C400CB14C
:106DF000012000E0002010BD38B5002000900024E4
:106E0000002500BF3120FFF7D9FF05460098401C40
:106E100000900098B0F5A04F01D0002DF2D03120A5
:106E2000FFF7CCFF08B1012400E00024204638BD64
:106E300001460020C34A106820F0F80040EAC10073
:106E400010607047C349086070470021BD4A703226
:106E500011701170012802D004280AD104E0012128
:106E6000B84A7032117005E00521B64A70321170CF
:106E700000E000BF00BF7047B7490860704770B5B9
:106E8000049C41EA82150126C6EB530645EA0645F5
:106E9000054345EA0465AB4E361D356070BDAD490E
:106EA00008667047820142EA0172A64B84331A6079
:106EB0007047A8498866704710B5830143EA0163AB
:106EC00043EA02739F4C8834236010BDA1490867D0
:106ED0007047A049C864704702460020994B0833A8
:106EE000186820F0EC6042EA01031843954B083320
:106EF0001860704702460020924B0833186820F053
:106F0000784042EA010318438E4B083318607047FB
:106F1000014600208B4A0832106820F00300084325
:106F20001060704787480830006800F00C00704718
:106F300001460020834A0832106820F0F000084320
:106F400010607047014600207E4A0832106820F425
:106F5000E05008431060704701460020794A08322B
:106F6000106820F4604040EAC10010607047F0B53E
:106F7000002100220024022500260223714F083739
:106F80003F6807F00C0121B1042905D0082937D149
:106F900005E0724F076036E0714F076033E0694FDC
:106FA0003F1D3F68C7F38056664F3F1D3F6807F09F
:106FB0003F036EB16A4FB7FBF3F7DFF888C10CF1FE
:106FC000040CDCF800C0CCF3881C07FB0CF40CE0CC
:106FD000624FB7FBF3F7DFF86CC10CF1040CDCF87F
:106FE00000C0CCF3881C07FB0CF4564F3F1D3F68D4
:106FF000C7F301477F1C7D00B4FBF5F7076002E093
:10700000564F076000BF00BF4E4F08373F6807F07C
:10701000F0010909534F7A5C0768D7404760494F30
:1070200008373F6807F4E051890A4E4F7A5C476899
:10703000D7408760434F08373F6807F46041490BEA
:10704000484F7A5C4768D740C760F0BD002100F424
:107050004072B2F5407F0AD13A4A0832116821F4F1
:10706000F811414A02401143364A08321160354A4C
:1070700070321268C0F30B031A43324B70331A603C
:1070800070473549443908607047334940390860D2
:10709000704736490860704701460020294A8C3203
:1070A000106820F01F004A1E1043264A8C321060E0
:1070B000704701460020234A8C32106820F4F850B3
:1070C0004A1E40EA02201F4A8C3210607047014677
:1070D00000201C4A8C32106820F4401008431060D5
:1070E000704701460020174A8C32106820F4400097
:1070F00008431060704701460020124A8C32106825
:1071000020F4403008431060704719490860704708
:1071100039B10C4A3032126802430A4B30331A60DC
:1071200006E0084A303212688243064B30331A6058
:107130007047F9B1034A343212680243014B3433C9
:107140001A601CE000380240FFFFF6EA103000240D
:107150000030002000004742800E47420024F40027
:1071600000127A002E040020FFFCFF0F5C01474252
:10717000E01147428F4A126882438E4B1A60704773
:1071800039B18C4A121D126802438A4B1B1D1A60CA
:1071900006E0884A121D12688243864B1B1D1A6046
:1071A000704739B1834A0C3212680243814B0C3369
:1071B0001A6006E07F4A0C32126882437D4B0C3322
:1071C0001A60704739B17B4A103212680243794B1A
:1071D00010331A6006E0774A103212688243754B0A
:1071E00010331A60704739B1724A243A1268024368
:1071F000704B243B1A6006E06E4A243A12688243C0
:107200006C4B243B1A60704739B16A4A203A1268C5
:107210000243684B203B1A6006E0664A203A126837
:107220008243644B203B1A60704739B1614A1C3A73
:10723000126802435F4B1C3B1A6006E05D4A1C3A31
:10724000126882435B4B1C3B1A60704739B1594A44
:10725000143A12680243574B143B1A6006E0554A31
:10726000143A12688243534B143B1A60704739B189
:10727000504A103A126802434E4B103B1A6006E027
:107280004C4A103A126882434A4B103B1A607047CE
:1072900039B1484A1C3212680243464B1C331A600B
:1072A00006E0444A1C3212688243424B1C331A6087
:1072B000704739B13F4A2032126802433D4B2033B8
:1072C0001A6006E03B4A203212688243394B203371
:1072D0001A60704739B1374A243212680243354B7D
:1072E00024331A6006E0334A243212688243314B59
:1072F00024331A60704739B12E4A2C321268024387
:107300002C4B2C331A6006E02A4A2C321268824336
:10731000284B2C331A60704739B1264A3032126834
:107320000243244B30331A6006E0224A303212689E
:107330008243204B30331A607047012808D11D4921
:107340003C31096841F008011A4A3C32116007E0FB
:1073500018493C31096821F00801164A3C32116095
:10736000704739B1134A273A12780243114B273B31
:107370001A7006E00F4A273A127882430D4B273BDA
:107380001A7070470B484030006840F0807009491F
:1073900040310860704701460020064A283A1268CA
:1073A0000A400AB1012000E0002070470149263957
:1073B000087070473438024010B501218803FFF788
:1073C00056FF00214FF48040FFF751FF10BD1C49CC
:1073D000086070471B490862704730B500228B0770
:1073E0001C0F0F2303FA04F2154B08338C1053F8CB
:1073F00024309343124C08348D1044F82530234632
:107400008C1053F824308C07240F00FA04F4234323
:107410000B4C08348D1044F8253030BD0949DC315F
:10742000086070470849086070470020044920310F
:10743000096801F4807109B1012000E00020704763
:1074400000380140000027420004274210B50446DE
:10745000FA48844208D101211020FFF708FF0021DB
:107460001020FFF704FF57E0F548844209D10121BD
:107470004804FFF7EBFE00214FF40030FFF7E6FE73
:107480004AE0F048844209D101218804FFF7DEFE7A
:1074900000214FF48020FFF7D9FE3DE0EA48844206
:1074A00009D10121C804FFF7D1FE00214FF40020CB
:1074B000FFF7CCFE30E0E548844209D10121080500
:1074C000FFF7C4FE00214FF48010FFF7BFFE23E05A
:1074D000DF48844208D101212020FFF7C8FE0021A7
:1074E0002020FFF7C4FE17E0DA48844209D10121C9
:1074F0008807FFF7ABFE00214FF08040FFF7A6FEA4
:107500000AE0D548844207D101214005FFF79EFEDD
:1075100000216005FFF79AFE10BD2DE9FF470546E3
:107520000E460024A14600BFA046B08900B100BFAE
:107530002C8A24F44054F08804432C82AC8941F214
:107540000C608443B088318908437189084304433F
:10755000AC81AC8A24F44074B0890443AC826846A0
:10756000FFF705FDB548854202D0B948854202D1F2
:10757000DDF80C9001E0DDF80890A88900F40040E7
:1075800040B109EBC90000EB091031684900B0FBBC
:10759000F1F707E009EBC90000EB09103168890039
:1075A000B0FBF1F76420B7FBF0F00401200964217F
:1075B00001FB1078A88900F4004040B1322000EBB4
:1075C000C800B0FBF1F000F00700044308E03220EF
:1075D00000EB08106421B0FBF1F000F00F00044351
:1075E0002C81BDE8FF874FF4165101600021818096
:1075F000C18001810C21418100218181704710B53A
:1076000002460020108A20F470600B884C882343C7
:107610008C882343CC8823431843108210BD00215B
:10762000018041808180C180704721B1828942F40C
:107630000052828104E082894DF6FF731A408281F4
:107640007047028B02F47F420283028B0A4302835B
:10765000704721B1828942F40042828103E082892D
:10766000C2F30E028281704721B1828A42F4006225
:10767000828204E0828A4FF2FF731A40828270474E
:10768000C1F308028280704701468888C0F3080071
:107690007047028A4FF6F0731A400282028A0A4348
:1076A0000282704721B1828942F00202828104E0A5
:1076B00082894FF6FD731A408281704782894FF2AA
:1076C000FF731A40828182890A4382817047028A4D
:1076D0004FF6DF731A400282028A0A430282704721
:1076E00021B1028A42F48042028204E0028A4BF60F
:1076F000FF731A4002827047818941F00101818144
:10770000704721B1828A42F00802828204E0828AB4
:107710004FF6F7731A4082827047028BD2B202830F
:10772000028B42EA01220283704721B1828A42F031
:107730002002828204E0828A4FF6DF731A4082823E
:10774000704721B1828A42F01002828204E0828A6C
:107750004FF6EF731A4082827047828A4FF6FB73AE
:107760001A408282828A0A438282704721B1828AC9
:1077700042F00202828204E0828A4FF6FD731A40D0
:10778000828270471AB1838A0B43838202E0838A24
:107790008B4383827047F0B5034600240026002502
:1077A000002040F66A17B94200D100BF1846C1F365
:1077B000421401F01F06012707FA06F5012C01D13A
:1077C0000C3004E0022C01D1103000E014301AB16A
:1077D00007682F43076002E00768AF430760F0BD0A
:1077E00002460020B1F5007F00D100BF13880B4096
:1077F0000BB1012000E00020704701F40072B2F5E7
:10780000007F00D100BFCA430280704770B50246B6
:10781000002400230025002040F66A16B14200D162
:1078200000BFC1F3421501F01F03012606FA03F35E
:10783000012D13D19689334017E00000001001405C
:107840000044004000480040004C00400050004010
:107850000014014000780040007C0040022D02D15D
:10786000168A334001E0968A33400C12012606FA4C
:1078700004F41688344013B10CB1012000E000205C
:1078800070BD10B50022002340F66A14A14200D159
:1078900000BF0A1201249440A3B2DC43048010BD4F
:1078A00010B50446FE48844208D101210846FFF77E
:1078B000DEFC00210120FFF7DAFC9DE0B4F1804FEF
:1078C00008D101210846FFF7C1FC00210120FFF784
:1078D000BDFC91E0F348844208D101210220FFF76A
:1078E000B5FC00210220FFF7B1FC85E0EE488442A0
:1078F00008D101210420FFF7A9FC00210420FFF793
:10790000A5FC79E0E948844208D101210820FFF76D
:107910009DFC00210820FFF799FC6DE0E4488442BB
:1079200008D101211020FFF791FC00211020FFF762
:107930008DFC61E0DF48844208D101212020FFF75F
:1079400085FC00212020FFF781FC55E0DA488442C5
:1079500008D101210220FFF78AFC00210220FFF755
:1079600086FC49E0D548844209D101210804FFF78B
:107970007EFC00214FF48030FFF779FC3CE0D048DA
:10798000844209D101214804FFF771FC00214FF422
:107990000030FFF76CFC2FE0CA48844209D1012176
:1079A0008804FFF764FC00214FF48020FFF75FFCA0
:1079B00022E0C548844208D101214020FFF746FC5F
:1079C00000214020FFF742FC16E0C048844208D165
:1079D00001218020FFF73AFC00218020FFF736FCD0
:1079E0000AE0BB48844207D101218015FFF72EFC35
:1079F0000021A015FFF72AFC10BD00220288A84B29
:107A000098420ED0AC4B98420BD0B0F1804F08D0CA
:107A1000A44B984205D0A44B984202D0A34B984265
:107A200004D14FF68F731A404B881A43A04B9842EB
:107A300007D0A04B984204D04FF6FF431A400B8961
:107A40001A4302804B68C3620B880385944B9842AB
:107A500002D0994B984201D18B7A0386012383820D
:107A600070474FF0FF31416000210180018141806A
:107A7000817270470185828270470A460021018821
:107A80004FF68F7319401143018070474162704770
:107A9000C16270470146486A70470146088D7047C9
:107AA00021B1028842F00202028004E002884FF60F
:107AB000FD731A400280704721B1028842F004022F
:107AC000028004E002884FF6FB731A400280704780
:107AD00021B1028842F08002028004E002884FF661
:107AE0007F731A400280704702884FF6F7731A407E
:107AF000028002880A430280704702884FF6FF43E3
:107B00001A40028002880A430280704721B102882D
:107B100042F00102028004E002884FF6FE731A4030
:107B20000280704770B5002400220023058C4FF6B8
:107B3000FE7635400584028C8388048B4FF68F7562
:107B40002C40B51E2C400D882C43751E2A408D8973
:107B50002A434D882A43524DA84202D0564DA8428E
:107B600013D14FF6F7752A40CD892A434FF6FB759E
:107B70002A408D882A434FF6FF652B404FF6FF556C
:107B80002B400D8A2B434D8A2B43838004838D68C1
:107B90004563028470BD70B5002400220023058C6B
:107BA0004FF6EF7635400584028C8388048B48F6C7
:107BB000FF752C404FF6FF452C400D884FF6FF76A1
:107BC00006EA05252C434FF6DF752A408D8906EA23
:107BD00005152A434D8806EA05152A43304DA8426B
:107BE00002D0354DA8421DD14FF67F752A40CD8970
:107BF0004FF6FF7606EA05152A434FF6BF752A4071
:107C00008D8806EA05152A434FF6FF352B404FF2C3
:107C1000FF752B400D8A06EA85052B434D8A06EA3F
:107C200085052B43838004838D688563028470BD42
:107C300070B5002400220023058C4FF6FF66354006
:107C40000584028C8388848B4FF68F752C404FF609
:107C5000FC752C400D882C434FF6FF552A408D892A
:107C60004FF6FF7606EA05252A434D8806EA0525E4
:107C70002A430B4DA84202D00F4DA84238D14FF2F3
:107C8000FF752A40CD894FF6FF7606EA05252A437F
:107C90004FF6FF352A408D8806EA05252A4319E06C
:107CA000000001400004004000080040000C0040BB
:107CB000001000400014004000040140004001405A
:107CC000004401400048014000180040001C0040F2
:107CD000002000404EF6FF752B404DF6FF752B40FF
:107CE0000D8A06EA05152B434D8A06EA05152B4336
:107CF000838084838D68C563028470BD70B5002263
:107D000000230024058C4EF6FF7635400584038C55
:107D10008488828B48F6FF752A404FF6FF452A403B
:107D20000D884FF6FF7606EA05252A434DF6FF75C6
:107D30002B408D8906EA05352B434D8806EA05352B
:107D40002B43FE4DA84202D0FD4DA84208D14BF670
:107D5000FF752C400D8A4FF6FF7606EA85152C43F9
:107D6000848082838D680564038470BD0021018056
:107D70004180818081608181C1810182418270471F
:107D800070B50346002000241846183001258D40A8
:107D9000ACB21D8CA5431D8409B108290AD100EBA2
:107DA000610005684FF68F7635400560056815431C
:107DB00005600FE00D1FC5F34E052844056848F621
:107DC000FF763540056005684FF6FF7606EA022625
:107DD0003543056070BD4163704781637047C1637F
:107DE0007047016470470A460021018B4FF68F737C
:107DF00019401143018370470A460021018B48F660
:107E0000FF7319404FF6FF7303EA022319430183FE
:107E100070470A460021818B4FF68F73194011433A
:107E2000818370470A460021818B48F6FF73194011
:107E30004FF6FF7303EA02231943818370470A4612
:107E40000021018B4FF6F7731940114301837047EE
:107E50000A460021018B4FF2FF7319404FF6FF7362
:107E600003EA02231943018370470A460021818BEC
:107E70004FF6F77319401143818370470A4600217A
:107E8000818B4FF2FF7319404FF6FF7303EA022311
:107E90001943818370470A460021018B4FF6FB731B
:107EA00019401143018370470A460021018B4FF6A8
:107EB000FF3319404FF6FF7303EA0223194301838E
:107EC00070470A460021818B4FF6FB73194011431E
:107ED000818370470A460021818B4FF6FF3319409A
:107EE0004FF6FF7303EA02231943818370470A4662
:107EF0000021018B4FF67F731940114301837047B6
:107F00000A460021018BC1F30E014FF6FF7303EA0D
:107F100002231943018370470A460021818B4FF6E3
:107F20007F7319401143818370470A460021818B7A
:107F3000C1F30E014FF6FF7303EA02231943818355
:107F400070470A460021018C4FF6FD73194011431A
:107F5000018470470A460021018C4FF6F7731940DF
:107F60001143018470470A460021018C4FF6DF73EC
:107F700019404FF6FF7303EA021319430184704757
:107F80000A460021018C4FF67F7319404FF6FF73AC
:107F900003EA02131943018470470A460021018C49
:107FA0004FF6FF5319404FF6FF7303EA02231943BC
:107FB000018470470A460021018C4FF2FF7319407B
:107FC0004FF6FF7303EA02231943018470470A4600
:107FD0000021018C4DF6FF7319404FF6FF7303EA41
:107FE000023319430184704730B5002301248C40CB
:107FF000A3B2048C9C430484048C02FA01F5ADB254
:108000002C43048430BD30B5002304248C40A3B23B
:10801000048C9C430484048C02FA01F5ADB22C4319
:10802000048430BD828B4FF2FF331A408283828BEF
:108030004FF6FF7303EA01231A4382837047F0B5BA
:108040000C461546002100220026078C4EF6FF7CC8
:1080500007EA0C070784818B028C4FF6FF7707EA4B
:10806000043640F6FF4739404FF6FF7707EA052709
:1080700039434FF6FF7707EA0337394345F6FF7771
:108080003A4046F480573A4381830284F0BD828BA4
:108090004FF6F3731A408283828B0A4382837047C0
:1080A000F0B50C461546002100220026078C4FF63D
:1080B000FF6C07EA0C070784818B028C4FF6FF7771
:1080C00007EA04264FF60C7739404FF6FF7707EAA8
:1080D00003172F4339434FF2FF573A4046F4807756
:1080E0003A4381830284F0BD028B4FF2FF331A4082
:1080F0000283028B4FF6FF7303EA01231A430283C4
:108100007047F0B50C461546002100220026078C6A
:108110004FF6EF7C07EA0C070784018B028C4FF6C1
:10812000FF7707EA041640F6FF4739404FF6FF771E
:1081300007EA033739434FF6FF7703E000000140B9
:108140000004014007EA052739434FF65F773A40BC
:1081500046F010073A4301830284F0BD028B4FF6CC
:10816000F3731A400283028B0A4302837047F0B50F
:108170000C46154600210022068C4FF6FE773E4045
:108180000684018B028C4FF60C7631407E1C06EA89
:1081900003162E4331434FF6F576324044F0010684
:1081A000324301830284F0BD70B505460C46208839
:1081B00050B92389A28861882846FFF7D8FFE18853
:1081C0002846FFF7CBFF25E0208804280AD1238921
:1081D000A28861882846FFF794FFE1882846FFF7C8
:1081E00083FF17E0208808280AD12389A2886188A4
:1081F0002846FFF755FFE1882846FFF748FF09E0CA
:108200002389A28861882846FFF719FFE18828465C
:10821000FFF708FF70BD00210180418001218180AE
:108220000021C180018170472DE9F04105460C46CF
:1082300000260127608808B9022600E00026A088F1
:10824000012801D1022700E001272088A0B9238955
:10825000A28861882846FFF78AFFE1882846FFF751
:108260007DFF23893A4631462846FFF74AFFE188D9
:108270002846FFF739FF13E02389A2886188284642
:10828000FFF73FFFE1882846FFF72EFF23893A4694
:1082900031462846FFF76BFFE1882846FFF75EFF6F
:1082A000BDE8F0810146486B70470146886B704716
:1082B0000146C86B70470146086C70470A884B88B6
:1082C0001A438B881A43CB881A430B891A434B896C
:1082D0001A438B891A43A0F844207047002101807B
:1082E00041808180C180018141818181704731B1AC
:1082F000B0F8442042F40042A0F8442005E0B0F871
:108300004420C2F30E02A0F84420704721B18288B5
:1083100042F00402828004E082884FF6FB731A4028
:108320008280704721B1828842F00102828004E09D
:1083300082884FF6FE731A40828070471AB1838993
:108340000B43838102E083898B4383817047818261
:10835000704702460020138A0B400BB1012000E059
:1083600000207047CA430282704730B502460020A1
:1083700000230024158A05EA0103958905EA010412
:1083800013B10CB1012000E0002030BDCA430282CD
:10839000704741EA0203A0F8483070471AB1838958
:1083A0000B43838102E083898B438381704721B132
:1083B000828842F00802828004E082884FF6F773D8
:1083C0001A408280704701894FF6F872114001818E
:1083D00070470A46002101894FF68F7319401143F7
:1083E0000181704730B504460D4629462046FFF707
:1083F000F0FF208940F00700208130BD2DE9F041D9
:1084000004460D4616461F46602D06D13B46012206
:1084100031462046FFF775FE05E03B460122314616
:108420002046FFF7A4FE29462046FFF7D2FF208909
:1084300040F007002081BDE8F08130B50C460021F6
:108440000189C9B24FF6FF7505EA03251543254397
:108450002943018130BD2DE9F04105460E461746FE
:108460009846002443463A4631462846FFF7E5FF42
:108470002C894FF6F870044044F007044FF68F70D3
:10848000044044F070042C81BDE8F081F0B504464E
:108490000D4616461F463B46324629462046FFF704
:1084A000CCFF208940F480402081F0BD82884FF6C7
:1084B0008F731A40828082880A43828070470289C3
:1084C0004FF6F8731A40028102890A43028170470D
:1084D00002894FF67F731A40028102890A430281A2
:1084E0007047F0B50C4615461E46002100220023B9
:1084F0000189028B038C4FF6F877394021434FF600
:10850000FC473A4040F201173A434FF6DD773B40D3
:108510004FF6FF7707EA06172F433B43018102839B
:108520000384F0BD21B1828842F08002828004E0A1
:1085300082884FF67F731A4082807047A0F85010EF
:1085400070470000002041490860091D0860091DAE
:108550000860091D08603E483C49143108607047B6
:1085600000213A498279002A3AD00A461268036803
:108570009A430B461A600A1D126803689A430B1D42
:108580001A60027911440A6803681A430A602F4A84
:108590000832126803689A432C4B08331A601A1D7C
:1085A000126803689A43294B0C331A604279102AE7
:1085B0000ED11A1F126803681A43244B08331A603D
:1085C0001A1D126803681A43204B0C331A600DE021
:1085D0001E49427911440A6803681A430A6005E09B
:1085E000027911440A6803689A430A6070470021BF
:1085F000016001710C2141710021817170471349A3
:10860000103109680143114A103211607047014668
:1086100000200E4A143212680A400AB1012000E01C
:108620000020704709491431086070470146002056
:10863000064A143212680A400AB1012000E0002004
:10864000704702491431086070470000003C014047
:10865000FFFF7F00704700000FB4044910B503AA64
:10866000029800F0C3F810BC5DF814FB2804002049
:108670002DE9F0410E460446002020622046E168C4
:10868000884730B3252805D0D4E901219047206AD6
:10869000401CF2E7E168204600278847050018D013
:1086A000A5F14100192802D820354FF40067324661
:1086B000294620462760F7F7C1FD40B1012804D0C4
:1086C000F61D26F007060836D8E7361DD6E72846F9
:1086D000DAE7206ABDE8F08170B504460D46214610
:1086E0001068AFF300802188090502D50F4A7A444B
:1086F00002E00E4A7A440E32002104F1240305E020
:1087000000F00F060009965D5E54491C0028F7D161
:1087100020780023000704D5702D02D009B1022370
:1087200011322046BDE8704000F006B8FA2600007D
:1087300070477047704770472DE9F0470D469946DE
:108740009246044600F124080168880604D5E069D1
:1087500021F01001216000E00120A84201DD471B4B
:1087600000E00027A1697A1902EB0900081AA0614C
:108770002078C00602D42046AFF30080002608E02F
:10878000D4E901211AF806009047206A401C761CA3
:1087900020624E45F4DB2078C0060AD52046AFF3B0
:1087A000008006E0D4E9012130209047206A401C77
:1087B0002062381EA7F10107F4DC07E0D4E90121AB
:1087C00018F805009047206A401C2062281EA5F179
:1087D0000105F3DC2046AFF300802078000602D5C7
:1087E0000220BDE8F0870120FBE70000074B70B5D1
:1087F0000D467B4400F011F80446284600F020F8AE
:1088000010B14FF0FF3070BD204670BDA5DAFFFFFC
:1088100001694A1C02610878704700B58FB0CDE944
:1088200001310021059105497944CDE90310114634
:108830006846FFF71DFF0FB000BD0000E5FFFFFF1A
:10884000007B00F080007047754600F02BF8AE46C4
:1088500005006946534620F00700854618B020B54C
:10886000FDF7CCFDBDE820404FF000064FF00007BB
:108870004FF000084FF0000B21F00701AC46ACE8C8
:10888000C009ACE8C009ACE8C009ACE8C0098D4635
:10889000704710B50446AFF300802046BDE8104095
:1088A000F7F7E0BC00487047180500204FEA115365
:1088B000A3F58063D3F11E03A8BFD3F1200C08DB1E
:1088C0004FF0004242EAC12252EA505232FA03F01B
:1088D000704709420BD4102BC4BF0020704703F52A
:1088E000787CBCF1FF3F05D04FF0FF3070474FF070
:1088F0000000704770B500F0C3F800BF49922480B3
:1089000000207047F0E7B0FA80F310FA03F10AD0C4
:10891000C3F11D0303F580634FEA41504FEA035250
:1089200002EBD12170474FF000007047DFF848C1DB
:1089300070B51CEA111E1EBF1CEA13159EEA0C0F2F
:1089400095EA0C0F00F06F8081EA030423EA4C13D0
:108950004EEAD47E21EA4C1141F4801143F4801395
:10896000AE44A1FB024CA0FB0365AEF17F7E36193D
:1089700055EB0C05A1FB034C4CF10003A0FB021CC2
:1089800016EB0C06654153F10003094218BF46F08F
:10899000010613F4007F0BD14FEA03314FEA053093
:1089A000340341EA155140EA16506FF003020AE021
:1089B0004FEAC3214FEAC520F40241EA555140EA8B
:1089C00056506FF0020202EB2E4201EB025585EA8F
:1089D000CE710AD05FEA440C18BF24F0004450F175
:1089E000000041F1000120EAD47040F2FE7C6245B3
:1089F00000D270BDA84214BF4FF080444FF04044F5
:108A0000002E08BF0024BEF1806FA8BFA1F1C041B5
:108A1000BDE8704080F282804FF0000001F1C0415B
:108A200001F0004170479EEA0C0F0CEA131518BFC5
:108A300095EA0C0F06D04FF0000081EA030E0EF00D
:108A4000004170BD00F01CF88900013E00F007B83D
:108A500000F009B84FEA430C5FEA5C5C08D081EA99
:108A6000030100F05BB84FEA410C5FEA5C5CF6D1B1
:108A70004FF00000014970470000FF070000F87F39
:108A80000EF1020E2EF0030E5EF8046B364205D492
:108A9000012A43EB030515F5001F12D8012841EB0D
:108AA000010C1CF5001F0CD80ED14FEAD17C15F536
:108AB000001F0CEB4C0C0CF1020C08BF4CEBD37CF0
:108AC00004E04FF0080C01E04FEAD37C0CEB4C05BE
:108AD00026FA05F606F00706B6F1040C06D20EEBF0
:108AE000860CBDE870404CF0010C6047DFE80CF0EC
:108AF000090B02024FF000414FF00000A1F50021E8
:108B000070BD19461046012851EB010418BFD4F579
:108B1000001484BF002001F0004170BD0808A0F5DA
:108B200000114FEA310170474FF04070E1EE100A3A
:108B3000704700000000000000000000000000007E
:108B400000003F4000000000000000003000400036
:108B500030004000000009000BC03D000BC03D008C
:108B6000090018C024407FE0224031800000180036
:108B700024C01B000D803240018003801C40274030
:108B80001C80074000401000600000000000000052
:108B900000000000000000001F8020404020000076
:108BA000402020401F8000000000090006001F80B8
:108BB000060009000000040004003F8004000400D7
:108BC0000000001000600000000000000000040031
:108BD0000400040004000400000000000040000045
:108BE000000000000000002001C006003800400026
:108BF00000001F802040204020401F800000000017
:108C000010403FC000400000000018C0214022403A
:108C100024401840000010802040244024401B8045
:108C2000000002000D0011003FC0014000003C8028
:108C3000244024402440238000001F8024402440FE
:108C40003440038000003000200027C0380020009E
:108C500000001B802440244024401B8000001C0096
:108C600022C0224022401F80000000000000084077
:108C70000000000000000000000004600000000090
:108C80000000000004000A0011002080404009009C
:108C90000900090009000900000000004040208090
:108CA00011000A00040018002000234024001800CE
:108CB00000001F802040274029401F400000004046
:108CC00007C039000F0001C0004020403FC02440D1
:108CD00024401B8000001F80204020402040308026
:108CE000000020403FC0204020401F800000204066
:108CF0003FC024402E4030C0000020403FC02440F0
:108D00002E00300000000F001080204022403380F1
:108D1000020020403FC0040004003FC0204020402B
:108D200020403FC020402040000000602020202044
:108D30003FC02000200020403FC024400B0030C036
:108D4000204020403FC020400040004000C03FC0C5
:108D50003C0003C03C003FC0000020403FC00C402E
:108D600023003FC020001F802040204020401F8063
:108D7000000020403FC024402400180000001F8055
:108D80002140214020E01FA0000020403FC024409F
:108D9000260019C0004018C02440244022403180E1
:108DA0000000300020403FC0204030000000200084
:108DB0003F80004000403F80200020003E0001C076
:108DC000070038002000380007C03C0007C038000A
:108DD0000000204039C0060039C0204000002000BB
:108DE000384007C0384020000000304021C02640F5
:108DF000384020C00000000000007FE040204020FC
:108E00000000000070000C00038000400000000023
:108E1000402040207FE000000000000020004000D3
:108E200020000000000000100010001000100010D2
:108E300000100000000040000000000000000000E2
:108E400002800540054003C0004020003FC00440B0
:108E500004400380000000000380044004400640FA
:108E6000000000000380044024403FC00040000098
:108E700003800540054003400000000004401FC07F
:108E8000244024402000000002E005500550065018
:108E9000042020403FC00440040003C00040000004
:108EA000044027C000400000000000100010041023
:108EB00027E00000000020403FC00140070004C040
:108EC0000440204020403FC000400040000007C058
:108ED000040007C0040003C00000044007C00440B1
:108EE000040003C0004000000380044004400380ED
:108EF0000000041007F0045004400380000000004C
:108F000003800440045007F00010044007C00240F2
:108F1000040004000000000006400540054004C0B5
:108F20000000000004001F80044000400000040016
:108F300007800040044007C000400400070004C050
:108F4000018006000400060001C0070001C0060001
:108F50000000044006C0010006C0044000000410E8
:108F6000071004E00180060004000000044005C072
:108F70000640044000000000000004007BE04020A8
:108F80000000000000000000FFF0000000000000F2
:108F900040207BE004000000000040008000400012
:108FA0002000200040000000000000000000000041
:108FB0000000000000000000000000001FCC000CBA
:108FC0000000000000000000080030006000080001
:108FD000300060000000022003FC1E20022003FC81
:108FE0001E200220000000000E1811043FFF108414
:108FF0000C78000000000F0010840F3800C00778C4
:1090000018840078000000780F8410C411240E9892
:1090100000E4008400080800680070000000000000
:1090200000000000000000000000000007E0181829
:10903000200440020000000040022004181807E04D
:109040000000000000000240024001800FF001809B
:109050000240024000000080008000800FF8008085
:109060000080008000000001000D000E00000000E4
:1090700000000000000000000080008000800080F0
:109080000080008000800000000C000C0000000048
:1090900000000000000000000006001800600180D1
:1090A000060018002000000007F008081004100453
:1090B000080807F000000000080408041FFC000472
:1090C00000040000000000000E0C101410241044D6
:1090D00011840E0C000000000C181004110411047F
:1090E00012880C700000000000E003200424082413
:1090F0001FFC0024000000001F98108411041104BC
:10910000108810700000000007F008881104110496
:1091100018880070000000001C00100010FC1300F4
:109120001C001000000000000E3811441084108450
:1091300011440E38000000000700088C1044104451
:10914000088807F00000000000000000030C030C7A
:109150000000000000000000000000010106000007
:109160000000000000000000008001400220041008
:109170000808100400000220022002200220022021
:109180000220022000000000100408080410022041
:1091900001400080000000000E001200100C106C56
:1091A00010800F00000003E00C1813E4142417C40F
:1091B000082807D000000004003C03C41C400740FE
:1091C00000E4001C000410041FFC1104110411042D
:1091D0000E880070000003E00C1810041004100446
:1091E00010081C10000010041FFC100410041004D0
:1091F000080807F0000010041FFC1104110417C434
:1092000010040818000010041FFC1104110017C0FE
:1092100010000800000003E00C18100410041044B3
:109220001C780040000010041FFC108400800080A7
:1092300010841FFC10040000100410041FFC100414
:1092400010040000000000030001100110011FFEC7
:1092500010001000000010041FFC110403801464AF
:10926000181C1004000010041FFC1004000400046B
:109270000004000C000010041FFC1F0000FC1F0075
:109280001FFC1004000010041FFC0C04030000E08D
:1092900010181FFC100007F0080810041004100438
:1092A000080807F0000010041FFC108410801080D4
:1092B00010800F00000007F0081810241024101C64
:1092C000080A07F2000010041FFC1104110011C06D
:1092D00011300E0C000400000E1C110410841084C8
:1092E00010441C3800001800100010041FFC10046B
:1092F00010001800000010001FF810040004000403
:1093000010041FF8100010001E0011E0001C007077
:1093100013801C0010001FC0103C00E01F0000E084
:10932000103C1FC000001004180C163401C001C00E
:109330001634180C100410001C00130400FC130455
:109340001C00100000000804101C1064108413049A
:109350001C04101800000000000000007FFE400206
:10936000400240020000000030000C00038000605A
:10937000001C0003000000004002400240027FFE8B
:10938000000000000000000000002000400040003D
:109390004000200000000001000100010001000168
:1093A000000100010001000040004000200000001A
:1093B0000000000000000000009801240144014466
:1093C000014400FC000410001FFC0088010401049B
:1093D0000088007000000000007000880104010493
:1093E00001040088000000000070008801040104EE
:1093F00011081FFC0004000000F80144014401446E
:10940000014400C800000000010401040FFC110425
:10941000110411001800000000D6012901290129BA
:1094200001C90106000010041FFC008401000100B6
:10943000010400FC000400000104190419FC0004EC
:1094400000040000000000000003000101011901F8
:1094500019FE0000000010041FFC0024004001B4AD
:10946000010C010400000000100410041FFC0004A3
:10947000000400000000010401FC0104010001FCE3
:109480000104010000FC010401FC00840100010052
:10949000010400FC0004000000F8010401040104C0
:1094A000010400F80000010101FF0085010401042E
:1094B00000880070000000000070008801040104B2
:1094C000010501FF00010104010401FC0084010405
:1094D000010001800000000000CC012401240124CF
:1094E00001240198000000000100010007F80104B8
:1094F000010400000000010001F800040004000461
:10950000010801FC0004010001800170000C001042
:1095100001600180010001F0010C003001C0003049
:10952000010C01F0010000000104018C00740170C5
:10953000018C01040000010101810171000E00187D
:1095400001600180010000000184010C013401442C
:109550000184010C00000000000000000000010078
:109560003EFC400240020000000000000000FFFF3F
:109570000000000000000000400240023EFC01002C
:10958000000000000000000060008000800040003B
:10959000400020002000000000000000000000004B
:1095A00000000000000000000000000000000000BB
:1095B00000000000000000000000000000000000AB
:1095C0000000000000000000000F80380FFE380F80
:1095D00080380000000000000000000000000000D3
:1095E000000000000100000600000C000038000030
:1095F0003100000600000C000038000030000000C0
:1096000000000000000061800067F807F980006139
:10961000800061800061800061800067F807F98048
:1096200000618000000000000000000001C0E003B5
:10963000E0F00630080418081FFFFE040E08078734
:10964000F00381E000000000000001F000060C00C3
:10965000040408060C7001F9C0000E00003BE00095
:10966000EC18070808040C180003E00000000001D3
:10967000E00007F003F818041C0804170807E1D0FD
:1096800003C0E00023B0003C0800200800001000E8
:1096900000000000000100003100003200001C004A
:1096A00000000000000000000000000000000000BA
:1096B00000000000000000000000000000000000AA
:1096C0000000000000007F0001FFC00780F00C00D8
:1096D000181000042000020000000000002000021A
:1096E0001000040C00180780F001FFC0007F00008C
:1096F000000000000000000000000000000000006A
:1097000000004200006600006600003C00001800F7
:1097100003FFC0001800003C000066000066000067
:1097200042000000000008000008000008000008D7
:109730000000080001FFC000080000080000080049
:1097400000080000080000000000000100003100D7
:10975000003200001C0000000000000000000000BB
:1097600000000000000000000000000000000800F1
:1097700000080000080000080000080000080000C1
:1097800008000008000008000008000000000000B9
:109790000000000000003800003800003800000021
:1097A00000000000000000000000000000000000B9
:1097B000000000000000000600001C000070000116
:1097C00080000E0000380000C0000700001C0000F0
:1097D000300000000000000000007F8001FFE00377
:1097E00080700600180400080400080600180380B2
:1097F0007001FFE0007F800000000000000000001A
:1098000001000801000801000803FFF807FFF80045
:109810000008000008000008000000000000000030
:109820000001C03802C0580400980401180402184E
:10983000040418061C1803F81801E0F800000000E2
:10984000000000000001C0E003C0F00400080408AC
:109850000804080806180803F41801E7F00001E0FE
:10986000000000000000000000000300000D0000E8
:10987000110000610000810803010807FFF80FFFD5
:10988000F80001080001080000000000000000E0EE
:1098900007FCD0060808061008061008061008067F
:1098A0001838060FF00607C0000000000000000096
:1098B00000003F8001FFE003843002081804100814
:1098C000041008041008071810030FF00007C00068
:1098D000000000000000000003C0000700000600B8
:1098E000000600F80607F806180006E0000700006A
:1098F00006000000000000000001E1E003F7F006B0
:109900003410041808041808040C08040C0806167F
:109910001803F3F001C1E000000000000000F800AF
:1099200003FC300306380402080402080402080499
:1099300004100308F001FFC0007F000000000000D9
:10994000000000000000000000000000000070386F
:1099500000703800703800000000000000000000B7
:1099600000000000000000000000000000000000F7
:109970000000301A00301C00000000000000000051
:1099800000000000000000000000000000080000CF
:10999000140000220000410000808001004002000D
:1099A0002004001008000800000000000000210052
:1099B0000021000021000021000021000021000002
:1099C0002100002100002100002100000000000013
:1099D0000000000008000804001002002001004000
:1099E00000808000410000220000140000080000F8
:1099F000000000000003C00004C0000400000800D4
:109A000038080F380808380810000C300007E0004C
:109A100003C000000000000000003F8000FFE003E2
:109A20008070020F1006708804C088048308047FC9
:109A30008802C09003012000FE40000008000018CA
:109A40000001F8003E0801C20007020007E2000022
:109A5000FE00001FC80001F80000380000080400E4
:109A60000807FFF807FFF8040808040808040808B6
:109A700004080806180803F41801E7F00001E000E4
:109A80000000000000003F8001FFE0038070020042
:109A90001804000804000804000804001006002050
:109AA0000780C000000004000807FFF807FFF80463
:109AB00000080400080400080400180200100380D5
:109AC0007001FFE0007F8000000004000807FFF83D
:109AD00007FFF80408080408080408080408080434
:109AE0003E080400080600180100600000000400A1
:109AF0000807FFF807FFF804080804080004080036
:109B0000040800043E00060000060000018000007A
:109B10000000000000003F8001FFE00380700600AD
:109B2000180400080402080402080203F00783F086
:109B300000020000020004000807FFF807FFF80415
:109B400008080008000008000008000008000408D9
:109B50000807FFF807FFF8040008000000000000F5
:109B600004000804000804000807FFF807FFF804D1
:109B700000080400080400080000000000000000C5
:109B800000000006000007000001040001040001BD
:109B900004000307FFFE07FFFC04000004000004AC
:109BA000000004000807FFF807FFF8040C0800187D
:109BB00000003E0004C7800503C80600F804003812
:109BC00004001800000804000807FFF807FFF80465
:109BD000000800000800000800000800000800005D
:109BE0000800001800006000000004000807FFF8EB
:109BF00007800807FC00007FC00003F80007C000D2
:109C0000780007800807FFF807FFF8040008040041
:109C10000807FFF807000803C00000E00000380054
:109C2000001E000007000001C00400F007FFF80458
:109C30000000000000007F8001FFE003807006004C
:109C40001804000804000806001803003001FFE0B3
:109C5000007F8000000004000807FFF807FFF804F9
:109C60000408040400040400040400040400060CB6
:109C70000003F80001F000000000000000007F80F9
:109C800001FFE00380700600880400880400C80615
:109C9000003C03003E01FFE6007F8400000004005A
:109CA0000807FFF807FFF8040808040800040C0080
:109CB000040F00040BC00610F003F03801E00800A8
:109CC000000800000001E0F803F03006301004182E
:109CD00008041808040C08040C080206180207F00F
:109CE0000781E0000000018000060000040000047D
:109CF000000004000807FFF807FFF804000804004C
:109D00000004000006000001800004000007FFE0DE
:109D100007FFF00400180000080000080000080019
:109D2000000800000804001007FFE0040000040021
:109D30000006000007E00007FE00041FE00001F835
:109D40000000380001E0043E0007C00006000004E7
:109D5000000004000007E00007FFC0041FF8000730
:109D6000C007F80007FF80043FF80007C004F800B0
:109D700007000004000000000004000806001807A7
:109D8000C07805F1C8003E00001F800463E807802A
:109D9000F806001804000800000004000006000097
:109DA00007800007E008047C08001FF80007F8009F
:109DB000180804E008070000060000040000000086
:109DC000000100080600380400F80403E8040F0846
:109DD000047C0805F00807C00807001804006000AC
:109DE0000000000000000000000000000000000073
:109DF000003FFFFE2000022000022000022000029F
:109E00002000020000000000000000000800000721
:109E1000000000C0000038000006000001C0000083
:109E20003000000E000001000000000000000000F3
:109E30002000022000022000022000022000023F39
:109E4000FFFE000000000000000000000000000015
:109E500000000000000000080000100000300000BA
:109E6000200000300000100000080000000000008A
:109E700000000000010000010000010000010000DE
:109E800001000001000001000001000001000001CC
:109E900000000100000100000000000000000020A0
:109EA0000000200000100000100000000000000072
:109EB000000000000000000000000000000000F0B2
:109EC0000019F8001B1800220800260800240800CA
:109ED0002410003FF8001FF80000080000180000E0
:109EE0000004000007FFF80FFFF00018180010082A
:109EF000002008002008003018001FF0000FC000EC
:109F000000000000000007C0001FF0001830002013
:109F100008002008002008003C08001C1000006019
:109F20000000000000000000000007C0001FF0005B
:109F3000381800200800200800200804101007FF2F
:109F4000F80FFFF00000100000000000000000000B
:109F50000007C0001FF00012300022180022080085
:109F60002208003208001E10000E20000000000031
:109F70000000200000200800200801FFF803FFF87F
:109F80000620080420080420080720000300000021
:109F9000000000000000000E000E6E001FF30031F4
:109FA000B10020B10020B1003191001F13002E1E1E
:109FB00000200E00300000000004000807FFF80F2A
:109FC000FFF8001008002000002000002008003FDB
:109FD000F8001FF80000080000000000000000006A
:109FE000002008002008002008063FF8063FF8007F
:109FF0000008000008000008000000000000000049
:10A000000000000000000300000300200100200108
:10A01000002003063FFE063FFC0000000000000099
:10A02000000000000004000807FFF80FFFF800011F
:10A0300088000300002FC00038F8002038002008F6
:10A0400000000800000000000000000004000804F8
:10A05000000804000807FFF80FFFF80000080000E0
:10A0600008000008000000000000002008003FF881
:10A07000003FF8001008002000003FF8003FF80003
:10A080001008002000003FF8003FF8000008000022
:10A0900000002008003FF8003FF800100800100002
:10A0A000002000002008003FF8001FF80000080012
:10A0B00000000000000007C0000FF0001830003062
:10A0C00008002008002008003008001830000FF0B9
:10A0D0000007C0000000000000002001003FFF005A
:10A0E0003FFF001011002009002008002008003068
:10A0F00038001FF0000FC00000000000000007C083
:10A10000001FF00038180020080020080020090077
:10A110001011001FFF003FFF0000010000000020A1
:10A1200008002008002008003FF8003FF800080859
:10A13000001008002008002000003000003000005F
:10A140000000000000000000000C78001E18003322
:10A15000080023080021080021880021980030F021
:10A160000038600000000000000020000020000017
:10A17000200000FFF003FFF8002008002008002066
:10A180000800003000000000000000000000200077
:10A19000003FF0007FF800001800000800000800F1
:10A1A0002010003FF8007FF00000100000000000C9
:10A1B00000002000003000003C00003F800023F041
:10A1C000000078000070002380003C000030000098
:10A1D0002000002000003C00003FE00023F80000C9
:10A1E000E0002700003E00003FE00021F80001E011
:10A1F000003E0000200000000000200800200800B1
:10A200003838003E680027800003C8002CF800386A
:10A210003800201800200800000000000000200086
:10A22000003003003C01003F830023EC000070007D
:10A230002380003C000020000020000000000000FF
:10A24000000000000038080020380020F80023E853
:10A25000002F88003E080038080020180000700019
:10A2600000000000000000000000000000000000EE
:10A27000000008000014001FF7FC30000620000258
:10A2800000000000000000000000000000000000CE
:10A290000000000000000000FFFFFF0000000000C1
:10A2A00000000000000000000000000000000000AE
:10A2B0002000023000061FF7FC0014000008000018
:10A2C000000000000000000000000000000000008E
:10A2D0000018000060000040000040000020000066
:10A2E0001000000800000400000400000C00001032
:10A2F00000000000000000000000002F000000002F
:10A300000700070000147F147F1400242A7F2A12FC
:10A3100000626408132300364955225000000503EB
:10A32000000000001C224100000041221C0000141B
:10A33000083E08140008083E0808000000A060005D
:10A3400000080808080800006060000000201008ED
:10A350000402003E5149453E0000427F4000004259
:10A3600061514946002141454B31001814127F10BC
:10A37000002745454539003C4A49493000017109EB
:10A38000050300364949493600064949291E00009F
:10A390003636000000005636000000081422410046
:10A3A0000014141414140000412214080002015176
:10A3B000090600324959513E007C1211127C007F7F
:10A3C00049494936003E41414122007F4141221C1A
:10A3D000007F49494941007F09090901003E41497F
:10A3E000497A007F0808087F0000417F4100002073
:10A3F00040413F01007F08142241007F404040401F
:10A40000007F020C027F007F0408107F003E414164
:10A41000413E007F09090906003E4151215E007F4F
:10A42000091929460046494949310001017F0101C6
:10A43000003F4040403F001F2040201F003F403869
:10A44000403F0063140814630007087008070061A8
:10A450005149454300007F41410000552A552A5586
:10A46000000041417F00000402010204004040401E
:10A470004040000001020400002054545478007F42
:10A480004844443800384444442000384444487F19
:10A4900000385454541800087E0901020018A4A47E
:10A4A000A47C007F080404780000447D4000004044
:10A4B00080847D00007F102844000000417F400020
:10A4C000007C04180478007C0804047800384444B4
:10A4D000443800FC242424180018242418FC007C90
:10A4E0000804040800485454542000043F44402009
:10A4F000003C4040207C001C2040201C003C4030A0
:10A50000403C004428102844001CA0A0A07C00442B
:10A5100064544C441414141414140000000000007B
:10A5200000000000000000000000000000F8000033
:10A530000000000000333000000000100C06100C7A
:10A540000600000000000000000040C07840C07815
:10A550004000043F04043F040400007088FC0830FD
:10A560000000001820FF211E0000F008F000E01895
:10A57000000000211C031E211E0000F0088870004E
:10A5800000001E2123241927211010160E000000A0
:10A5900000000000000000000000000000E01804BF
:10A5A0000200000000071820400000020418E0002C
:10A5B00000000040201807000000404080F080406C
:10A5C00040000202010F01020200000000F0000042
:10A5D00000000101011F0101010000000000000056
:10A5E000000080B0700000000000000000000000CB
:10A5F0000000000101010101010100000000000054
:10A60000000000303000000000000000000080600A
:10A610001804006018060100000000E0100808108F
:10A62000E000000F102020100F00001010F80000B4
:10A6300000000020203F20200000003008888848CB
:10A6400030000018202020110E000000C02010F85B
:10A65000000000070424243F240000F8088888082C
:10A6600008000019212020110E0000E01088881831
:10A670000000000F112020110E0000380808C83813
:10A6800008000000003F00000000007088080888F3
:10A690007000001C222121221C0000E0100808107C
:10A6A000E0000000312222110F00000000C0C000B5
:10A6B00000000000003030000000000000800000BA
:10A6C00000000000806000000000000080402010BA
:10A6D00008000001020408102000404040404040B3
:10A6E0004000040404040404040000081020408016
:10A6F000000000201008040201000070480808084B
:10A70000F0000000003036010000C030C828E8101A
:10A71000E0000718272423140B000000C038E000D5
:10A720000000203C23020227382008F8888888701F
:10A730000000203F202020110E00C030080808082B
:10A740003800071820202010080008F80808081012
:10A75000E000203F202020100F0008F88888E8083B
:10A760001000203F20202320180008F88888E808DF
:10A770001000203F200003000000C0300808083807
:10A78000000007182020221E020008F80800000818
:10A79000F808203F210101213F20000808F808089F
:10A7A00000000020203F2020000000000808F808DA
:10A7B0000800C08080807F00000008F888C028184A
:10A7C0000800203F20012638200008F8080000007B
:10A7D0000000203F20202020300008F8F800F8F882
:10A7E0000800203F003F003F200008F830C000086C
:10A7F000F808203F200007183F00E0100808081064
:10A80000E0000F10202020100F0008F808080808AA
:10A81000F000203F210101010000E01008080810AD
:10A82000E0000F18242438504F0008F888888888E2
:10A830007000203F2000030C3020007088080808BA
:10A8400038000038202121221C00180808F80808C8
:10A8500018000000203F2000000008F80800000851
:10A86000F808001F202020201F000878880000C85A
:10A870003808000007380E010000F80800F800084A
:10A88000F800033C0700073C030008186880806854
:10A89000180820302C03032C30200838C800C83892
:10A8A00008000000203F2000000010080808C838F9
:10A8B00008002038262120201800000000FE020297
:10A8C00002000000007F40404000000C30C000004B
:10A8D0000000000000010638C00000020202FE0075
:10A8E0000000004040407F0000000000040202021F
:10A8F0000400000000000000000000000000000054
:10A90000000080808080808080800002020400003F
:10A910000000000000000000000000008080808037
:10A9200000000019242222223F2008F80080800025
:10A930000000003F112020110E00000000808080E8
:10A940000000000E112020201100000000808088EF
:10A95000F800000E112020103F2000008080808031
:10A960000000001F222222221300008080F088882D
:10A9700088180020203F2020000000008080808078
:10A980008000006B94949493600008F800808080AD
:10A990000000203F210000203F2000809898000008
:10A9A00000000020203F2020000000000080989838
:10A9B000000000C08080807F000008F800008080D8
:10A9C0008000203F24022D302000000808F80000FD
:10A9D00000000020203F20200000808080808080B8
:10A9E0008000203F20003F20003F8080008080804A
:10A9F0000000203F210000203F2000008080808058
:10AA00000000001F202020201F0080800080800088
:10AA1000000080FFA12020110E0000000080808037
:10AA20008000000E112020A0FF80808080008080A8
:10AA3000800020203F2120000100000080808080D5
:10AA400080000033242424241900008080E08080CA
:10AA500000000000001F2020000080800000008017
:10AA60008000001F202020103F2080808000008078
:10AA7000808000010E300806010080800080008088
:10AA800080800F300C030C300F000080800080802D
:10AA900080000020312E0E31200080808000008058
:10AAA000808080818E701806010000808080808008
:10AAB00080000021302C2221300000000000807C2A
:10AAC000020200000000003F404000000000FF00C4
:10AAD000000000000000FF0000000002027C800077
:10AAE00000000040403F000000000006010102029B
:10AAF000040400000000000000000000000000004E
:10AB00000000000000000000000000000000000045
:10AB100000000000FEFEFE00000000000000001823
:10AB200019180000000000001CFC1C00001CFC1C8C
:10AB30000000000000000000000000003030FFFFB7
:10AB40003030FFFF30300003033F3F03033F3F033C
:10AB5000030000387C4CCFCFCC9C9C0000000F0F32
:10AB60000C7C7C0C0F070000001CA2A2E2DC406001
:10AB7000200000000101000E1111110E0000000064
:10AB8000B0F8CC8C0C0C8C8000000F0F1918191B1E
:10AB90000F1F1900000000001CFC1C00000000003A
:10ABA000000000000000000000000000000000E0C5
:10ABB000F81E0600000000000000071F786000007B
:10ABC0000000061EF8E00000000000000060781F92
:10ABD00007000000000000001898F0FEFEF0981832
:10ABE0000000000001010000010100008080808061
:10ABF000F8F88080808000010101011F1F01010120
:10AC00000100000000000000000000000000000043
:10AC100000E03C040000000000C0C0C0C0C0C0C0D4
:10AC2000C000000000000000000000000000000064
:10AC3000000000000000000000000000001C1C1CC0
:10AC4000000000000000000080E0FC1F0300000086
:10AC500000607C1F03000000000000F0FC0E0606F0
:10AC60000EFCF0000000030F1C18181C0F0300005E
:10AC7000000C0C0CFEFE0000000000001818181F4D
:10AC80001F181818000000181C0E0686CE7C38000D
:10AC90000000181C1E1B191818180000000C0CC608
:10ACA000C6C6E6FC3800000C1C18181818190F0747
:10ACB00000000080C070380EFEFE0000000003039C
:10ACC000031B1B1F1F1B00000000FEFE6666E6C67E
:10ACD000800000000C1C1818181C0F07000000E072
:10ACE000F8DC6C66E6C686000000030F1C18181C12
:10ACF0000F070000000E0E060686F6FE1E0000007E
:10AD00000000001C1F07000000000038FCC6C6C67B
:10AD1000C6FC38000000070F181818180F070000AD
:10AD20000078FCCE8686CEFCF000000018181919B9
:10AD30000D0E0701000000000000707070000000A0
:10AD400000000000001C1C1C0000000000000000AF
:10AD5000000070707000000000000060380C0400FB
:10AD6000000080C0C060303018180C0C00000101D9
:10AD70000306060C0C1818003030303030303030FC
:10AD800030300003030303030303030303000C0C2D
:10AD90001818303060C0C0808018180C0C060603EC
:10ADA000010100000000383C8C8CCCFC78000000D5
:10ADB000000018191900000000000000F804C22269
:10ADC00022FC00000000000F1021222213000000CE
:10ADD0000F0000000F000000FF0000000F00000047
:10ADE0000F0000000F00000000000000303132337F
:10ADF00034353637383941424344454640305800AF
:10AE000030313233343536373839616263646566E0
:10AE10004030780034AE00080000002040040000FC
:10AE2000C4010008C8AF0008400400203807000033
:10AE300020020008611A8001D1C90F291F091011D1
:10AE40006913590DA925D930C940C93036E0F8FE3B
:10AE50000F0156010FFEF8E087020303FFFFFF2DED
:10AE60001806030101460307FFFE3C480B40707CB7
:10AE700077F3E3E3E3C383204B0703012CC3FB7F9A
:10AE800049E950E940E9304C3FFFFF9B8580FFFFD7
:10AE90003F9980391BC7C060100C070329509A7E68
:10AEA000224CF0FE1F2009125009104089302178F1
:10AEB0000803070C0808080420190D1C0F0F0F06C3
:10AEC000490E4E0C0E0F0D0C012A0E232B060E0BF5
:10AED0001A04D7A1A40C0F07C950F940F930613A00
:10AEE000C0013BFFFF07C90E1910A17A0601380AFD
:10AEF00086C6C66676361E0E0ED149F52809062688
:10AF0000366666C6C686204BFEFE108AE60F011D19
:10AF1000480A80E0781EFFFF1C30E04B1BC0700E1B
:10AF20008B1EF07C497523FE7E2A18011CFFFF1939
:10AF300006216008F0F81C0C060301100F40C060E9
:10AF4000603018190C666662607F3F280C20603004
:10AF50003018180C0C0666630F011B2C101C0E44D5
:10AF600033FFFF5F0183E0301C070E7B030792195C
:10AF70009414F83F0F3BC0C3013BFFFF0712C07B97
:10AF80000F3EA53999499D790B990D01220B187F28
:10AF90007F0E65040E07032A6001A9D05503070E32
:10AFA0000459F15A0F29091247E11280193919EB96
:10AFB00011847A030A200901020304060708092BF9
:08AFC000FFFF1BE1291E89229D
:040000050800018965
:00000001FF
