:020000040800F2
:1000000090070020295B0008F9060008FB0600089D
:10001000FF060008030700080707000800000000AB
:100020000000000000000000000000000B070008B6
:100030000D070008000000000F0700081107000866
:10004000435B0008435B0008435B0008435B000818
:10005000435B0008435B000851050008435B000850
:1000600097050008E70500082D060008435B000817
:10007000435B0008435B0008435B0008435B0008E8
:10008000435B0008435B0008435B0008435B0008D8
:10009000435B0008435B0008435B0008435B0008C8
:1000A000435B0008435B0008435B0008435B0008B8
:1000B000435B0008E5020008CF040008435B00082A
:1000C000435B0008435B0008435B0008435B000898
:1000D000435B00089D5A0008435B0008435B00082F
:1000E000435B0008435B0008435B0008435B000878
:1000F000435B0008435B0008435B0008435B000868
:10010000435B0008435B000807050008435B0008E9
:10011000435B0008435B0008435B0008435B000847
:10012000435B0008435B0008435B0008435B000837
:10013000435B0008435B0008435B0008435B000827
:10014000435B0008435B0008435B0008435B000817
:10015000435B0008435B0008435B0008435B000807
:10016000435B0008435B0008435B0008435B0008F7
:10017000435B0008435B0008435B0008435B0008E7
:10018000435B0008435B000800F002F800F041F810
:100190000AA090E8000C82448344AAF10107DA45E2
:1001A00001D100F036F8AFF2090EBAE80F0013F0F3
:1001B000010F18BFFB1A43F001031847C498000051
:1001C000E4980000103A24BF78C878C1FAD85207E2
:1001D00024BF30C830C144BF04680C6070470000C1
:1001E0000023002400250026103A28BF78C1FBD840
:1001F000520728BF30C148BF0B607047782907F00D
:100200000F86002070471FB508F032F81FBD10B5EB
:1002100010BD07F0BDFE1146FFF7F5FF00F008F82E
:1002200007F0DBFE03B4FFF7F2FF03BC05F0D6FBDB
:1002300005F062FA05F0E2FAA82005F04DFB4FF454
:10024000E13005F0D9FB42F2CF0140F2F31005F0A6
:10025000C9F942F2CF0141F2873005F0EFF942F2DD
:10026000CF01632005F016FA01F03CFA00F05AFBCA
:10027000002001F005FA4FF47840F7490880F74A6A
:10028000118801EBD1725210F54B1A80F34A508855
:1002900000EBD0725210F34B1A8022E01021F2488A
:1002A00005F0BAFDD0B90A2005F078FB00BF102197
:1002B000ED4805F0B1FD0028F9D0EC48007802289F
:1002C0000CDBEB48007830B90020EA4908700120C7
:1002D000E749087002E00020E54908700020E34982
:1002E0000870DBE77CB50121E34807F0E2FB012859
:1002F00076D1002001F0C4F9E048007801280ED141
:10030000D7480088DE4909780844D44909888842DA
:1003100005DAD3480088401CD14908800EE0D74850
:10032000007801280AD10020D44908700120D5495D
:100330000870CB480088401EC9490880D148007821
:1003400001280CD1C6480088CD490978401A0028F8
:1003500005DDC3480088401EC14908800DE0C9483A
:100360000078012809D1C54908700020C5490870E6
:10037000BB480088401CBA490880C348007801285F
:100380000ED1B8480088BE4909780844B349498865
:10039000884205DAB3480088401CB24908800EE064
:1003A000B948007801280AD10020B7490870012017
:1003B000B6490870AB480088401EAA490880B34877
:1003C000007801280DD1A7480088AD490978401A66
:1003D000002806DDA3480088401EA24908800EE0E0
:1003E00070E0AA480078012809D1A74908700020C8
:1003F000A64908709B480088401C9A490880A44878
:10040000007801280BD19E480078A2490978B1EB09
:10041000400F04DA9A480078401E994908709E48B7
:100420000078012824D18E4800889549097808442D
:100430008A49098888421BDA8948008890490978E6
:10044000401A002814DD874800888D49097808443F
:100450008249498888420BDA8248008888490978AD
:10046000401A002804DD86480078401C8449087042
:10047000834802787B4801887948008804F0E8FEC8
:100480007B48007801281DD182490978814BCDE94C
:1004900000101D7805EBD573724E3688A6EB63030A
:1004A00099B27C4B1C78E31704EB93736C4E36883F
:1004B000A6EBA30398B2794B6E4E36789A5D012372
:1004C00004F0EFFF01216C4807F004FB7CBD10B580
:1004D0000121734807F0EDFA01280FD16348007835
:1004E000401C6249087063490978481CC11700EB39
:1004F0005171C910A0EBC1015E4A11700121684819
:1005000007F0E8FA10BD10B50121664807F0D1FAEE
:10051000012818D16448007801280CD1634800787C
:10052000642808DA00206249086060480078401CAE
:100530005E49087007E001205D49086000205B49C2
:100540000870594908700121564807F0C3FA10BDD8
:1005500010B50A2005F022FA0121564805F05CFC8E
:10056000012814D14A480078012802D14E49087068
:100570000DE00120464908700020474908704149B4
:1005800008703E49087040490870404908700120D1
:1005900007F0FBFB10BD10B50A2005F0FFF90421A0
:1005A000314805F039FCD0B936480078012803D02D
:1005B00032480078012803D101203B4908700EE041
:1005C000002033490870344908702F4908702F49BA
:1005D000087001202949087000202A490870042069
:1005E00007F0D3FB10BD10B50A2005F0D7F908219C
:1005F0001D4805F011FCA8B927480078012802D150
:10060000294908700EE00020214908700120224984
:10061000087000201B490870184908701A490870B2
:100620001A490870082007F0B0FB10BD10B50A2069
:1006300005F0B4F910210C4805F0EEFB58B912484A
:100640000078012803D011480078012834D1012016
:10065000154908703FE03EE03000002054000020C3
:100660000200002004000020001002400E000020C4
:100670000D000020110000200004004006000020B2
:1006800000000020070000200800002009000020D2
:100690000A000020100000200B00002012000020A3
:1006A00000080040000C00400C0000200F0000205B
:1006B000A482424200000240002009490870094912
:1006C0000870094908700949087001200849087034
:1006D000002008490870102007F057FB10BD0000EB
:1006E0000A0000200B000020070000200600002068
:1006F0000800002009000020704700BFFEE700BF8F
:10070000FEE700BFFEE700BFFEE770477047704797
:10071000704700000CB500200190009076480068FA
:1007200040F480307449086000BF7348006800F4EA
:10073000003000900198401C0190009818B9019871
:10074000B0F5A04FF1D16C48006800F4003010B152
:100750000120009001E0002000900098012846D17F
:1007600065484030006840F080506349403108607F
:100770006248006840F44040604908605E480830C4
:1007800000685D49083108600846006840F4004090
:1007900008600846006840F4A05008605848091FE7
:1007A0000860081F006840F08070091F086000BFE3
:1007B0005148006800F000700028F9D040F2057040
:1007C000504908604C480830006820F003004A494E
:1007D000083108600846006840F00200086000BF69
:1007E00045480830006800F00C000828F8D10CBD1E
:1007F00010B54548006840F47000434908603E4821
:10080000006840F001003C49086000203A49083186
:100810000860394800683D490840374908603C484D
:10082000091D0860081F006820F48020091F086067
:10083000002031490C310860FFF76CFF4FF0006079
:1008400031498039086010BD70B5002000220223B4
:1008500000240221284D08352D6805F00C0020B138
:10086000042806D0082834D107E02A4D2A4E3560E6
:1008700033E02A4D284E35602FE01F4D2D1D2D6889
:10088000C5F380541C4D2D1D2D6805F03F0154B15A
:10089000224DB5FBF1F5184E361D3668C6F38816A5
:1008A00005FB06F209E01B4DB5FBF1F5124E361DB6
:1008B0003668C6F3881605FB06F20F4D2D1D2D6810
:1008C000C5F301456D1C6B00B2FBF3F5124E3560AC
:1008D00003E0104D104E356000BF00BF064D0835D7
:1008E0002D68C5F303150E4E705D0B4D2D68C54088
:1008F000094E356070BD00000038024000700040B5
:1009000008544007003C024088ED00E0FFFFF6FE7F
:10091000103000240024F4001C00002000127A0093
:10092000200000201CB50121202005F095FF4FF488
:10093000C060009001208DF8040000208DF80600B2
:1009400003208DF8050001208DF807006946044852
:1009500005F000FA4FF4C061014805F077FA1CBDBC
:100960000014024001B5BDF800000090BDF8000081
:10097000F849088008BD01B5BDF800000090BDF839
:100980000000F449891C088008BD08B5F148801CA6
:1009900000880090BDF8000008BDEE4A10804FF0BE
:1009A000D842A2F88010704710B504462046FFF7E1
:1009B000D9FF052004F0AAFFFFF7E7FF10BDE648C6
:1009C0000089E44908807047E249891C0880704723
:1009D00030B5014601F01F04C1F34513CA0AE50210
:1009E00005EB43151544A8B230BD00BF011EA0F1B0
:1009F0000102D0B2FAD1704730B504460D46D64850
:100A0000808849F24131884205D0D348808845F238
:100A10001031884214D1D0494889FFF7A3FF201232
:100A2000FFF7A9FFE0B2FFF7A6FFCB498889FFF7E0
:100A300099FF2812FFF79FFFE8B2FFF79CFFABE09A
:100A4000C548808846F6040188421DD1C248807995
:100A5000012804D1C0480088401E001B84B2BE4952
:100A60004889FFF77FFF2012FFF785FFE0B2FFF70D
:100A700082FFB9498889FFF775FF2812FFF77BFFCE
:100A8000E8B2FFF778FF87E0B348808841F663114A
:100A9000884247D1B0488079A8B9AF480088401E45
:100AA000001B84B2AC494889FFF75CFF0020FFF7C8
:100AB00062FF0020FFF75FFF2012FFF75CFFE0B24C
:100AC000FFF759FF16E0A4494889FFF74BFF2012B2
:100AD000FFF751FFE0B2FFF74EFF9F490988491E1B
:100AE000C1F30F20FFF747FF9B490978491EC8B2A1
:100AF000FFF741FF98498889FFF734FF2812FFF775
:100B00003AFFE8B2FFF737FF93494988491EC1F31E
:100B10000F20FFF730FF90498978491EC8B2FFF7D0
:100B20002AFF39E08C48808845F21051884220D154
:100B300089494889FFF716FF2012FFF71CFF8649F5
:100B40004989491C88B2FFF70DFFE0B2FFF713FF98
:100B500081498889FFF706FF2812FFF70CFF7E49BD
:100B60008989491C88B2FFF7FDFEE8B2FFF703FF51
:100B700012E079488079012804D177480088401E26
:100B8000001B84B2744948892146FFF706FF724969
:100B900088892946FFF701FF30BD2DE9F041054660
:100BA0000E4600240027A0466B480088A84203DDBB
:100BB00069484088B04202DC0020BDE8F08131463F
:100BC0002846FFF719FF6448808849F2413188427E
:100BD00011D06148808846F6040188420BD05E48F7
:100BE000808845F21031884205D05B48808841F604
:100BF0006311884203D12E20FFF7B4FE0DE0564862
:100C0000808845F21051884204D14FF43850FFF7E4
:100C1000A9FE02E02220FFF7A5FE4F48808849F296
:100C20002031884202D10220FFF7DFFEFFF7ADFE40
:100C300004464948808841F66311884201D1204624
:100C4000BBE70220FFF7D1FEFFF79FFE04464248B4
:100C5000808849F2413188420BD03F48808845F274
:100C60001031884205D03C48808845F210518842B6
:100C70000AD10220FFF7B9FEFFF787FE8046E7B2F0
:100C80004FF6FF7000EA07273348808849F2253184
:100C9000884216D03048808844F23551884210D0BE
:100CA0002D488088091F88420BD02B4880884BF242
:100CB0000551884205D0284880884CF20551884269
:100CC00001D1204679E72448808849F241318842A1
:100CD0000BD02148808845F21031884205D01E484B
:100CE000808845F21051884207D1E012C002B91243
:100CF00040EA411040EAE8205FE72046FFF768FE3F
:100D00005BE700B51448808849F24131884211D030
:100D10001148808846F6040188420BD00E4880882E
:100D200045F21031884205D00B48808841F66311A6
:100D3000884203D12920FFF715FE14E00648808879
:100D400045F21051884209D14FF42450FFF70AFEB2
:100D500009E000007E00006C5400002040F2731196
:100D60000720FFF71AFE00BD00B5FD48808849F254
:100D70004131884211D0FA48808846F60401884201
:100D80000BD0F748808845F21031884205D0F448EE
:100D9000808841F66311884203D12820FFF7E2FDE5
:100DA0000EE0EF48808845F21051884204D14FF49C
:100DB0002050FFF7D7FD03E000210720FFF7EDFDEE
:100DC00000BDF0B5054600240027E54880790128DC
:100DD0000BD1E348808846F60401884205D0E048FC
:100DE000808841F66311884208D1DD488079F0B9E6
:100DF000DB48808841F66311884218D1082D15D24E
:100E0000DFE805F00406080A0C0E101206250DE0B6
:100E100007250BE0042509E0052507E0012505E08D
:100E2000002503E0032501E0022500BF00BFCC48F8
:100E3000808849F24131884217D0C948808846F6F7
:100E40000401884211D0C648808845F2103188429A
:100E50000BD0C348808845F21051884205D0C04865
:100E6000808841F6631188427ED1082D1CD2DFE8CC
:100E700005F00406090C0F12151800BF14E044F029
:100E8000800411E044F040040EE044F0C0040BE0A4
:100E900044F0200408E044F0600405E044F0A004BD
:100EA00002E044F0E00400BF00BFAD48808845F296
:100EB0001051884202D14FF4585700E03627A84815
:100EC000808845F2103188420DD0A548808845F2CF
:100ED0001051884207D0A248808841F663118842A9
:100EE00001D044F008049E48808846F604018842F8
:100EF00001D144F0020421463846FFF74EFD9848E0
:100F0000808841F6631188421DD004F0200068B14A
:100F10009348008892494988884214DA90480688A4
:100F200040888F490880084646800CE08C4800883D
:100F30008B494988884206DD894806884088884967
:100F40000880084646808648808845F210518842CD
:100F500054D183494889FFF705FD0020FFF70BFDB9
:100F60007F494989491C00E077E088B2FFF7FAFC25
:100F70000020FFF700FD7A494989891C88B2FFF7F4
:100F8000F1FC77490988491EC1F30F20FFF7F3FCF4
:100F900073494989C91C88B2FFF7E4FC7049097894
:100FA000491EC8B2FFF7E7FC6D498889FFF7DAFCF4
:100FB0000020FFF7E0FC6A498989491C88B2FFF7E5
:100FC000D1FC0020FFF7D7FC65498989891C88B2CC
:100FD000FFF7C8FC62494988491EC1F30F20FFF79B
:100FE000CAFC5F498989C91C88B2FFF7BBFC5C4910
:100FF0008978491EC8B2FFF7BEFC55E058494889B8
:10100000FFF7B0FC0020FFF7B6FC0020FFF7B3FCB1
:1010100053490988491EC1F30F20FFF7ACFC504922
:101020000978491EC8B2FFF7A6FC4D498889FFF729
:1010300099FC0020FFF79FFC0020FFF79CFC48492B
:101040004988491EC1F30F20FFF795FC4449897870
:10105000491EC8B2FFF78FFC26E0082D1CD2DFE83E
:1010600005F004070A0D0F12151844F0300413E0C0
:1010700044F0100410E044F020040DE000BF0BE049
:1010800044F0380408E044F0280405E044F0180473
:1010900002E044F0080400BF00BF032744F480547A
:1010A00021463846FFF779FCF0BD30B504460D46C1
:1010B00029462046FFF7A0FCFFF781FC294800885D
:1010C0002949088030BD70B504460D4616462448AF
:1010D000808849F24131884205D02148808845F214
:1010E0001031884214D11E494889FFF73BFC201279
:1010F000FFF741FCE0B2FFF73EFC19498889FFF792
:1011000031FC2812FFF737FCE8B2FFF734FC93E01C
:101110001348808845F21051884227D110494889E8
:10112000FFF720FC2012FFF726FC0D494989491CD6
:1011300088B2FFF717FCE0B2FFF71DFC0849888969
:10114000FFF710FC2812FFF716FC05498989491C96
:1011500088B2FFF707FCE8B2FFF70DFC6CE0000077
:1011600054000020300000208000006CFE48808881
:1011700041F66311884228D1FB48807920B9FA48AA
:101180000088401E001B84B2F7494889FFF7EAFB3C
:101190002012FFF7F0FBE0B2FFF7EDFB2012FFF7A4
:1011A000EAFBE0B2FFF7E7FBEF498889FFF7DAFBDC
:1011B0002812FFF7E0FBE8B2FFF7DDFB2812FFF78C
:1011C000DAFBE8B2FFF7D7FB36E0E748808846F65F
:1011D000040188421DD1E4488079012804D1E24805
:1011E0000088401E001B84B2DF494889FFF7BAFB24
:1011F0002012FFF7C0FBE0B2FFF7BDFBDA49888998
:10120000FFF7B0FB2812FFF7B6FBE8B2FFF7B3FB1E
:1012100012E0D5488079012804D1D3480088401EC7
:10122000001B84B2D04948892146FFF7B6FBCE495E
:1012300088892946FFF7B1FBCB480089CB49088054
:101240004FF0D840A0F8806070BD70B52DED048BD4
:101250000446BE20FFF786FB0520FFF78CFB2046E7
:1012600006F0F5FE41EC190B9FEDC10B53EC102B72
:1012700006F000FF41EC180B06F0BCFE85B22846D4
:10128000FFF779FB0120FFF776FBFF20FFF773FBE9
:101290000020FFF770FB0020FFF76DFBBDEC048B17
:1012A00070BD10B50446002C66D1AF498871F0209E
:1012B00008804FF4A07048800846808849F2413188
:1012C00088420BD0A848808846F60401884205D0A1
:1012D000A548808845F2103188421AD12C20A249B5
:1012E00008812A2048812B2088810846808846F67C
:1012F0000401884205D09C48808845F2103188421C
:1013000006D14FF4A070984908804FF4F0704880DF
:10131000A1E09548808845F21051884210D14FF4E1
:101320003050914908814FF4285048814FF42C5097
:1013300088814FF4F07008804FF4487048808AE04C
:101340008948808841F6631188420DD12C20864956
:1013500008812B2048812A2088814FF4F070088072
:101360004FF44870488076E022207F490881202091
:101370004881212088816EE001207B4988714FF4EB
:10138000A0700880F02048800846808849F24131EA
:10139000884205D07448808845F21031884207D1D0
:1013A0002C20714908812A2048812B2088813FE028
:1013B0006D48808846F60401884207D12C206A498E
:1013C00008812B2048812A20888131E06648808866
:1013D00045F21051884210D14FF4305062490881D3
:1013E0004FF4285048814FF42C5088814FF44870B6
:1013F00008804FF4F07048801AE05B48808841F61E
:10140000631188420DD12C20574908812A20488138
:101410002B2088814FF4487008804FF4F07048808A
:1014200006E022205049088121204881202088811F
:101430004D48808846F60401884205D04A48808895
:1014400045F21031884206D14FF4F07046490880C9
:101450004FF4A07048800020FFF7B3FC10BD2DE9C9
:10146000F04F86B004460D469046994604EB0800BE
:10147000401E86B205EB0900401E87B23A488088BC
:1014800049F24131884215D03748808845F2103101
:1014900088420FD03448808846F60401884209D03B
:1014A00031488079012826D12F48808841F6631180
:1014B000884220D12C494889FFF754FA2012FFF7BF
:1014C0005AFAE0B2FFF757FA3012FFF754FAF0B2C7
:1014D000FFF751FA24498889FFF744FA2812FFF7E9
:1014E0004AFAE8B2FFF747FA3812FFF744FAF8B2BF
:1014F000FFF741FAC1E01C48808841F66311884239
:101500003DD119480088A0EB0800001B84B205EB10
:101510000900401E1FFA80F913494889FFF722FA93
:101520002012FFF728FAE0B2FFF725FA04EB0801D2
:10153000491EC1F30F20FFF71EFA04EB0801491EF4
:10154000C8B2FFF718FA08498889FFF70BFA281282
:10155000FFF711FAE8B2FFF70EFA4FEA2920FFF77A
:101560000AFA09F0FF0007E0540000207E00006C3A
:101570006666666666660440FFF7FDF97DE0FE4834
:10158000808845F21051884244D1FB494889FFF7D1
:10159000E9F92012FFF7EFF9F7494989491C88B2A8
:1015A000FFF7E0F9E0B2FFF7E6F9F3494989891C52
:1015B00088B2FFF7D7F93012FFF7DDF9EE49498914
:1015C000C91C88B2FFF7CEF9F0B2FFF7D4F9EA49A7
:1015D0008889FFF7C7F92812FFF7CDF9E64989890D
:1015E000491C88B2FFF7BEF9E8B2FFF7C4F9E24937
:1015F0008989891C88B2FFF7B5F93812FFF7BBF962
:10160000DD498989C91C88B2FFF7ACF9F8B2FFF748
:10161000B2F932E0D848807901280ED1AA46BB46FB
:10162000D5480088801B401E80B20190D2480088B7
:10163000001B401E80B2009003E0A246B346019515
:101640000097502005905120049052200390532081
:10165000029051460598FFF7A0F959460498FFF704
:101660009CF901990398FFF798F900990298FFF700
:1016700094F929462046FFF7BFF906B0BDE8F08F80
:1016800070B504460026BC48058840884543BA48E2
:10169000808846F60401884216D1B748807901282F
:1016A00012D10020B44988712A2048812B208881DA
:1016B00000210846FFF7A0F90120AF4988712B20CF
:1016C00048812A20888103E000210846FFF794F929
:1016D000FFF775F9002602E0A8480480761CAE42A8
:1016E000FAD370BD00B5A1B00020209001217A206E
:1016F00005F0B2F80121084605F0E6F84FF4004085
:101700001E9001208DF87C0000208DF87E000220C4
:101710008DF87D0001208DF87F001EA9984804F007
:1017200019FB4CF233701E9002208DF87C000020D3
:101730008DF87E0003208DF87D0001208DF87F005C
:101740001EA9904804F006FB4FF680701E90022000
:101750008DF87C0000208DF87E0003208DF87D0040
:1017600001208DF87F001EA9874804F0F3FA4FF49A
:1017700080501E9002208DF87C0000208DF87E00A5
:1017800003208DF87D0001208DF87F001EA97F4881
:1017900004F0E0FA4FF480501E9002208DF87C0097
:1017A00000208DF87E0003208DF87D0001208DF84B
:1017B0007F001EA9764804F0CDFA0C220021714862
:1017C00004F053FB0C2201216E4804F04EFB0C2266
:1017D00004216C4804F049FB0C220521694804F0FF
:1017E00044FB0C220821674804F03FFB0C2209212E
:1017F000644804F03AFB0C220A21624804F035FBED
:101800000C220E215F4804F030FB0C220F215D48B2
:1018100004F02BFB0C2207215B4804F026FB0C2272
:101820000821594804F021FB0C220921564804F0F4
:101830001CFB0C220A21544804F017FB0C220B213C
:10184000514804F012FB0C2211464F4804F00DFBE6
:101850000C220D214C4804F008FB0C220E214A48B2
:1018600004F003FB0C220F21474804F0FEFA0C227F
:101870001146464804F0F9FA0C221146444804F097
:10188000F4FA0F200890002009903C200A900020D4
:101890000B900C900D900E9009200190002002906A
:1018A00008200390002004900590069007900620E1
:1018B0000F90002010901190102012900020139093
:1018C00015901490169017904FF4805018900020A7
:1018D00019904FF480401A9000201B9008A81C908B
:1018E00001A81D900FA804F014FB0121062004F0AC
:1018F0009BFB322004F052F801210020FFF74DF845
:10190000322004F04BF80020FFF74EF81A49888087
:1019100008468088FF280ADB084680884FF6FF715A
:10192000884204D014488088B0F5134F7ED1D3206C
:10193000FFF718F8FFF729F80F498880FFF725F817
:101940000D498880FFF721F80B4988800846808878
:101950004FF6FF7101EA002007498880FFF715F86C
:10196000054989880843044988800846808849F2E7
:10197000413188425AD00DE0540000208000006CB4
:1019800000040240000C024000100240001402401B
:1019900000180240BF20FEF7E5FFFEF7F6FFFE4904
:1019A0008880FEF7F2FFFC498880FEF7EEFFFA49D7
:1019B0008880FEF7EAFFF8498880084680884FF65D
:1019C000FF7101EA0020F4498880FEF7DEFFF2494A
:1019D00089880843F04988800846808846F60401D3
:1019E00088427AD0D420FEF7BDFFFEF7CEFFEA4949
:1019F0008880FEF7CAFFE8498880FEF7C6FFE649FF
:101A00008880084680884FF6FF7101EA0020E2498D
:101A10008880FEF7BAFFE04989880843DE4988805C
:101A20000846808845F21031884200E055E054D0E5
:101A30004FF45A40FEF796FFFEF7A7FFD64988807D
:101A40004FF45B40FEF78EFFFEF79FFFD249888080
:101A5000084680884FF6FF7101EA0020CE49888051
:101A60004FF45C40FEF77EFFFEF78FFFCA4989887E
:101A70000843C949888008468088B0F5004F02D1E4
:101A800045F210508880C448808845F21051884241
:101A900023D0A120FEF766FFFEF777FFBE498880BE
:101AA000FEF773FFBC498880084680884FF6FF71B7
:101AB00001EA0020B8498880FEF767FFB6498988A7
:101AC0000843B54988800846808845F2617188429C
:101AD00003D141F66310B0498880AF48808849F24D
:101AE0004131884211D0AC48808845F2103188429B
:101AF0000BD0A948808845F21051884205D0A648ED
:101B0000808841F6631188421DD1A448006820F006
:101B10000F004FF02041C1F81C010846D0F81C010D
:101B200020F47060C1F81C010846D0F81C0140F098
:101B30000300C1F81C010846D0F81C0140F40070F5
:101B4000C1F81C0128E09448808846F604018842C8
:101B500005D0914880884CF2055188421CD18F48AD
:101B6000006820F00F004FF02041C1F81C0108462A
:101B7000D0F81C0120F47060C1F81C010846D0F8B0
:101B80001C0140F00A00C1F81C010846D0F81C01F5
:101B900040F44060C1F81C017F48818880A006F0B5
:101BA000FFF87D48808849F2413188427ED1CF20BC
:101BB000FEF7D8FE0020FEF7DEFEC120FEF7DBFEBA
:101BC0003020FEF7D8FEED20FEF7CCFE6420FEF7B5
:101BD000D2FE0320FEF7CFFE1220FEF7CCFE8120BE
:101BE000FEF7C9FEE820FEF7BDFE8520FEF7C3FE26
:101BF0001020FEF7C0FE7A20FEF7BDFECB20FEF7D8
:101C0000B1FE3920FEF7B7FE2C20FEF7B4FE00200F
:101C1000FEF7B1FE3420FEF7AEFE0220FEF7ABFE6B
:101C2000F720FEF79FFE2020FEF7A5FEEA20FEF734
:101C300099FE0020FEF79FFE0020FEF79CFEC020CC
:101C4000FEF790FE1B20FEF796FEC120FEF78AFEEF
:101C50000120FEF790FEC520FEF784FE3020FEF73F
:101C60008AFE3020FEF787FEC720FEF77BFEB720F6
:101C7000FEF781FE3620FEF775FE4820FEF77BFE5C
:101C80003A20FEF76FFE5520FEF775FEB120FEF7F5
:101C900069FE0020FEF76FFE1A20FEF76CFEB620EC
:101CA000FEF760FE0A20FEF766FE00E0A5E0A22037
:101CB000FEF761FEF220FEF755FE0020FEF75BFE08
:101CC0002620FEF74FFE0120FEF755FEE020FEF72E
:101CD00049FE0F20FEF74FFE2A20FEF74CFE28207B
:101CE000FEF749FE0820FEF746FE0E20FEF743FEF3
:101CF0000820FEF740FE5420FEF73DFEA920FEF727
:101D00003AFE4320FEF737FE0A20FEF734FE0F208E
:101D1000FEF731FE0020FEF72EFE0020FEF72BFE20
:101D20000020FEF728FE0020FEF725FEE120FEF74A
:101D300019FE0020FEF71FFE1520FEF71CFE1720DF
:101D4000FEF719FE0720FEF716FE1120FEF713FE20
:101D50000620FEF710FE2B20FEF70DFE5620FEF7A4
:101D60000AFE3C20FEF707FE0520FEF704FE1020C9
:101D7000FEF701FE0F20FEF7FEFD3F20FEF7FBFD04
:101D80003F20FEF7F8FD0F20FEF7F5FD2B20FEF7B4
:101D9000E9FD00200CE00000540000201C0100A020
:101DA000204C43442049443A25780D0A00000000A5
:101DB000FEF7E1FD0020FEF7DEFD0120FEF7DBFD72
:101DC0003F20FEF7D8FD2A20FEF7CCFD0020FEF7CD
:101DD000D2FD0020FEF7CFFD0020FEF7CCFDEF2066
:101DE000FEF7C9FD1120FEF7BDFD782003F0D6FDFA
:101DF0002920FEF7B7FD03F01DB9FE48808846F69E
:101E0000040188427ED11120FEF7ACFD142003F0BE
:101E1000C5FDD020FEF7A6FD0720FEF7ACFD422051
:101E2000FEF7A9FD1D20FEF7A6FDD120FEF79AFDC5
:101E30000020FEF7A0FD1A20FEF79DFD0920FEF709
:101E40009AFDD220FEF78EFD0120FEF794FD2220A0
:101E5000FEF791FDC020FEF785FD1020FEF78BFDFB
:101E60003B20FEF788FD0020FEF785FD0220FEF7EF
:101E700082FD1120FEF77FFDC520FEF773FD0320D4
:101E8000FEF779FDC820FEF76DFD0020FEF773FD1B
:101E90002520FEF770FD2120FEF76DFD0520FEF7E1
:101EA0006AFD0020FEF767FD0A20FEF764FD65204D
:101EB000FEF761FD2520FEF75EFD7720FEF75BFD56
:101EC0005020FEF758FD0F20FEF755FD0020FEF7CD
:101ED00052FDF820FEF746FD0120FEF74CFDFE20E6
:101EE000FEF740FD0020FEF746FD0220FEF743FD11
:101EF0002020FEF737FD3620FEF734FD0820FEF7E0
:101F00003AFD00E02AE03A20FEF72CFD5520FEF7CE
:101F100032FD2B20FEF726FD0020FEF72CFD0020D1
:101F2000FEF729FD0120FEF726FD3F20FEF723FDE9
:101F30002A20FEF717FD0020FEF71DFD0020FEF70A
:101F40001AFD0120FEF717FDDF20FEF714FD7820B3
:101F500003F024FD2920FEF705FD4CE7A548808805
:101F600045F21031884240F07C87ED20FEF7FAFC04
:101F70000120FEF700FDFE20FEF7FDFCEE20FEF73F
:101F8000F1FCDE20FEF7F7FC2120FEF7F4FCF12047
:101F9000FEF7E8FC0120FEF7EEFCDF20FEF7E2FC96
:101FA0001020FEF7E8FCC420FEF7DCFC8F20FEF7D3
:101FB000E2FCC620FEF7D6FC0020FEF7DCFCE220A7
:101FC000FEF7D9FCE220FEF7D6FCE220FEF7D3FCB8
:101FD000BF20FEF7C7FCAA20FEF7CDFCB020FEF71D
:101FE000C1FC0D20FEF7C7FC0020FEF7C4FC0D204D
:101FF000FEF7C1FC0020FEF7BEFC1120FEF7BBFC83
:102000000020FEF7B8FC1920FEF7B5FC0020FEF713
:10201000B2FC2120FEF7AFFC0020FEF7ACFC2D2027
:10202000FEF7A9FC0020FEF7A6FC3D20FEF7A3FC6E
:102030000020FEF7A0FC5D20FEF79DFC0020FEF7CF
:102040009AFC5D20FEF797FC0020FEF794FCB1207F
:10205000FEF788FC8020FEF78EFC0020FEF78BFC4C
:102060008B20FEF788FC0020FEF785FC9620FEF70B
:1020700082FC0020FEF77FFCB220FEF773FC0020FC
:10208000FEF779FC0020FEF776FC0220FEF773FCD9
:102090000020FEF770FC0320FEF76DFC0020FEF729
:1020A0006AFCB320FEF75EFC0020FEF764FC002013
:1020B000FEF761FC0020FEF75EFC0020FEF75BFCF3
:1020C0000020FEF758FC0020FEF755FC0020FEF72C
:1020D00052FC0020FEF74FFC0020FEF74CFC0020D5
:1020E000FEF749FC0020FEF746FC0020FEF743FC0B
:1020F0000020FEF740FC0020FEF73DFC0020FEF72C
:102100003AFC0020FEF737FC0020FEF734FC0020EC
:10211000FEF731FC0020FEF72EFC0020FEF72BFC22
:102120000020FEF728FC0020FEF725FC0020FEF72B
:1021300022FC0020FEF71FFCB420FEF713FC8B20CE
:10214000FEF719FC0020FEF716FC9620FEF713FCA4
:102150000020FEF710FCA120FEF70DFC0020FEF78A
:102160000AFCB520FEF7FEFB0220FEF704FC00206F
:10217000FEF701FC0320FEF7FEFB0020FEF7FBFB51
:102180000420FEF7F8FB0020FEF7F5FBB620FEF773
:10219000E9FB0020FEF7EFFB0020FEF7ECFBB72089
:1021A000FEF7E0FB0020FEF7E6FB0020FEF7E3FB76
:1021B0003F20FEF7E0FB0020FEF7DDFB5E20FEF790
:1021C000DAFB0020FEF7D7FB6420FEF7D4FB0020EB
:1021D000FEF7D1FB8C20FEF7CEFB0020FEF7CBFBF9
:1021E000AC20FEF7C8FB0020FEF7C5FBDC20FEF7A5
:1021F000C2FB01E0540000200020FEF7BCFB702071
:10220000FEF7B9FB0020FEF7B6FB9020FEF7B3FB0C
:102210000020FEF7B0FBEB20FEF7ADFB0020FEF741
:10222000AAFBDC20FEF7A7FB0020FEF7A4FBB820EA
:10223000FEF798FB0020FEF79EFB0020FEF79BFBBD
:102240000020FEF798FB0020FEF795FB0020FEF72C
:1022500092FB0020FEF78FFB0020FEF78CFB002096
:10226000FEF789FBBA20FEF77DFB2420FEF783FBF7
:102270000020FEF780FB0020FEF77DFB0020FEF72C
:102280007AFBC120FEF76EFB2020FEF774FB0020D6
:10229000FEF771FB5420FEF76EFB0020FEF76BFB90
:1022A000FF20FEF768FB0020FEF765FBC220FEF76B
:1022B00059FB0A20FEF75FFB0020FEF75CFB0420C1
:1022C000FEF759FB0020FEF756FBC320FEF74AFB42
:1022D0003C20FEF750FB0020FEF74DFB3A20FEF7B6
:1022E0004AFB0020FEF747FB3920FEF744FB0020A5
:1022F000FEF741FB3720FEF73EFB0020FEF73BFBDD
:102300003C20FEF738FB0020FEF735FB3620FEF7B9
:1023100032FB0020FEF72FFB3220FEF72CFB0020C3
:10232000FEF729FB2F20FEF726FB0020FEF723FBFC
:102330002C20FEF720FB0020FEF71DFB2920FEF7D6
:102340001AFB0020FEF717FB2620FEF714FB0020E7
:10235000FEF711FB2420FEF70EFB0020FEF70BFB1F
:102360002420FEF708FB0020FEF705FB2320FEF7E4
:1023700002FB0020FEF7FFFA3C20FEF7FCFA0020EB
:10238000FEF7F9FA3620FEF7F6FA0020FEF7F3FA28
:102390003220FEF7F0FA0020FEF7EDFA2F20FEF7CC
:1023A000EAFA0020FEF7E7FA2C20FEF7E4FA002014
:1023B000FEF7E1FA2920FEF7DEFA0020FEF7DBFA4D
:1023C0002620FEF7D8FA0020FEF7D5FA2420FEF7E3
:1023D000D2FA0020FEF7CFFA2420FEF7CCFA002034
:1023E000FEF7C9FA2320FEF7C6FA0020FEF7C3FA6B
:1023F000C420FEF7B7FA6220FEF7BDFA0020FEF710
:10240000BAFA0520FEF7B7FA0020FEF7B4FA8420E6
:10241000FEF7B1FA0020FEF7AEFAF020FEF7ABFAB5
:102420000020FEF7A8FA1820FEF7A5FA0020FEF714
:10243000A2FAA420FEF79FFA0020FEF79CFA1820CB
:10244000FEF799FA0020FEF796FA5020FEF793FA6D
:102450000020FEF790FA0C20FEF78DFA0020FEF720
:102460008AFA1720FEF787FA0020FEF784FA9520F3
:10247000FEF781FA0020FEF77EFAF320FEF77BFAE2
:102480000020FEF778FAE620FEF775FA0020FEF746
:1024900072FAC520FEF766FA3220FEF76CFA0020C9
:1024A000FEF769FA4420FEF766FA0020FEF763FAA9
:1024B0006520FEF760FA0020FEF75DFA7620FEF751
:1024C0005AFA0020FEF757FA8820FEF754FA002047
:1024D000FEF751FAC620FEF745FA2020FEF74BFA28
:1024E0000020FEF748FA1720FEF745FA0020FEF715
:1024F00042FA0120FEF73FFA0020FEF73CFAC7201F
:10250000FEF730FA0020FEF736FA0020FEF733FA25
:102510000020FEF730FA0020FEF72DFAC820FEF763
:1025200021FA0020FEF727FA0020FEF724FA002007
:10253000FEF721FA0020FEF71EFAC920FEF712FA74
:102540000020FEF718FA0020FEF715FA0020FEF72B
:1025500012FA0020FEF70FFA0020FEF70CFA002016
:10256000FEF709FA0020FEF706FA0020FEF703FA4C
:102570000020FEF700FA0020FEF7FDF90020FEF72C
:10258000FAF90020FEF7F7F90020FEF7F4F9002031
:10259000FEF7F1F90020FEF7EEF90020FEF7EBF967
:1025A000E020FEF7DFF91620FEF7E5F90020FEF740
:1025B000E2F91C20FEF7DFF90020FEF7DCF921200C
:1025C000FEF7D9F90020FEF7D6F93620FEF7D3F949
:1025D0000020FEF7D0F94620FEF7CDF90020FEF7E7
:1025E000CAF95220FEF7C7F90020FEF7C4F96420AB
:1025F000FEF7C1F90020FEF7BEF97A20FEF7BBF91D
:102600000020FEF7B8F98B20FEF7B5F90020FEF7A1
:10261000B2F99920FEF7AFF90020FEF7ACF9A82037
:10262000FEF7A9F90020FEF7A6F9B920FEF7A3F9F5
:102630000020FEF7A0F9C420FEF79DF90020FEF768
:102640009AF9CA20FEF797F90020FEF794F9D220F4
:10265000FEF791F90020FEF78EF9D920FEF78BF9ED
:102660000020FEF788F9E020FEF785F90020FEF74C
:1026700082F9F320FEF77FF90020FEF77CF9E120D4
:10268000FEF770F91620FEF776F90020FEF773F9D1
:102690001C20FEF770F90020FEF76DF92220FEF7EE
:1026A0006AF90020FEF767F93620FEF764F900208A
:1026B000FEF761F94520FEF75EF90020FEF75BF9B1
:1026C0005220FEF758F90020FEF755F96420FEF776
:1026D00052F90020FEF74FF97A20FEF74CF900205E
:1026E000FEF749F98B20FEF746F90020FEF743F983
:1026F0009920FEF740F90020FEF73DF9A820FEF7EB
:102700003AF90020FEF737F9B920FEF734F9002036
:10271000FEF731F9C420FEF72EF90020FEF72BF961
:10272000CA20FEF728F90020FEF725F9D220FEF78F
:1027300022F90020FEF71FF9D820FEF71CF900202F
:10274000FEF719F9E020FEF716F90020FEF713F95D
:10275000F320FEF710F90020FEF70DF9E220FEF756
:1027600001F90520FEF707F90020FEF704F90B2018
:10277000FEF701F90020FEF7FEF81B20FEF7FBF83C
:102780000020FEF7F8F83420FEF7F5F80020FEF7F9
:10279000F2F84420FEF7EFF80020FEF7ECF84F20A7
:1027A000FEF7E9F80020FEF7E6F86120FEF7E3F80F
:1027B0000020FEF7E0F87920FEF7DDF80020FEF7B4
:1027C000DAF88820FEF7D7F80020FEF7D4F8972033
:1027D000FEF7D1F80020FEF7CEF8A620FEF7CBF8E2
:1027E0000020FEF7C8F8B720FEF7C5F80020FEF776
:1027F000C2F8C220FEF7BFF80020FEF7BCF8C720E1
:10280000FEF7B9F80020FEF7B6F8D120FEF7B3F8CE
:102810000020FEF7B0F8D620FEF7ADF80020FEF756
:10282000AAF8DD20FEF7A7F80020FEF7A4F8F320B1
:10283000FEF7A1F80020FEF79EF8E320FEF792F8DD
:102840000520FEF798F80020FEF795F80A20FEF71D
:1028500092F80020FEF78FF81C20FEF78CF800207D
:10286000FEF789F83320FEF786F80020FEF783F89C
:102870004420FEF780F80020FEF77DF85020FEF798
:102880007AF80020FEF777F86220FEF774F800204F
:10289000FEF771F87820FEF76EF80020FEF76BF86F
:1028A0008820FEF768F80020FEF765F89720FEF70D
:1028B00062F80020FEF75FF8A620FEF75CF8002023
:1028C000FEF759F8B720FEF756F80020FEF753F848
:1028D000C220FEF750F80020FEF74DF8C720FEF7A3
:1028E0004AF80020FEF747F8D120FEF744F8002010
:1028F000FEF741F8D520FEF73EF80020FEF73BF842
:10290000DD20FEF738F80020FEF735F8F320FEF75B
:1029100032F80020FEF72FF8E420FEF723F801201C
:10292000FEF729F80020FEF726F80120FEF723F82D
:102930000020FEF720F80220FEF71DF80020FEF729
:102940001AF82A20FEF717F80020FEF714F83C20AA
:10295000FEF711F80020FEF70EF84B20FEF70BF8FB
:102960000020FEF708F85D20FEF705F80020FEF7CE
:1029700002F87420FDF7FFFF0020FDF7FCFF842024
:10298000FDF7F9FF0020FDF7F6FF9320FDF7F3FFB9
:102990000020FDF7F0FFA220FDF7EDFF0020FDF77E
:1029A000EAFFB320FDF7E7FF0020FDF7E4FFBE20BC
:1029B000FDF7E1FF0020FDF7DEFFC420FDF7DBFFA0
:1029C0000020FDF7D8FFCD20FDF7D5FF0020FDF753
:1029D000D2FFD320FDF7CFFF0020FDF7CCFFDD2095
:1029E000FDF7C9FF0020FDF7C6FFF320FDF7C3FF89
:1029F0000020FDF7C0FFE520FDF7B4FF0020FDF744
:102A0000BAFF0020FDF7B7FF0020FDF7B4FF00205C
:102A1000FDF7B1FF0220FDF7AEFF0020FDF7ABFF91
:102A20002920FDF7A8FF0020FDF7A5FF3C20FDF7BA
:102A3000A2FF0020FDF79FFF4B20FDF79CFF002029
:102A4000FDF799FF5D20FDF796FF0020FDF793FF4E
:102A50007420FDF790FF0020FDF78DFF8420FDF727
:102A60008AFF0020FDF787FF9320FDF784FF0020F9
:102A7000FDF781FFA220FDF77EFF0020FDF77BFF21
:102A8000B320FDF778FF0020FDF775FFBE20FDF7AE
:102A900072FF0020FDF76FFFC420FDF76CFF0020E0
:102AA000FDF769FFCD20FDF766FF0020FDF763FF0E
:102AB000D320FDF760FF0020FDF75DFFDC20FDF770
:102AC0005AFF0020FDF757FFF320FDF754FF0020C9
:102AD000FDF751FFE620FDF745FF1120FDF74BFF05
:102AE0000020FDF748FF3420FDF745FF0020FDF7EB
:102AF00042FF5620FDF73FFF0020FDF73CFF762008
:102B0000FDF739FF0020FDF736FF7720FDF733FF93
:102B10000020FDF730FF6620FDF72DFF0020FDF7B8
:102B20002AFF8820FDF727FF0020FDF724FF9920CA
:102B3000FDF721FF0020FDF71EFFBB20FDF71BFF67
:102B40000020FDF718FF9920FDF715FF0020FDF785
:102B500012FF6620FDF70FFF0020FDF70CFF552048
:102B6000FDF709FF0020FDF706FF5520FDF703FFE5
:102B70000020FDF700FF4520FDF7FDFE0020FDF7DA
:102B8000FAFE4320FDF7F7FE0020FDF7F4FE442097
:102B9000FDF7F1FE0020FDF7EEFEE720FDF7E2FE77
:102BA0003220FDF7E8FE0020FDF7E5FE5520FDF799
:102BB000E2FE0020FDF7DFFE7620FDF7DCFE0020C0
:102BC000FDF7D9FE6620FDF7D6FE0020FDF7D3FE07
:102BD0006720FDF7D0FE0020FDF7CDFE6720FDF752
:102BE000CAFE0020FDF7C7FE8720FDF7C4FE0020C7
:102BF000FDF7C1FE9920FDF7BEFE0020FDF7BBFEEC
:102C0000BB20FDF7B8FE0020FDF7B5FE9920FDF7CB
:102C1000B2FE0020FDF7AFFE7720FDF7ACFE0020EE
:102C2000FDF7A9FE4420FDF7A6FE0020FDF7A3FE58
:102C30005620FDF7A0FE0020FDF79DFE2320FDF7A6
:102C40009AFE0020FDF797FE3320FDF794FE00204A
:102C5000FDF791FE4520FDF78EFE0020FDF78BFE6F
:102C6000E820FDF77FFE0020FDF785FE0020FDF740
:102C700082FE9920FDF77FFE0020FDF77CFE872075
:102C8000FDF779FE0020FDF776FE8820FDF773FE44
:102C90000020FDF770FE7720FDF76DFE0020FDF7A8
:102CA0006AFE6620FDF767FE0020FDF764FE8820BF
:102CB000FDF761FE0020FDF75EFEAA20FDF75BFE3A
:102CC0000020FDF758FEBB20FDF755FE0020FDF764
:102CD00052FE9920FDF74FFE0020FDF74CFE6620C6
:102CE000FDF749FE0020FDF746FE5520FDF743FEA7
:102CF0000020FDF740FE5520FDF73DFE0020FDF7CA
:102D00003AFE4420FDF737FE0020FDF734FE442054
:102D1000FDF731FE0020FDF72EFE5520FDF72BFEBE
:102D20000020FDF728FEE920FDF71CFEAA20FDF794
:102D300022FE0020FDF71FFE0020FDF71CFE0020F4
:102D4000FDF719FE0020FDF70DFEAA20FDF713FE8A
:102D5000CF20FDF707FE0020FDF70DFE0020FDF758
:102D60000AFE0020FDF707FE0020FDF704FE00200C
:102D7000FDF701FE0020FDF7FEFD0020FDF7FBFD45
:102D80000020FDF7F8FD0020FDF7F5FD0020FDF720
:102D9000F2FD0020FDF7EFFD0020FDF7ECFD002027
:102DA000FDF7E9FD0020FDF7E6FD0020FDF7E3FD5E
:102DB0000020FDF7E0FD0020FDF7DDFDF020FDF730
:102DC000D1FD0020FDF7D7FD5020FDF7D4FD0020F8
:102DD000FDF7D1FD0020FDF7CEFD0020FDF7CBFD76
:102DE000F320FDF7BFFD0020FDF7C5FDF920FDF73D
:102DF000B9FD0620FDF7BFFD1020FDF7BCFD292021
:102E0000FDF7B9FD0020FDF7B6FD3A20FDF7AAFD5C
:102E10005520FDF7B0FD1120FDF7A4FD642002F060
:102E2000BDFD2920FDF79EFD3520FDF79BFD00200F
:102E3000FDF7A1FD5120FDF795FDFF20FDF79BFD5E
:102E40005320FDF78FFD2C20FDF795FD5520FDF754
:102E500089FD8220FDF78FFD2C20FDF783FD02F018
:102E6000E9B8FE48808845F2105188427ED155214C
:102E70004FF47040FDF791FDAA214FF20100FDF7DC
:102E80008CFD52214FF20200FDF787FD08214FF221
:102E90000300FDF782FD01214FF20400FDF77DFDE7
:102EA0000D214FF43040FDF778FD0D214BF201006C
:102EB000FDF773FD0D214BF20200FDF76EFD34218D
:102EC0004FF43640FDF769FD34214BF20160FDF708
:102ED00064FD34214BF20260FDF75FFD0D214FF4DC
:102EE0003140FDF75AFD0D214BF20110FDF755FD64
:102EF0000D214BF20210FDF750FD34214FF4374005
:102F0000FDF74BFD34214BF20170FDF746FD3421F6
:102F10004BF20270FDF741FD00214FF43240FDF706
:102F20003CFD00214BF20120FDF737FD00214BF263
:102F30000220FDF732FD24214FF43840FDF72DFD2E
:102F400024214BF60100FDF728FD24214BF6020059
:102F5000FDF723FD01214FF43F40FDF71EFD0F213A
:102F60004FF43340FDF719FD0F2100E0FEE34BF273
:102F70000130FDF712FD0F214BF20230FDF70DFD80
:102F800034214FF43940FDF708FD34214BF6011090
:102F9000FDF703FD34214BF60210FDF7FEFC08217E
:102FA0004FF43540FDF7F9FC08214BF20150FDF7D5
:102FB000F4FC08214BF20250FDF7EFFC03214FF423
:102FC0004240FDF7EAFC24214FF43A40FDF7E5FCCE
:102FD00024214BF60120FDF7E0FC24214BF60220D2
:102FE000FDF7DBFC00214FF43C40FDF7D6FC7821D7
:102FF0004BF60140FDF7D1FC00214BF60240FDF7F6
:10300000CCFC00214FF43D40FDF7C7FC78214BF686
:103010000150FDF7C2FC00214BF60250FDF7BDFC4C
:1030200000214FF43E40FDF7B8FC64214BF60160EF
:10303000FDF7B3FC00214FF45140FDF7AEFC332106
:103040004DF20110FDF7A9FC00214DF20210FDF731
:10305000A4FC34214DF20310FDF79FFC00214DF23A
:103060000410FDF79AFC3A214DF20510FDF795FC8E
:1030700000214DF20610FDF790FC4A214DF2071099
:10308000FDF78BFC00214DF20810FDF786FC5C215A
:103090004DF20910FDF781FC00214DF20A10FDF7F9
:1030A0007CFC81214DF20B10FDF777FC00214DF2E5
:1030B0000C10FDF772FCA6214DF20D10FDF76DFC12
:1030C00000214DF20E10FDF768FCE5214DF20F10C6
:1030D000FDF763FC01214DF21010FDF75EFC13219A
:1030E0004DF21110FDF759FC01214DF21210FDF7C0
:1030F00054FC54214DF21310FDF74FFC01214DF209
:103100001410FDF74AFC82214DF21510FDF745FC25
:1031100001214DF21610FDF740FCCA214DF21710A7
:10312000FDF73BFC02214DF21810FDF736FC0021A3
:103130004DF21910FDF731FC02214DF21A10FDF786
:103140002CFC01214DF21B10FDF727FC02214DF252
:103150001C10FDF722FC34214DF21D10FDF71DFC63
:1031600002214DF21E10FDF718FC67214DF21F10D1
:10317000FDF713FC02214DF22010FDF70EFC842117
:103180004DF22110FDF709FC02214DF22210FDF74E
:1031900004FCA4214DF22310FDF7FFFB02214DF2A8
:1031A0002410FDF7FAFBB7214DF22510FDF7F5FBD2
:1031B00002214DF22610FDF7F0FBCF214DF2271032
:1031C000FDF7EBFB02214DF22810FDF7E6FBDE21B7
:1031D0004DF22910FDF7E1FB02214DF22A10FDF717
:1031E000DCFBF2214DF22B10FDF7D7FB02214DF253
:1031F0002C10FDF7D2FBFE214DF22D10FDF7CDFB7B
:1032000003214DF22E10FDF7C8FB10214DF22F10B7
:10321000FDF7C3FB03214DF23010FDF7BEFB332158
:103220004DF23110FDF7B9FB03214DF23210FDF7DD
:10323000B4FB6D214DF23310FDF7AFFB00214FF4CD
:103240005240FDF7AAFB33214DF20120FDF7A5FB0B
:1032500000214DF20220FDF7A0FB01E05400002008
:1032600034214DF20320FDF798FB00214DF204209C
:10327000FDF793FB3A214DF20520FDF78EFB00216F
:103280004DF20620FDF789FB4A214DF20720FDF79C
:1032900084FB00214DF20820FDF77FFB5C214DF2FD
:1032A0000920FDF77AFB00214DF20A20FDF775FB9E
:1032B00081214DF20B20FDF770FB00214DF20C2017
:1032C000FDF76BFBA6214DF20D20FDF766FB0021FB
:1032D0004DF20E20FDF761FBE5214DF20F20FDF7C9
:1032E0005CFB01214DF21020FDF757FB13214DF23D
:1032F0001120FDF752FB01214DF21220FDF74DFB8D
:1033000054214DF21320FDF748FB01214DF214200A
:10331000FDF743FB82214DF21520FDF73EFB012115
:103320004DF21620FDF739FBCA214DF21720FDF7AB
:1033300034FB02214DF21820FDF72FFB00214DF246
:103340001920FDF72AFB02214DF21A20FDF725FB7B
:1033500001214DF21B20FDF720FB02214DF21C2024
:10336000FDF71BFB34214DF21D20FDF716FB02215A
:103370004DF21E20FDF711FB67214DF21F20FDF7D6
:103380000CFB02214DF22020FDF707FB84214DF2BA
:103390002120FDF702FB02214DF22220FDF7FDFA6C
:1033A000A4214DF22320FDF7F8FA02214DF224204A
:1033B000FDF7F3FAB7214DF22520FDF7EEFA0221D1
:1033C0004DF22620FDF7E9FACF214DF22720FDF737
:1033D000E4FA02214DF22820FDF7DFFADE214DF25A
:1033E0002920FDF7DAFA02214DF22A20FDF7D5FA5D
:1033F000F2214DF22B20FDF7D0FA02214DF22C20C4
:10340000FDF7CBFAFE214DF22D20FDF7C6FA032180
:103410004DF22E20FDF7C1FA10214DF22F20FDF7BD
:10342000BCFA03214DF23020FDF7B7FA33214DF2FB
:103430003120FDF7B2FA03214DF23220FDF7ADFA4B
:103440006D214DF23320FDF7A8FA00214FF45340CF
:10345000FDF7A3FA33214DF20130FDF79EFA00216A
:103460004DF20230FDF799FA34214DF20330FDF7A9
:1034700094FA00214DF20430FDF78FFA3A214DF213
:103480000530FDF78AFA00214DF20630FDF785FA86
:103490004A214DF20730FDF780FA00214DF2083045
:1034A000FDF77BFA5C214DF20930FDF776FA002139
:1034B0004DF20A30FDF771FA81214DF20B30FDF724
:1034C0006CFA00214DF20C30FDF767FAA6214DF29F
:1034D0000D30FDF762FA00214DF20E30FDF75DFA76
:1034E000E5214DF20F30FDF758FA01214DF2103071
:1034F000FDF753FA13214DF21130FDF74EFA012179
:103500004DF21230FDF749FA54214DF21330FDF718
:1035100044FA01214DF21430FDF73FFA82214DF2B9
:103520001530FDF73AFA01214DF21630FDF735FA64
:10353000CA214DF21730FDF730FA02214DF2183052
:10354000FDF72BFA00214DF21930FDF726FA022182
:103550004DF21A30FDF721FA01214DF21B30FDF733
:103560001CFA02214DF21C30FDF717FA34214DF2FE
:103570001D30FDF712FA02214DF21E30FDF70DFA53
:1035800067214DF21F30FDF708FA02214DF220307D
:10359000FDF703FA84214DF22130FDF7FEF90221F7
:1035A0004DF22230FDF7F9F9A4214DF22330FDF759
:1035B000F4F902214DF22430FDF7EFF9B7214DF275
:1035C0002530FDF7EAF902214DF22630FDF7E5F945
:1035D000CF214DF22730FDF7E0F902214DF22830DE
:1035E000FDF7DBF9DE214DF22930FDF7D6F9022196
:1035F0004DF22A30FDF7D1F9F2214DF22B30FDF7D3
:10360000CCF902214DF22C30FDF7C7F9FE214DF225
:103610002D30FDF7C2F903214DF22E30FDF7BDF933
:1036200010214DF22F30FDF7B8F903214DF2303063
:10363000FDF7B3F933214DF23130FDF7AEF9032137
:103640004DF23230FDF7A9F96D214DF23330FDF71F
:10365000A4F900214FF45440FDF79FF933214DF2B6
:103660000140FDF79AF900214DF20240FDF795F96E
:1036700034214DF20340FDF790F900214DF2044052
:10368000FDF78BF93A214DF20540FDF786F900214F
:103690004DF20640FDF781F94A214DF20740FDF752
:1036A0007CF900214DF20840FDF777F95C214DF2DD
:1036B0000940FDF772F900214DF20A40FDF76DF95E
:1036C00081214DF20B40FDF768F900214DF20C40CD
:1036D000FDF763F9A6214DF20D40FDF75EF90021DB
:1036E0004DF20E40FDF759F9E5214DF20F40FDF77F
:1036F00054F901214DF21040FDF74FF913214DF21D
:103700001140FDF74AF901214DF21240FDF745F94C
:1037100054214DF21340FDF740F901214DF21440C0
:10372000FDF73BF982214DF21540FDF736F90121F5
:103730004DF21640FDF731F9CA214DF21740FDF761
:103740002CF902214DF21840FDF727F900214DF226
:103750001940FDF722F902214DF21A40FDF71DF93B
:1037600001214DF21B40FDF718F900E004E30221AE
:103770004DF21C40FDF711F934214DF21D40FDF7CB
:103780000CF902214DF21E40FDF707F967214DF2B9
:103790001F40FDF702F902214DF22040FDF7FDF830
:1037A00084214DF22140FDF7F8F802214DF222402C
:1037B000FDF7F3F8A4214DF22340FDF7EEF80221C6
:1037C0004DF22440FDF7E9F8B7214DF22540FDF711
:1037D000E4F802214DF22640FDF7DFF8CF214DF24B
:1037E0002740FDF7DAF802214DF22840FDF7D5F821
:1037F000DE214DF22940FDF7D0F802214DF22A409A
:10380000FDF7CBF8F2214DF22B40FDF7C6F802216F
:103810004DF22C40FDF7C1F8FE214DF22D40FDF791
:10382000BCF803214DF22E40FDF7B7F810214DF200
:103830002F40FDF7B2F803214DF23040FDF7ADF80F
:1038400033214DF23140FDF7A8F803214DF232400B
:10385000FDF7A3F86D214DF23340FDF79EF80021EE
:103860004FF45540FDF799F833214DF20150FDF723
:1038700094F800214DF20250FDF78FF834214DF2FB
:103880000350FDF78AF800214DF20450FDF785F84A
:103890003A214DF20550FDF780F800214DF2065017
:1038A000FDF77BF84A214DF20750FDF776F800212D
:1038B0004DF20850FDF771F85C214DF20950FDF70B
:1038C0006CF800214DF20A50FDF767F881214DF2A6
:1038D0000B50FDF762F800214DF20C50FDF75DF83A
:1038E000A6214DF20D50FDF758F800214DF20E5073
:1038F000FDF753F8E5214DF20F50FDF74EF8012189
:103900004DF21050FDF749F813214DF21150FDF71B
:1039100044F801214DF21250FDF73FF854214DF2C9
:103920001350FDF73AF801214DF21450FDF735F828
:1039300082214DF21550FDF730F801214DF216505D
:10394000FDF72BF8CA214DF21750FDF726F802219A
:103950004DF21850FDF721F800214DF21950FDF7F6
:103960001CF802214DF21A50FDF717F801214DF213
:103970001B50FDF712F802214DF21C50FDF70DF817
:1039800034214DF21D50FDF708F802214DF21E5072
:10399000FDF703F867214DF21F50FCF7FEFF0221EF
:1039A0004DF22050FCF7F9FF84214DF22150FCF735
:1039B000F4FF02214DF22250FCF7EFFFA4214DF25B
:1039C0002350FCF7EAFF02214DF22450FCF7E5FFFB
:1039D000B7214DF22550FCF7E0FF02214DF22650B1
:1039E000FCF7DBFFCF214DF22750FCF7D6FF022179
:1039F0004DF22850FCF7D1FFDE214DF22950FCF7A3
:103A0000CCFF02214DF22A50FCF7C7FFF2214DF204
:103A10002B50FCF7C2FF02214DF22C50FCF7BDFFEA
:103A2000FE214DF22D50FCF7B8FF03214DF22E5030
:103A3000FCF7B3FF10214DF22F50FCF7AEFF03212E
:103A40004DF23050FCF7A9FF33214DF23150FCF715
:103A5000A4FF03214DF23250FCF79FFF6D214DF280
:103A60003350FCF79AFF00214FF45640FCF795FFC6
:103A700033214DF20160FCF790FF00214DF202600E
:103A8000FCF78BFF34214DF20360FCF786FF002129
:103A90004DF20460FCF781FF3A214DF20560FCF71E
:103AA0007CFF00214DF20660FCF777FF4A214DF2C2
:103AB0000760FCF772FF00214DF20860FCF76DFF14
:103AC0005C214DF20960FCF768FF00214DF20A60AD
:103AD000FCF763FF81214DF20B60FCF75EFF0021D4
:103AE0004DF20C60FCF759FFA6214DF20D60FCF77A
:103AF00054FF00214DF20E60FCF74FFFE5214DF21F
:103B00000F60FCF74AFF01214DF21060FCF745FF02
:103B100013214DF21160FCF740FF01214DF21260BC
:103B2000FCF73BFF54214DF21360FCF736FF0121F7
:103B30004DF21460FCF731FF82214DF21560FCF765
:103B40002CFF01214DF21660FCF727FFCA214DF230
:103B50001760FCF722FF02214DF21860FCF71DFFF1
:103B600000214DF21960FCF718FF02214DF21A6096
:103B7000FCF713FF01214DF21B60FCF70EFF022141
:103B80004DF21C60FCF709FF34214DF21D60FCF77B
:103B900004FF02214DF21E60FCF7FFFE67214DF28B
:103BA0001F60FCF7FAFE02214DF22060FCF7F5FEE3
:103BB00084214DF22160FCF7F0FE02214DF22260DB
:103BC000FCF7EBFEA4214DF22360FCF7E6FE022198
:103BD0004DF22460FCF7E1FEB7214DF22560FCF7C1
:103BE000DCFE02214DF22660FCF7D7FECF214DF21C
:103BF0002760FCF7D2FE02214DF22860FCF7CDFED3
:103C0000DE214DF22960FCF7C8FE02214DF22A6048
:103C1000FCF7C3FEF2214DF22B60FCF7BEFE022141
:103C20004DF22C60FCF7B9FEFE214DF22D60FCF741
:103C3000B4FE03214DF22E60FCF7AFFE10214DF2D1
:103C40002F60FCF7AAFE03214DF23060FCF7A5FEC1
:103C500033214DF23160FCF7A0FE03214DF23260BA
:103C6000FCF79BFE6D214DF23360FCF796FE55216B
:103C70004FF47040FCF791FEAA214FF20100FCF7CF
:103C80008CFE52214FF20200FCF787FE08214FF212
:103C90000300FCF782FE00214FF20400FCF77DFEDA
:103CA000CC214FF43140FCF778FE00214BF201109B
:103CB000FCF773FE05214FF43640FCF76EFE7021D1
:103CC0004FF43740FCF769FE70214BF20170FCF7AE
:103CD00064FE01214FF43840FCF75FFE03214BF6F0
:103CE0000100FCF75AFE03214BF60200FCF755FEDB
:103CF00003214BF60300FCF750FE02214FF43C4039
:103D0000FCF74BFE00214BF60140FCF746FE00217C
:103D10004BF60240FCF741FED0214FF44940FCF73E
:103D20003CFE02214CF60110FCF737FE50214CF608
:103D30000210FCF732FE50214CF60310FCF72DFE6A
:103D400050214CF60410FCF728FE00214FF454508B
:103D5000FCF723FE55214FF46850FCF71EFE4FF48C
:103D60008850FCF7FFFD782001F0D0FD4FF424507F
:103D7000FCF7F8FD01F05EB9FE48808849F2253174
:103D800088427DD147F6F001E520FCF706FE4FF4AE
:103D900080710120FCF701FE4FF4E0610220FCF786
:103DA000FCFD41F230010320FCF7F7FD0021042067
:103DB000FCF7F3FD40F202210820FCF7EEFD0021A4
:103DC0000920FCF7EAFD00210A20FCF7E6FD0021AE
:103DD0000C20FCF7E2FD00210D20FCF7DEFD0021A8
:103DE0000F20FCF7DAFD00211020FCF7D6FD07219B
:103DF0001120FCF7D2FD00211220FCF7CEFD00219E
:103E00001320FCF7CAFD00210720FCF7C6FD41F294
:103E100090611020FCF7C1FD40F227211120FCF732
:103E2000BCFD9D211220FCF7B8FD4FF4C8511320B2
:103E3000FCF7B3FD25212920FCF7AFFD0D212B2038
:103E4000FCF7ABFD07213020FCF7A7FD40F2033162
:103E50003120FCF7A2FD03213220FCF79EFD40F249
:103E600006213520FCF799FD08213620FCF795FD49
:103E700040F206413720FCF790FD4FF4417100E01D
:103E800058E03820FCF789FD07213920FCF785FD33
:103E900040F202613C20FCF780FD08213D20FCF748
:103EA0007CFD00215020FCF778FDEF215120FCF72C
:103EB00074FD00215220FCF770FD40F23F115320A9
:103EC000FCF76BFD4FF427416020FCF766FD0121F4
:103ED0006120FCF762FD00216A20FCF75EFD0021F5
:103EE0008020FCF75AFD00218120FCF756FD0021BF
:103EF0008220FCF752FD00218320FCF74EFD0021BB
:103F00008420FCF74AFD00218520FCF746FD1021A6
:103F10009020FCF742FD4FF4C0619220FCF73DFD7C
:103F200040F233110720FCF738FD22210020FCF776
:103F300034FD1FE78F48808849F2283188427DD1BF
:103F400041F28F01EC20FCF728FD41F23421EF20F3
:103F5000FCF723FD4FF480710120FCF71EFD4FF4A8
:103F6000E0610220FCF719FD41F230010320FCF76B
:103F700014FD00210420FCF710FD40F2022108206E
:103F8000FCF70BFD00210920FCF707FD00210A20AA
:103F9000FCF703FD01210C20FCF7FFFC00210D20A4
:103FA000FCF7FBFC00210F20FCF7F7FC00211020A0
:103FB000FCF7F3FC07211120FCF7EFFC0021122095
:103FC000FCF7EBFC00211320FCF7E7FC01210720A4
:103FD000FCF7E3FC322001F0E1FC41F290411020BB
:103FE000FCF7DBFC40F227211120FCF7D6FC322045
:103FF00001F0D4FC8A211220FCF7CFFC322001F022
:10400000CDFC4FF4D0511320FCF7C7FC062129202A
:10401000FCF7C3FC0D212B20FCF7BFFC322001F084
:10402000BDFC00212020FCF7B8FC00212120FCF77A
:10403000B4FC322001F0B2FC002100E075E0302039
:10404000FCF7ABFC40F204613120FCF7A6FC40F227
:1040500005313220FCF7A1FC00213520FCF79DFC46
:1040600040F609413620FCF798FC4FF401713720E7
:10407000FCF793FC40F201313820FCF78EFC40F253
:1040800007713920FCF789FC00213C20FCF785FCF6
:1040900040F60A213D20FCF780FC322001F07EFC36
:1040A00000215020FCF779FCEF215120FCF775FC32
:1040B00000215220FCF771FC40F23F115320FCF725
:1040C0006CFC4FF427416020FCF767FC0121612064
:1040D000FCF763FC00216A20FCF75FFC00218020D4
:1040E000FCF75BFC00218120FCF757FC00218220BB
:1040F000FCF753FC00218320FCF74FFC00218420B7
:10410000FCF74BFC00218520FCF747FC1021902098
:10411000FCF743FC4FF4C0619220FCF73EFC40F2F8
:1041200033110720FCF739FC24E61248808849F255
:10413000203188427ED100210846FCF72EFC4FF446
:1041400080710120FCF729FC4FF4E0610220FCF7AC
:1041500024FC41F230010320FCF71FFC0021042065
:10416000FCF71BFC40F202210820FCF716FC0021A2
:10417000092001E054000020FCF70FFC00210A2078
:10418000FCF70BFC01210C20FCF707FC00210D20A3
:10419000FCF703FC00210F20FCF7FFFB322001F0AD
:1041A000FDFB40F201110720FCF7F7FB322001F084
:1041B000F5FB4FF486511020FCF7EFFB072111208F
:1041C000FCF7EBFB4FF488711220FCF7E6FB4FF491
:1041D00030611320FCF7E1FB00212920FCF7DDFB17
:1041E00044F210012B20FCF7D8FB00215020FCF7F3
:1041F000D4FBEF215120FCF7D0FB00215220FCF72B
:10420000CCFB40F23F115320FCF7C7FB4FF41C518D
:104210006020FCF7C2FB01216120FCF7BEFB0021FE
:104220006A20FCF7BAFB00218020FCF7B6FB0021D6
:10423000812000E030E0FCF7B0FB00218220FCF799
:10424000ACFB00218320FCF7A8FB00218420FCF7B5
:10425000A4FB00218520FCF7A0FB10219020FCF797
:104260009CFB00219220FCF798FB01219320FCF796
:1042700094FB4FF488719520FCF78FFB0021972069
:10428000FCF78BFB00219820FCF787FB40F27311B1
:104290000720FCF782FB6DE5FE48808849F231314A
:1042A00088427DD141F21401E720FCF776FB4FF400
:1042B00080710120FCF771FB4FF400710220FCF7C4
:1042C0006CFB41F238010320FCF767FB40F202214E
:1042D0000820FCF762FB00210920FCF75EFB0021AF
:1042E0000A20FCF75AFB00210C20FCF756FB0021AA
:1042F0000D20FCF752FB00210F20FCF74EFB0021A4
:104300001020FCF74AFB07211120FCF746FB002197
:104310001220FCF742FB00211320FCF73EFBC820D3
:1043200001F03CFB41F290611020FCF736FB40F2BB
:1043300027211120FCF731FB322001F02FFB0C214B
:104340001220FCF72AFB322001F028FB4FF4006119
:104350001320FCF722FB11212920FCF71EFB0B2167
:104360002B20FCF71AFB322001F018FB0021202043
:10437000FCF713FB40F23F112120FCF70EFB00215C
:104380003020FCF70AFB4FF483713120FCF705FB6A
:1043900000213220FCF701FB4FF40171352000E0D1
:1043A00064E0FCF7FAFA41F20A613620FCF7F5FA0C
:1043B00040F207713720FCF7F0FA4FF48371382090
:1043C000FCF7EBFA40F207713920FCF7E6FA40F20D
:1043D00002413C20FCF7E1FA40F60F413D20FCF79A
:1043E000DCFA00215020FCF7D8FAEF215120FCF72D
:1043F000D4FA00215220FCF7D0FA40F23F115320AA
:10440000FCF7CBFA4FF41C516020FCF7C6FA0121EF
:104410006120FCF7C2FA00216A20FCF7BEFA0021F5
:104420008020FCF7BAFA00218120FCF7B6FA0021BF
:104430008220FCF7B2FA00218320FCF7AEFA0021BB
:104440008420FCF7AAFA00218520FCF7A6FA1021A7
:104450009020FCF7A2FA4FF4C0619220FCF79DFA7D
:1044600040F233110720FCF798FA83E489488088EA
:1044700045F2084188427DD14FF480710120FCF75C
:104480008CFA4FF4E0610220FCF787FA41F2300128
:104490000320FCF782FA00210420FCF77EFA40F2A8
:1044A00007210820FCF779FA00210920FCF775FAAA
:1044B00000210A20FCF771FA00210C20FCF76DFAAC
:1044C00000210D20FCF769FA00210F20FCF765FAA6
:1044D000142001F063FA41F2B0611020FCF75DFA9C
:1044E00001211120FCF759FA01211720FCF755FA98
:1044F0004FF49C711220FCF750FA4FF40061132026
:10450000FCF74BFA09212920FCF747FA09212A2058
:10451000FCF743FA0021A420FCF73FFA00215020C9
:10452000FCF73BFAEF215120FCF737FA002152202B
:10453000FCF733FA40F23F115320FCF72EFA4FF408
:104540001C516020FCF729FA01216120FCF725FAB3
:1045500000216A20FCF721FA00218020FCF71DFAD7
:1045600000218120FCF719FA00218220FCF715FABE
:10457000002100E024E08320FCF70FFA00218420D2
:10458000FCF70BFA00218520FCF707FA1321902095
:10459000FCF703FA00219220FCF7FFF90321932096
:1045A000FCF7FBF94FF488719520FCF7F6F940F21F
:1045B00073110720FCF7F1F9322001F0EFF9B8E4AC
:1045C0003448808841F2055188427DD1002107207E
:1045D000FCF7E3F9322001F0E1F94FF48E7112207B
:1045E000FCF7DBF90121A420FCF7D7F90F21082003
:1045F000FCF7D3F908210A20FCF7CFF908210D2098
:10460000FCF7CBF940F207713020FCF7C6F907211F
:104610003120FCF7C2F940F203613220FCF7BDF90A
:104620004FF4E0613320FCF7B8F940F20221342066
:10463000FCF7B3F902213520FCF7AFF941F60F7111
:104640003620FCF7AAF940F207713720FCF7A5F9EC
:1046500000213820FCF7A1F900213920FCF79DF951
:1046600040F207713A20FCF798F900213B20FCF753
:1046700094F907213C20FCF790F900213D20FCF73C
:104680008CF9322001F08AF901210720FCF785F925
:10469000012101E0540000201720FCF77EF93220B0
:1046A00001F07CF94FF4BD511020FCF776F940F28F
:1046B00017211120FCF771F94FF48F711220FCF7CC
:1046C0006CF94FF4706100E098E01320FCF765F995
:1046D00000212A20FCF761F90A212920FCF75DF965
:1046E0004FF49F711220FCF758F900215020FCF77D
:1046F00054F9EF215120FCF750F900215220FCF72A
:104700004CF940F23F115320FCF747F94FF41C518C
:104710006020FCF742F901216120FCF73EF90021FD
:104720006A20FCF73AF900218020FCF736F90021D5
:104730008120FCF732F900218220FCF72EF90021BC
:104740008320FCF72AF900218420FCF726F90021B8
:104750008520FCF722F913219020FCF71EF94FF475
:1047600040719220FCF719F905219320FCF715F907
:1047700000219520FCF711F900219720FCF70DF995
:1047800000219820FCF709F94FF480710120FCF713
:1047900004F94FF4E0610220FCF7FFF841F2380120
:1047A0000320FCF7FAF800210420FCF7F6F80021BA
:1047B0000C20FCF7F2F800210F20FCF7EEF80021A6
:1047C0002020FCF7EAF800212120FCF7E6F821215F
:1047D0000720FCF7E2F8142001F0E0F8612107203F
:1047E000FCF7DBF8142001F0D9F840F27311072030
:1047F000FCF7D3F8142001F0D1F895E4FE48808846
:104800004BF2055188427CD100210846FCF7C5F8DF
:1048100000210846FCF7C1F800210846FCF7BDF866
:1048200000210846FCF7B9F80121A420FCF7B5F8EF
:10483000142001F0B3F84FF41C516020FCF7ADF8E0
:1048400040F202210820FCF7A8F84FF4057130204F
:10485000FCF7A3F843F215713120FCF79EF840F203
:1048600004613220FCF799F840F616613320FCF71A
:1048700094F842F211213420FCF78FF84FF4A8513C
:104880003520FCF78AF848F207513620FCF785F806
:1048900041F207413720FCF780F841F2034138200C
:1048A000FCF77BF820213920FCF777F81A219020BB
:1048B000FCF773F800211020FCF76FF80721112096
:1048C000FCF76BF800211220FCF767F80021132099
:1048D000FCF763F8142001F061F84FF4E661102052
:1048E000FCF75BF840F237111120FCF756F8142062
:1048F00001F054F84FF4DC711220FCF74EF814204C
:1049000000E085E001F04AF84FF470611320FCF7F5
:1049100044F880212A20FCF740F848212920FCF7A0
:104920003CF8142001F03AF84FF480710120FCF7B4
:1049300034F84FF4E0610220FCF72FF841F238011F
:104940000320FCF72AF840F202210820FCF725F8A2
:1049500000210A20FCF721F800210C20FCF71DF8AB
:1049600000210D20FCF719F830210E20FCF715F876
:1049700000215020FCF711F8EF215120FCF70DF831
:1049800000215220FCF709F840F23F115320FCF7B8
:1049900004F84FF41C516020FBF7FFFF0121612058
:1049A000FBF7FBFF00216A20FBF7F7FF11219020A6
:1049B000FBF7F3FF4FF4C0619220FBF7EEFF40F2EC
:1049C00002419320FBF7E9FF02219420FBF7E5FF6A
:1049D000142000F0E3FF01210720FBF7DEFF142085
:1049E00000F0DCFF61210720FBF7D7FF40F27311D5
:1049F0000720FBF7D2FF00212020FBF7CEFF00218C
:104A00002120FBF7CAFF22210020FBF7C6FF11E39C
:104A1000794880884CF2055188427CD100210846B3
:104A2000FBF7BBFF00210846FBF7B7FF142000F09F
:104A3000B5FF00210846FBF7B0FF00210846FBF751
:104A4000ACFF00210846FBF7A8FF00210846FBF752
:104A5000A4FF0121A420FBF7A0FF142000F09EFF7B
:104A60004FF41C516020FBF798FF40F60601082028
:104A7000FBF793FF40F203713020FBF78EFF01211B
:104A80003120FBF78AFF04213220FBF786FF4FF429
:104A900081713320FBF781FF4FF440713420FBF725
:104AA0007CFF40F203113520FBF777FF1F213620F2
:104AB000FBF773FF40F203713720FBF76EFF012114
:104AC0003820FBF76AFF04213920FBF766FF152128
:104AD0009020FBF762FF4FF482611020FBF75DFF2F
:104AE00040F247211120FBF758FF4FF4DE711220EE
:104AF000FBF753FF4FF460611320FBF74EFF782064
:104B000000F04CFF4FF480710120FBF746FF4FF49B
:104B10000071022000E052E0FBF73FFF41F230015C
:104B20000320FBF73AFF08210A20FBF736FF00219C
:104B30000C20FBF732FF20210E20FBF72EFF002177
:104B40000F20FBF72AFF00212020FBF726FF002182
:104B50002120FBF722FF3D212A20FBF71EFF142016
:104B600000F01CFF2D212920FBF717FF002150200A
:104B7000FBF713FF4DF2EF015120FBF70EFF002171
:104B80005220FBF70AFF40F23F115320FBF705FFCD
:104B900000216120FBF701FF00216A20FBF7FDFEE9
:104BA0004FF440719220FBF7F8FE05219320FBF7AC
:104BB000F4FE4FF480710720FBF7EFFE3AE20E4857
:104BC000808844F2315188427ED101210020FBF7D8
:104BD000E4FE0A2000F0E2FE41F228611020FBF71B
:104BE000DCFE0E211220FBF7D8FE40F639211320FF
:104BF000FBF7D3FE0A2001E05400002000F0CEFEB7
:104C000040211120FBF7C9FE50211520FBF7C5FEFE
:104C10000A2000F0C3FE1E211220FBF7BEFE0A2070
:104C200000F0BCFE4FF4B1511020FBF7B6FE42F687
:104C300039211320FBF7B1FE0A2000F0AFFE4FF43C
:104C400080710120FBF7A9FE4FF440710220FBF7B1
:104C5000A4FE41F238010320FBF79FFE40F202213F
:104C60000820FBF79AFE08210A20FBF796FE002198
:104C70003020FBF792FE40F202413120FBF78DFE1F
:104C80004FF483713220FBF788FE40F2035133204A
:104C9000FBF783FE4FF482713420FBF77EFE40F277
:104CA00001313520FBF779FE40F207713620FBF722
:104CB00074FE40F205313720FBF76FFE4FF40271AE
:104CC0003820FBF76AFE00E03EE040F60B71392029
:104CD000FBF763FE02214120FBF75FFE4FF41C51FE
:104CE0006020FBF75AFE01216120FBF756FE4FF4CE
:104CF00004719020FBF751FE4FF485719220FBF771
:104D00004CFE04219320FBF748FE4FF48071A02055
:104D1000FBF743FE01210720FBF73FFE212107207F
:104D2000FBF73BFE23210720FBF737FE332107204B
:104D3000FBF733FE40F233110720FBF72EFE002174
:104D4000A020FBF72AFE75E1F748808844F2355130
:104D500088427CD130211520FBF71FFE10219A20BC
:104D6000FBF71BFE20211120FBF717FE43F2284121
:104D70001020FBF712FE02211220FBF70EFE41F27B
:104D800038011320FBF709FE282000F007FE12214E
:104D90000846FBF702FE282000F000FE43F2204107
:104DA0001020FBF7FAFD43F238011320FBF7F5FD65
:104DB000462000F0F3FD00213020FBF7EEFD40F22D
:104DC00002413120FBF7E9FD40F207313220FBF7C9
:104DD000E4FD4FF441713320FBF7DFFD0421342063
:104DE000FBF7DBFD40F201413520FBF7D6FD40F239
:104DF00007713620FBF7D1FD40F205313720FBF774
:104E0000CCFD4FF4C2613820FBF7C7FD4FF4C261FF
:104E10003920FBF7C2FD4FF480710120FBF7BDFD87
:104E20004FF440710220FBF7B8FD41F2300103203E
:104E3000FBF7B3FD40F608010820FBF7AEFD0821A3
:104E40000A20FBF7AAFD4FF41C51602000E033E07C
:104E5000FBF7A3FD01216120FBF79FFD4FF49F713C
:104E60009020FBF79AFD4FF480719220FBF795FD9F
:104E70004FF480719320FBF790FD4FF44051A02038
:104E8000FBF78BFD1021A320FBF787FD01210720F5
:104E9000FBF783FD21210720FBF77FFD232107205E
:104EA000FBF77BFD33210720FBF777FD40F2331141
:104EB0000720FBF772FDBDE09B48808841F6631137
:104EC0008842F8D1E220FBF74DFD1D20FBF753FD92
:104ED0000220FBF750FD0420FBF74DFD642000F09D
:104EE00015FDE020FBF73EFD0120FBF744FD0A2005
:104EF00000F054FDE020FBF735FD0320FBF73BFD00
:104F00000C2000F04BFD0120FBF72CFD0A2000F0E7
:104F100045FDE620FBF726FD2F20FBF72CFDFF20AB
:104F2000FBF729FDFF20FBF726FDB020FBF71AFD5C
:104F30002020FBF720FD0020FBF71DFD0320FBF7E1
:104F40001AFD40F21F30FBF716FD0120FBF713FDA1
:104F500040F2DF10FBF70FFD0020FBF70CFDB42043
:104F6000FBF700FD0420FBF706FD40F21F40FBF7B6
:104F700002FD0020FBF7FFFC2E20FBF7FCFC0020CD
:104F8000FBF7F9FC0020FBF7F6FC0020FBF7F3FC35
:104F90000020FBF7F0FCB620FBF7E4FC0220FBF757
:104FA000EAFC4FF40370FBF7E6FC0020FBF7E3FCA0
:104FB0001720FBF7E0FC1520FBF7DDFC0020FBF7DA
:104FC000DAFC0020FBF7D7FCF020FBF7CBFC03203A
:104FD000FBF7D1FC2920FBF7C5FCD020FBF7C2FC76
:104FE0000020FBF7C8FCBE20FBF7BCFC0520FBF74C
:104FF000C2FCFE20FBF7BFFC0120FBF7BCFC00203D
:10500000FBF7B9FC0020FBF7B6FC0020FBF7B3FC74
:10501000B820FBF7A7FC0320FBF7ADFC0120FBF752
:10502000AAFCBA20FBF79EFC0120FBF7A4FC64203D
:10503000FCF70BF90020FCF734F901203B4908602C
:105040004FF6FF70FCF71CFB21B000BD2DE9FC4FB3
:1050500005460E4617469846DDF82C900020019034
:105060003148808846F60401884229D12E4880794B
:10507000012825D1AB4635462B480088C01B401E71
:1050800086B2474628480088A0EB0B00401E1FFA56
:1050900080F80020244988712A2048812B208881AB
:1050A00043463A4631462846CDF80090FFF7CEFFFA
:1050B00001201D4988712B2048812A2088811DE00C
:1050C000781B401C80B20190344615E021462846EA
:1050D000FBF792FCFBF773FC4FF0000A07E04FF080
:1050E000D840A0F880900AF101001FFA80FA0198D8
:1050F0008245F4DB601C84B24445E7DDBDE8FC8FEB
:105100002DE9F84F07460D4690469946DDF828B040
:10511000A8EB0700401C1FFA80FAA9EB0500401C11
:1051200080B20090002418E054000020BC8240426D
:10513000281981B23846FBF75FFCFBF740FC0026DC
:1051400007E004FB0A603BF81000F8490880701C77
:1051500086B25645F5DB601C84B200988442E7DBDA
:10516000BDE8F88F2DE9FF4F84B081468A460020C4
:10517000039002900698A0EB09050798A0EB0A0699
:10518000CDF80490CDF800A0002D01DD012705E049
:105190000DB9002702E04FF0FF376D42002E02DD0F
:1051A0004FF0010806E016B94FF0000802E04FF09A
:1051B000FF387642B54201DD2C4600E034464FF020
:1051C000000B21E0009A91B2019A90B2FBF76DFFBB
:1051D0000398284403900298304402900398A04218
:1051E00005DD0398001B0390019838440190029854
:1051F000A04205DD0298001B0290009840440090F8
:105200000BF101001FFA80FB601C8345DADD08B05A
:10521000BDE8F08FF0B504460D4616461F462B46F6
:10522000324629462046FFF79DFF3B462246294647
:105230002046FFF797FF3B46324639462046FFF7A8
:1052400091FF3B46324629463046FFF78BFFF0BDC3
:105250002DE9F04306460F469046002445460320BC
:10526000A0EB48093CE07A1B91B2321990B2FBF7EF
:105270001CFF3A1B91B2721990B2FBF716FF3A1954
:1052800091B2721990B2FBF710FF7A1991B23219EC
:1052900090B2FBF70AFF7A1991B2321B90B2FBF77A
:1052A00004FF3A1991B2721B90B2FBF7FEFE7A1B13
:1052B00091B2321B90B2FBF7F8FE3A1B91B2721B0F
:1052C00090B2FBF7F2FE641CB9F1000F03DAA00004
:1052D000801D814404E0601B80000A3081446D1E03
:1052E000AC42C0DDBDE8F0832DE9F84F80460E46A4
:1052F00017461C46B3462046E31704EB5373DB10F6
:1053000021464FEAE47C04EB5C7C4FEAEC0CA4EB16
:10531000CC0CBCF1000F02D04FF0010C01E04FF0BB
:10532000000C6344224604EBD27C4FEA6C0C03FB76
:105330000CF3DBB20093A7F12000C7B2002556E0C2
:105340000C2C07D107EB4700794901EB800010F8DE
:10535000059013E0102C05D1764800EB071010F8EB
:1053600005900BE0182C07D107EBC700724901EB41
:10537000800010F8059001E0BDE8F88F4FF0000ABA
:105380002FE009F0800030B16C4802883146404679
:10539000FBF799FE07E00A9828B969480288314668
:1053A0004046FBF790FE4FEA49604FEA1069701CD7
:1053B00086B264484088B04200DCDDE7A6EB0B0013
:1053C000A0420AD15E4608F101001FFA80F85D484C
:1053D0000088404500DCCFE706E00AF1010000F05C
:1053E000FF0ABAF1080FCCDB00BF681CC5B20098F9
:1053F0008542A5DB00BFBFE710B50246012000E0F3
:1054000050430B1EA1F10104E1B2F9D110BD2DE909
:10541000FF4F81B0074691461E460E9D4FF0000A91
:10542000002439E0301B401EC1B20A20FFF7E4FF20
:10543000B9FBF0F00A21B0FBF1F201FB1208BAF15E
:10544000000F16D1701EA04213DDB8F1000F0ED16F
:105450000020AB4605EBDB71491001FB04710090A5
:1054600088B22B4620220299FFF73EFF12E04FF050
:10547000010A0020AB4605EBDB71491001FB04710A
:10548000009088B208F13001CAB22B460299FFF7AA
:105490002BFF00BF601CC4B2B442C3DB05B0BDE843
:1054A000F08F2DE9FF4F82B0064692461F46DDE998
:1054B0000F480020019000255CE0781B401EC1B21F
:1054C0000A20FFF799FFBAFBF0F00A21B0FBF1F2D6
:1054D00001FB1209019840BB781EA84236DDB9F1E4
:1054E000000F31D108F0800078B108F00100A34628
:1054F00004EBDB71491001FB0561009088B2234683
:1055000030220399FFF7F0FE0EE008F00100A346F9
:1055100004EBDB71491001FB0561009088B2234662
:1055200020220399FFF7E0FE22E00FE08000006CEC
:105530007A820008EE860008DE8C00083000002029
:1055400032000020540000200120019008F00100EA
:10555000A34604EBDB71491001FB0561009088B2A2
:1055600009F13001CAB223460399FFF7BDFE00BF1F
:10557000681CC5B2BD42A0DB06B0BDE8F08F2DE9C6
:10558000F84704460D4690469946DDE9096704F060
:10559000FF0A08EB04001FFA80F809EB05001FFA68
:1055A00080F916E0444502DB5446A81985B24D4502
:1055B00000DB14E0002000903A783346294620466C
:1055C000FFF792FE304606EBD07104EB61018CB21E
:1055D0007F1C38787E2802DC38782028E2DA00BF89
:1055E000BDE8F8877FB505460C460121022001F091
:1055F0007CF90295ADF804400020ADF80600ADF846
:105600000C0001A9394801F09CFD012211463748E0
:1056100002F038FA0121354801F01CFE1D208DF8FA
:10562000000001208DF8010003208DF80200012008
:105630008DF80300684600F09CFA7FBD7FB50546F3
:105640000C460121042001F050F90295ADF8044008
:105650000020ADF80600ADF80C0001A9244801F0C7
:1056600070FD01221146224802F00CFA0121204867
:1056700001F0F0FD1E208DF8000001208DF80100E2
:1056800003208DF8020001208DF80300684600F029
:1056900070FA7FBD7FB505460C460121082001F058
:1056A00024F90295ADF804400020ADF80600ADF8ED
:1056B0000C0001A90F4801F044FD012211460D48DC
:1056C00002F0E0F901210B4801F0C4FD32208DF811
:1056D000000001208DF8010003208DF80200012058
:1056E0008DF80300684600F044FA7FBD00040040D6
:1056F00000080040000C00401CB50121112001F001
:10570000ABF81C20009000208DF8040003208DF8D9
:10571000050001208DF807006946354800F01AFBA6
:105720000120009002208DF807006946314800F002
:1057300011FB1CBD10B5044614B101202E490870A0
:105740002D480078002837D01021294800F064FB4C
:1057500078B10821264800F05FFB50B104212448AD
:1057600000F05AFB28B10121224800F055FB012826
:1057700022D10A2000F012F900201F4908701021E0
:105780001B4800F049FB08B9012010BD082118484A
:1057900000F042FB08B90220F7E70421144800F0AA
:1057A0003BFB08B90320F0E70121124800F034FB6D
:1057B00001281BD10420E8E710210D4800F02CFB44
:1057C000012813D108210A4800F026FB01280DD139
:1057D0000421074800F020FB012807D101210548DA
:1057E00000F01AFB10B90120034908700020CCE733
:1057F0000010024000000240340000200EB50121DC
:10580000880301F083F80221042001F08AF90321C2
:10581000042001F086F90421084601F082F90021F4
:10582000084601F07EF90120009000208DF8040068
:1058300008208DF8050001208DF80600684602F06A
:1058400033FA1C20009000208DF804000C208DF805
:10585000050001208DF80600684602F025FA0620B2
:105860008DF8080000208DF8090002208DF80A004C
:1058700001208DF80B0002A800F07BF908208DF8BC
:10588000080003208DF8090002208DF80A0001208D
:105890008DF80B0002A800F06CF909208DF80800C3
:1058A00002208DF809008DF80A0001208DF80B0008
:1058B00002A800F05EF90A208DF8080001208DF89A
:1058C000090002208DF80A0001208DF80B0002A8C3
:1058D00000F04FF90EBD000010B504466FF0040053
:1058E00000F094F9E11704EB5171C1F3C701394A93
:1058F00011701046007800EB4001C1EBC0104FF66C
:10590000FF7101EAC0003449088010BD0146314AE8
:1059100012784A434FF0E0235A6100229A611A46F6
:10592000126942F001021A6100BF4FF0E0221069D3
:1059300000F001021AB100F48032002AF5D04FF0D5
:10594000E022126922F001024FF0E0231A610022E6
:105950009A6170470146204A12884A434FF0E0237B
:105960005A6100229A611A46126942F001021A61D4
:1059700000BF4FF0E022106900F001021AB100F4FC
:105980008032002AF5D04FF0E022126922F00102A5
:105990004FF0E0231A6100229A61704770B5044607
:1059A0004FF4077094FBF0F0C6B24FF4077094FB0D
:1059B000F0F100FB114085B205E04FF40770FFF7EE
:1059C000C9FF701EC6B2002EF7D115B12846FFF7E9
:1059D000C1FF70BD3600002038000020014600BF26
:1059E000704700BF4C4A128802F04002002AF9D0EA
:1059F000C2B2494B9A80704710B588B00446012165
:105A0000084600F029FF0121102000F07FFF072247
:105A10000921424800F029FA07220A213F4800F0F4
:105A200024FA4FF4C060069002208DF81C008DF817
:105A30001D0000208DF81E0001208DF81F0006A912
:105A4000364800F087F902940020ADF80C00ADF85C
:105A50000E00ADF81000ADF814000C20ADF81200E7
:105A600002A92D4801F0FDF801212B4801F081F930
:105A7000012240F22551284801F031FA25208DF805
:105A8000040003208DF805008DF8060001208DF834
:105A9000070001A800F06DF808B010BD10B540F285
:105AA00025511D4801F056FA10B31B4801F090F93A
:105AB000C4B21B48008800F40040C8B918480088E8
:105AC00000F4804060B10A2C03D000201449088003
:105AD00020E01348008840F400401149088019E094
:105AE0000D2C06D10E48008840F480400C490880F7
:105AF00010E00B480088C0F30D000A490C54084818
:105B00000088401C0649088008460088C72801DD37
:105B10000020088010BD000000100140000002407D
:105B200040000020620000200948804709480047E3
:105B3000FEE7FEE7FEE7FEE7FEE7FEE7FEE7FEE73D
:105B4000FEE7FEE704480549054A064B704700009A
:105B5000F10700088901000890010020900700204B
:105B6000900300209003002032490143324A116023
:105B7000704770B5002100230F22C4781CB32E4C4F
:105B8000246804F4E064C4F5E064C4F30721C1F1BF
:105B90000404E3B20A4144789C40E1B284781440A2
:105BA00021430C07210E254C05786155047804F03B
:105BB0001F050124AC4005786D11AD0005F1E0250D
:105BC000C5F8004109E0047804F01F050124AC4049
:105BD0001B4D0678761145F8264070BD194A0A40DB
:105BE0000243154B1B1F1A60704739B1124A121D30
:105BF00012680243104B1B1D1A6006E00E4A121D6C
:105C0000126882430C4B1B1D1A607047042808D190
:105C10004FF0E021096941F004014FF0E0221161E9
:105C200007E04FF0E021096921F004014FF0E02284
:105C3000116170470000FA050CED00E000E400E09F
:105C400080E100E080FFFF1F10B5044698488442C1
:105C500008D10121084600F06AFE0021012000F071
:105C600066FE76E09348844208D10121022000F0CC
:105C70005EFE0021022000F05AFE6AE08E48844257
:105C800008D10121042000F052FE0021042000F080
:105C90004EFE5EE08948844208D10121082000F0D0
:105CA00046FE0021082000F042FE52E08448844273
:105CB00008D10121102000F03AFE0021102000F050
:105CC00036FE46E07F48844208D10121202000F0C2
:105CD0002EFE0021202000F02AFE3AE07A4884427D
:105CE00008D10121402000F022FE0021402000F0D8
:105CF0001EFE2EE07548844208D10121802000F06C
:105D000016FE0021802000F012FE22E0704884423E
:105D100008D10121801500F00AFE0021A01500F035
:105D200006FE16E06B48844208D10121401500F0C0
:105D3000FEFD0021601500F0FAFD0AE0664884428D
:105D400007D10121001500F0F2FD0021201500F01F
:105D5000EEFD10BDF0B50A4600210023002400BF6F
:105D60003DE0012505FA01F3156805EA03049C42AC
:105D700034D105684F000326BE40B5430560157950
:105D80004E00B5400668354305601579012D02D0F7
:105D90001579022D16D185684F000326BE40B54304
:105DA000856055794E00B540866835438560456805
:105DB00001268E40B5434560456896798E40B6B25F
:105DC00035434560C5684F000326BE40B543C560F6
:105DD000D5794E00B540C6683543C560491C1029C9
:105DE000BFD3F0BD4FF6FF71016000210171417119
:105DF0008171C171704708B54FF480320092009AEA
:105E00000A430092009AC261C161009AC261C269EC
:105E10000092C269009208BD0246002013690B403F
:105E20000BB1012000E0002070470146086980B2F4
:105E300070470246002053690B400BB1012000E07F
:105E4000002070470146486980B27047018370475F
:105E5000418370470AB1018300E04183704741618B
:105E6000704742694A4042617047F0B50023002400
:105E70004D07ED0E02FA05F3CE1000F1200555F89E
:105E800026504E07F70E0F26BE40B543CF1000F147
:105E9000200646F82750CE1000F1200555F8265070
:105EA00045EA0304CE1000F1200545F82640F0BD78
:105EB000000002400004024000080240000C0240C2
:105EC000001002400014024000180240001C024072
:105ED00000200240002402400028024030B943F272
:105EE000DB028100A1F1C0410A6005E043F2D20269
:105EF0008100A1F1C0410A606FF07042411C89002D
:105F0000A1F1C0410A608100A1F1C041C1F80421A2
:105F10007047D0E901121143C2681143026911436D
:105F20004269114382691143C2691143026A1143F4
:105F3000426A1143826A1143C26A1143026B1143E0
:105F400002689200A2F1C0421160816808290BD159
:105F500001688900A1F1C041096841F0400201686F
:105F60008900A1F1C0410A60416B0968426B526827
:105F700041EA0211426B926841EA0221426B928926
:105F800041EA0241426B128A41EA0251426B127DA0
:105F900041EA0261426B926911430268521C92000D
:105FA000A2F1C0421160C16AB1F5804F1BD1816B73
:105FB0000968826B526841EA0211826B926841EA79
:105FC0000221826B128A41EA0251826B127D41EA00
:105FD0000261826B9269114302689200A2F1C04291
:105FE000C2F8041107E06FF0704201688900A1F166
:105FF000C041C1F8042170470021016002214160C5
:1060000000218160C160016141618161C161016202
:106010004FF480514162490081620021C1620163F5
:10602000F84941638163704751B18200A2F1C042D7
:10603000126842F001038200A2F1C042136009E03D
:106040008200A2F1C0421268EF4B1A408300A3F114
:10605000C0431A60704710280AD118214FF020421F
:106060001166402151664FF0FC319166D16610E017
:106070001821E64A116040214FF02042C2F88410F6
:106080004FF0FC31E14A083211604FF02042C2F873
:106090008C10704730B5002100220023446844F082
:1060A000080485682C43C5682C4305692C43456961
:1060B00044EA4524856944EA4531C4692468C569D0
:1060C0006D6844EA0524C5692D8944EA0544C5691B
:1060D0002D7B44EA0562046A2468056A6D6844EA17
:1060E0000524056A2D8944EA0544056A2D7B44EAA6
:1060F00005630468102C05D14FF020442166A26688
:10610000E36608E0C14C21604FF02044C4F88820C9
:10611000BE4C0C34236030BD102101600021416071
:106120008160C160016141618161FC21C2691160CE
:10613000C2695160C2699160C269D160026A11602E
:10614000026A5160026A9160026AD160704799B137
:10615000102808D14FF02042126E42F004024FF096
:1061600020431A661DE0A94A126842F004024FF06B
:106170002043C3F8802014E0102809D14FF02042BA
:10618000126EA14BDB1E1A404FF020431A6608E046
:106190009E4A12689C4BDB1E1A404FF02043C3F806
:1061A0008020704799B1102808D14FF02042126E1C
:1061B00042F040024FF020431A661DE0934A1268F5
:1061C00042F040024FF02043C3F8802014E0102832
:1061D00009D14FF02042126E8B4B3F3B1A404FF0DB
:1061E00020431A6608E0894A1268874B3F3B1A40F1
:1061F0004FF02043C3F8802070470146002010294B
:1062000003D14FF02042506F02E0804A14321068F0
:10621000704718207D492031086000200906C1F828
:10622000A4004FF0FC30794928310860091D08604E
:10623000091D08607047016841F01001426841EA99
:106240004221826841EA4231704A20321160C168BD
:106250000968C268526841EA0221C268128941EAAB
:106260000241C268127B41EA0261684A2832116029
:10627000016909680269526841EA022102691289CA
:1062800041EA02410269127B41EA02615F4A2C3213
:106290001160416909684269526841EA0221426914
:1062A000128941EA02414269127B41EA02614FF0E0
:1062B0002042C2F8B0107047002101604160816047
:1062C000FC21C2681160C2685160C2689160C268F6
:1062D000D1600269116002695160026991600269CE
:1062E000D1604269116042695160426991604269BE
:1062F000D160704748B145492031096841F0040137
:106300004FF02042C2F8A01009E04049203109684E
:106310003D4AD21E11404FF02042C2F8A0107047F3
:1063200010B5F2B1102807D14FF020435B6E0B433C
:106330004FF02044636632E0B0F5807F08D1334BE4
:106340001B1D1B680B434FF02044C4F8843026E02B
:106350002E4B24331B680B434FF02044C4F8A43069
:106360001DE0102807D14FF020435B6E8B434FF0A8
:106370002044636613E0B0F5807F08D1234B1B1DDA
:106380001B688B434FF02044C4F8843007E01F4B58
:1063900024331B688B434FF02044C4F8A43010BD55
:1063A00010B5024600200023102A03D14FF02044EC
:1063B000636E09E0B2F5807F03D1144C241D23687D
:1063C00002E0124C2434236803EA01040CB10120DA
:1063D00000E0002010BD102807D14FF02042526E7F
:1063E0008A434FF020435A6619E0B0F5807F0FD101
:1063F000064A121D12688A434FF02043C3F88420D6
:106400000DE000003C9A0008FEFF0F00800000A095
:10641000234A12688A434FF02043C3F8A4207047F0
:1064200070B502460020002300240025102A03D165
:106430004FF02046736E08E0B2F5807F03D1184E0E
:10644000203E336801E0164E336803EA010403EA94
:10645000D10514B10DB1012000E0002070BD10285D
:1064600008D14FF02042526E22EAD1024FF0204371
:106470005A6614E0B0F5807F09D1094A203A1268C3
:1064800022EAD1024FF02043C3F8842007E0044AF7
:10649000126822EAD1024FF02043C3F8A4207047CB
:1064A000A40000A0F948006840F00100F749086026
:1064B0000020F64908310860F4480068F4490840B3
:1064C000F2490860F348091D0860F348EF49843138
:1064D0000860F0481038091D0860EC48006820F496
:1064E0008020EA4908600020E8490C310860E7494B
:1064F0008C31086070470021E44A921C11701146EB
:106500000870704710B501460022002300204A1190
:10651000012A02D1DD4C236808E0022A03D1DB4CBA
:106520007034236802E0D94C7434236801F01F02F0
:10653000012494401C400CB1012000E0002010BD5B
:1065400038B5002000900024002500BF3120FFF75F
:10655000D9FF05460098401C00900098B0F5A04F68
:1065600001D0002DF2D03120FFF7CCFF08B101247B
:1065700000E00024204638BD01460020C34A1068D0
:1065800020F0F80040EAC10010607047C34908607D
:1065900070470021BD4A703211701170012802D07D
:1065A00004280AD104E00121B84A7032117005E0D4
:1065B0000521B64A7032117000E000BF00BF70477D
:1065C000B7490860704770B5049C41EA82150126FE
:1065D000C6EB530645EA0645054345EA0465AB4E5E
:1065E000361D356070BDAD4908667047820142EACC
:1065F0000172A64B84331A607047A84988667047B9
:1066000010B5830143EA016343EA02739F4C883467
:10661000236010BDA14908677047A049C86470474E
:1066200002460020994B0833186820F0EC6042EADB
:1066300001031843954B0833186070470246002049
:10664000924B0833186820F0784042EA010318435F
:106650008E4B083318607047014600208B4A083281
:10666000106820F003000843106070478748083026
:10667000006800F00C00704701460020834A083291
:10668000106820F0F00008431060704701460020B9
:106690007E4A0832106820F4E050084310607047CA
:1066A00001460020794A0832106820F4604040EA30
:1066B000C10010607047F0B50021002200240225BF
:1066C00000260223714F08373F6807F00C0121B103
:1066D000042905D0082937D105E0724F076036E05C
:1066E000714F076033E0694F3F1D3F68C7F3805625
:1066F000664F3F1D3F6807F03F036EB16A4FB7FB1F
:10670000F3F7DFF888C10CF1040CDCF800C0CCF31F
:10671000881C07FB0CF40CE0624FB7FBF3F7DFF8C3
:106720006CC10CF1040CDCF800C0CCF3881C07FB36
:106730000CF4564F3F1D3F68C7F301477F1C7D0097
:10674000B4FBF5F7076002E0564F076000BF00BFDB
:106750004E4F08373F6807F0F0010909534F7A5C44
:106760000768D7404760494F08373F6807F4E05152
:10677000890A4E4F7A5C4768D7408760434F083795
:106780003F6807F46041490B484F7A5C4768D7403F
:10679000C760F0BD002100F44072B2F5407F0AD11D
:1067A0003A4A0832116821F4F811414A0240114373
:1067B000364A08321160354A70321268C0F30B0352
:1067C0001A43324B70331A607047354944390860B8
:1067D0007047334940390860704736490860704750
:1067E00001460020294A8C32106820F01F004A1E02
:1067F0001043264A8C321060704701460020234A1D
:106800008C32106820F4F8504A1E40EA02201F4AD9
:106810008C3210607047014600201C4A8C32106890
:1068200020F4401008431060704701460020174ACA
:106830008C32106820F44000084310607047014615
:106840000020124A8C32106820F440300843106057
:10685000704719490860704739B10C4A30321268E4
:1068600002430A4B30331A6006E0084A303212689D
:106870008243064B30331A607047F9B1034A343211
:1068800012680243014B34331A601CE000380240A6
:10689000FFFFF6EA103000240030002000004742DD
:1068A000800E47420024F40000127A0042000020CB
:1068B000FFFCFF0F5C014742E01147428F4A12681C
:1068C00082438E4B1A60704739B18C4A121D126890
:1068D00002438A4B1B1D1A6006E0884A121D12688B
:1068E0008243864B1B1D1A60704739B1834A0C32B4
:1068F00012680243814B0C331A6006E07F4A0C3267
:10690000126882437D4B0C331A60704739B17B4A61
:10691000103212680243794B10331A6006E0774A4E
:10692000103212688243754B10331A60704739B1C8
:10693000724A243A12680243704B243B1A6006E004
:106940006E4A243A126882436C4B243B1A607047AB
:1069500039B16A4A203A12680243684B203B1A60F8
:1069600006E0664A203A12688243644B203B1A6074
:10697000704739B1614A1C3A126802435F4B1C3BB5
:106980001A6006E05D4A1C3A126882435B4B1C3B6E
:106990001A60704739B1594A143A12680243574B8A
:1069A000143B1A6006E0554A143A12688243534B6E
:1069B000143B1A60704739B1504A103A12680243CA
:1069C0004E4B103B1A6006E04C4A103A1268824364
:1069D0004A4B103B1A60704739B1484A1C32126862
:1069E0000243464B1C331A6006E0444A1C321268CC
:1069F0008243424B1C331A60704739B13F4A203200
:106A0000126802433D4B20331A6006E03B4A2032B5
:106A100012688243394B20331A60704739B1374AC4
:106A2000243212680243354B24331A6006E0334A9D
:106A3000243212688243314B24331A60704739B1D3
:106A40002E4A2C32126802432C4B2C331A6006E07B
:106A50002A4A2C3212688243284B2C331A60704722
:106A600039B1264A303212680243244B30331A605F
:106A700006E0224A303212688243204B30331A60DB
:106A80007047012808D11D493C31096841F00801CF
:106A90001A4A3C32116007E018493C31096821F07C
:106AA0000801164A3C321160704739B1134A273A3F
:106AB00012780243114B273B1A7006E00F4A273A1F
:106AC000127882430D4B273B1A7070470B484030B9
:106AD000006840F080700949403108607047014605
:106AE0000020064A283A12680A400AB1012000E054
:106AF0000020704701492639087070473438024039
:106B000010B501218803FFF756FF00214FF48040A4
:106B1000FFF751FF10BD1C49086070471B49086210
:106B2000704730B500228B071C0F0F2303FA04F2C5
:106B3000154B08338C1053F824309343124C08340F
:106B40008D1044F8253023468C1053F824308C07E0
:106B5000240F00FA04F423430B4C08348D1044F83E
:106B6000253030BD0949DC310860704708490860AC
:106B70007047002004492031096801F4807109B18F
:106B8000012000E00020704700380140000027424B
:106B90000004274210B50446FA48844208D1012176
:106BA0001020FFF708FF00211020FFF704FF57E037
:106BB000F548844209D101214804FFF7EBFE00218A
:106BC0004FF40030FFF7E6FE4AE0F048844209D176
:106BD00001218804FFF7DEFE00214FF48020FFF73B
:106BE000D9FE3DE0EA48844209D10121C804FFF7FB
:106BF000D1FE00214FF40020FFF7CCFE30E0E54845
:106C0000844209D101210805FFF7C4FE00214FF499
:106C10008010FFF7BFFE23E0DF48844208D1012146
:106C20002020FFF7C8FE00212020FFF7C4FE17E058
:106C3000DA48844209D101218807FFF7ABFE002121
:106C40004FF08040FFF7A6FE0AE0D548844207D106
:106C500001214005FFF79EFE00216005FFF79AFE27
:106C600010BD2DE9FF4705460E460024A14600BF92
:106C7000A046B08900B100BF2C8A24F44054F088AB
:106C800004432C82AC8941F20C608443B088318982
:106C90000843718908430443AC81AC8A24F44074EE
:106CA000B0890443AC826846FFF705FDB5488542CC
:106CB00002D0B948854202D1DDF80C9001E0DDF840
:106CC0000890A88900F4004040B109EBC90000EB2E
:106CD000091031684900B0FBF1F707E009EBC90082
:106CE00000EB091031688900B0FBF1F76420B7FBB5
:106CF000F0F004012009642101FB1078A88900F458
:106D0000004040B1322000EBC800B0FBF1F000F0D1
:106D10000700044308E0322000EB08106421B0FBB8
:106D2000F1F000F00F0004432C81BDE8FF874FF421
:106D30001651016000218180C18001810C214181B7
:106D400000218181704710B502460020108A20F48E
:106D500070600B884C8823438C882343CC88234362
:106D60001843108210BD0021018041808180C180C4
:106D7000704721B1828942F40052828104E0828905
:106D80004DF6FF731A4082817047028B02F47F42F6
:106D90000283028B0A430283704721B1828942F445
:106DA0000042828103E08289C2F30E028281704731
:106DB00021B1828A42F40062828204E0828A4FF228
:106DC000FF731A4082827047C1F3080282807047C5
:106DD00001468888C0F308007047028A4FF6F073B6
:106DE0001A400282028A0A430282704721B18289D4
:106DF00042F00202828104E082894FF6FD731A405C
:106E00008281704782894FF2FF731A4082818289A2
:106E10000A4382817047028A4FF6DF731A4002826A
:106E2000028A0A430282704721B1028A42F48042F8
:106E3000028204E0028A4BF6FF731A400282704716
:106E4000818941F001018181704721B1828A42F03C
:106E50000802828204E0828A4FF6F7731A40828227
:106E60007047028BD2B20283028B42EA0122028374
:106E7000704721B1828A42F02002828204E0828A35
:106E80004FF6DF731A408282704721B1828A42F046
:106E90001002828204E0828A4FF6EF731A408282E7
:106EA0007047828A4FF6FB731A408282828A0A43B5
:106EB0008282704721B1828A42F00202828204E01B
:106EC000828A4FF6FD731A40828270471AB1838A14
:106ED0000B43838202E0838A8B4383827047F0B541
:106EE0000346002400260025002040F66A17B94218
:106EF00000D100BF1846C1F3421401F01F0601275C
:106F000007FA06F5012C01D10C3004E0022C01D166
:106F1000103000E014301AB107682F43076002E018
:106F20000768AF430760F0BD02460020B1F5007F5F
:106F300000D100BF13880B400BB1012000E00020FE
:106F4000704701F40072B2F5007F00D100BFCA4360
:106F50000280704770B502460024002300250020FF
:106F600040F66A16B14200D100BFC1F3421501F0EC
:106F70001F03012606FA03F3012D13D1968933402E
:106F800017E00000001001400044004000480040AD
:106F9000004C0040005000400014014000780040C8
:106FA000007C0040022D02D1168A334001E0968A0F
:106FB00033400C12012606FA04F41688344013B14B
:106FC0000CB1012000E0002070BD10B500220023AC
:106FD00040F66A14A14200D100BF0A120124944075
:106FE000A3B2DC43048010BD10B50446FE488442C1
:106FF00008D101210846FFF7DEFC00210120FFF740
:10700000DAFC9DE0B4F1804F08D101210846FFF77A
:10701000C1FC00210120FFF7BDFC91E0F348844250
:1070200008D101210220FFF7B5FC00210220FFF763
:10703000B1FC85E0EE48844208D101210420FFF72D
:10704000A9FC00210420FFF7A5FC79E0E94884426F
:1070500008D101210820FFF79DFC00210820FFF73F
:1070600099FC6DE0E448844208D101211020FFF72B
:1070700091FC00211020FFF78DFC61E0DF48844285
:1070800008D101212020FFF785FC00212020FFF7F7
:1070900081FC55E0DA48844208D101210220FFF743
:1070A0008AFC00210220FFF786FC49E0D548844293
:1070B00009D101210804FFF77EFC00214FF4803044
:1070C000FFF779FC3CE0D048844209D10121480413
:1070D000FFF771FC00214FF40030FFF76CFC2FE04C
:1070E000CA48844209D101218804FFF764FC0021C9
:1070F0004FF48020FFF75FFC22E0C548844208D1AE
:1071000001214020FFF746FC00214020FFF742FC10
:1071100016E0C048844208D101218020FFF73AFCE4
:1071200000218020FFF736FC0AE0BB48844207D1EB
:1071300001218015FFF72EFC0021A015FFF72AFC86
:1071400010BD00220288A84B98420ED0AC4B98424A
:107150000BD0B0F1804F08D0A44B984205D0A44B7F
:10716000984202D0A34B984204D14FF68F731A4035
:107170004B881A43A04B984207D0A04B984204D0AA
:107180004FF6FF431A400B891A4302804B68C362D3
:107190000B880385944B984202D0994B984201D1B9
:1071A0008B7A03860123838270474FF0FF31416061
:1071B00000210180018141808172704701858282B6
:1071C00070470A46002101884FF68F73194011431A
:1071D0000180704741627047C16270470146486A4A
:1071E00070470146088D704721B1028842F00202C3
:1071F000028004E002884FF6FD731A400280704757
:1072000021B1028842F00402028004E002884FF6B5
:10721000FB731A400280704721B1028842F080025D
:10722000028004E002884FF67F731A4002807047A4
:1072300002884FF6F7731A40028002880A430280E0
:10724000704702884FF6FF431A40028002880A43C3
:107250000280704721B1028842F00102028004E0FE
:1072600002884FF6FE731A400280704770B5002402
:1072700000220023058C4FF6FE7635400584028CF3
:107280008388048B4FF68F752C40B51E2C400D88DB
:107290002C43751E2A408D892A434D882A43524D1E
:1072A000A84202D0564DA84213D14FF6F7752A4096
:1072B000CD892A434FF6FB752A408D882A434FF625
:1072C000FF652B404FF6FF552B400D8A2B434D8A0F
:1072D0002B43838004838D684563028470BD70B541
:1072E000002400220023058C4FF6EF7635400584FC
:1072F000028C8388048B48F6FF752C404FF6FF45BF
:107300002C400D884FF6FF7606EA05252C434FF6F4
:10731000DF752A408D8906EA05152A434D8806EA5D
:1073200005152A43304DA84202D0354DA8421DD143
:107330004FF67F752A40CD894FF6FF7606EA051590
:107340002A434FF6BF752A408D8806EA05152A4361
:107350004FF6FF352B404FF2FF752B400D8A06EAA2
:1073600085052B434D8A06EA85052B4383800483DC
:107370008D688563028470BD70B5002400220023EF
:10738000058C4FF6FF6635400584028C8388848B1C
:107390004FF68F752C404FF6FC752C400D882C4312
:1073A0004FF6FF552A408D894FF6FF7606EA0525F0
:1073B0002A434D8806EA05252A430B4DA84202D0F0
:1073C0000F4DA84238D14FF2FF752A40CD894FF6B4
:1073D000FF7606EA05252A434FF6FF352A408D88B9
:1073E00006EA05252A4319E0000001400004004098
:1073F00000080040000C0040001000400014004055
:1074000000040140004001400044014000480140A8
:1074100000180040001C0040002000404EF6FF75A0
:107420002B404DF6FF752B400D8A06EA05152B43C0
:107430004D8A06EA05152B43838084838D68C563D6
:10744000028470BD70B5002200230024058C4EF626
:10745000FF7635400584038C8488828B48F6FF755F
:107460002A404FF6FF452A400D884FF6FF7606EA80
:1074700005252A434DF6FF752B408D8906EA053513
:107480002B434D8806EA05352B43FE4DA84202D01A
:10749000FD4DA84208D14BF6FF752C400D8A4FF6E2
:1074A000FF7606EA85152C43848082838D68056407
:1074B000038470BD002101804180818081608181D1
:1074C000C18101824182704770B5034600200024CB
:1074D0001846183001258D40ACB21D8CA5431D8483
:1074E00009B108290AD100EB610005684FF68F76D3
:1074F000354005600568154305600FE00D1FC5F3B5
:107500004E052844056848F6FF7635400560056855
:107510004FF6FF7606EA02263543056070BD4163EB
:10752000704781637047C1637047016470470A46C2
:107530000021018B4FF68F7319401143018370476F
:107540000A460021018B48F6FF7319404FF6FF737E
:1075500003EA02231943018370470A460021818B05
:107560004FF68F7319401143818370470A460021FB
:10757000818B48F6FF7319404FF6FF7303EA02232D
:107580001943818370470A460021018B4FF6F77338
:1075900019401143018370470A460021018B4FF2C5
:1075A000FF7319404FF6FF7303EA02231943018367
:1075B00070470A460021818B4FF6F773194011433B
:1075C000818370470A460021818B4FF2FF73194077
:1075D0004FF6FF7303EA02231943818370470A467B
:1075E0000021018B4FF6FB73194011430183704753
:1075F0000A460021018B4FF6FF3319404FF6FF7307
:1076000003EA02231943018370470A460021818B54
:107610004FF6FB7319401143818370470A460021DE
:10762000818B4FF6FF3319404FF6FF7303EA0223B5
:107630001943818370470A460021018B4FF67F73FF
:1076400019401143018370470A460021018BC1F3A1
:107650000E014FF6FF7303EA0223194301837047BB
:107660000A460021818B4FF67F73194011438183B5
:1076700070470A460021818BC1F30E014FF6FF735C
:1076800003EA02231943818370470A460021018CD3
:107690004FF6FD7319401143018470470A460021DB
:1076A000018C4FF6F77319401143018470470A4665
:1076B0000021018C4FF6DF7319404FF6FF7303EA88
:1076C00002131943018470470A460021018C4FF6CA
:1076D0007F7319404FF6FF7303EA021319430184C5
:1076E00070470A460021018C4FF6FF5319404FF6B0
:1076F000FF7303EA02231943018470470A460021FD
:10770000018C4FF2FF7319404FF6FF7303EA022317
:107710001943018470470A460021018C4DF6FF731E
:1077200019404FF6FF7303EA02331943018470478F
:1077300030B5002301248C40A3B2048C9C43048404
:10774000048C02FA01F5ADB22C43048430BD30B58F
:10775000002304248C40A3B2048C9C430484048C36
:1077600002FA01F5ADB22C43048430BD828B4FF296
:10777000FF331A408283828B4FF6FF7303EA0123A3
:107780001A4382837047F0B50C461546002100224B
:107790000026078C4EF6FF7C07EA0C070784818BD6
:1077A000028C4FF6FF7707EA043640F6FF47394070
:1077B0004FF6FF7707EA052739434FF6FF7707EAC9
:1077C0000337394345F6FF773A4046F480573A434A
:1077D00081830284F0BD828B4FF6F3731A4082835B
:1077E000828B0A4382837047F0B50C461546002110
:1077F00000220026078C4FF6FF6C07EA0C0707846F
:10780000818B028C4FF6FF7707EA04264FF60C7740
:1078100039404FF6FF7707EA03172F4339434FF2FA
:10782000FF573A4046F480773A4381830284F0BDA3
:10783000028B4FF2FF331A400283028B4FF6FF7325
:1078400003EA01231A4302837047F0B50C4615463C
:10785000002100220026078C4FF6EF7C07EA0C0778
:107860000784018B028C4FF6FF7707EA041640F677
:10787000FF4739404FF6FF7707EA033739434FF6A2
:10788000FF7703E0000001400004014007EA0527FC
:1078900039434FF65F773A4046F010073A43018389
:1078A0000284F0BD028B4FF6F3731A400283028B01
:1078B0000A4302837047F0B50C46154600210022AA
:1078C000068C4FF6FE773E400684018B028C4FF605
:1078D0000C7631407E1C06EA03162E4331434FF6E8
:1078E000F576324044F00106324301830284F0BD54
:1078F00070B505460C46208850B92389A288618856
:107900002846FFF7D8FFE1882846FFF7CBFF25E0A0
:10791000208804280AD12389A28861882846FFF795
:1079200094FFE1882846FFF783FF17E020880828A6
:107930000AD12389A28861882846FFF755FFE1888C
:107940002846FFF748FF09E02389A2886188284676
:10795000FFF719FFE1882846FFF708FF70BD0021F7
:1079600001804180012181800021C1800181704717
:107970002DE9F04105460C4600260127608808B92C
:10798000022600E00026A088012801D1022700E09D
:1079900001272088A0B92389A28861882846FFF79B
:1079A0008AFFE1882846FFF77DFF23893A46314662
:1079B0002846FFF74AFFE1882846FFF739FF13E022
:1079C0002389A28861882846FFF73FFFE18828467F
:1079D000FFF72EFF23893A4631462846FFF76BFF13
:1079E000E1882846FFF75EFFBDE8F0810146486B5D
:1079F00070470146886B70470146C86B7047014667
:107A0000086C70470A884B881A438B881A43CB88C6
:107A10001A430B891A434B891A438B891A43A0F8DE
:107A2000442070470021018041808180C180018114
:107A300041818181704731B1B0F8442042F4004265
:107A4000A0F8442005E0B0F84420C2F30E02A0F8EC
:107A50004420704721B1828842F00402828004E011
:107A600082884FF6FB731A408280704721B182886A
:107A700042F00102828004E082884FF6FE731A40D1
:107A8000828070471AB183890B43838102E0838926
:107A90008B43838170478182704702460020138A9E
:107AA0000B400BB1012000E000207047CA43028266
:107AB000704730B50246002000230024158A05EAED
:107AC0000103958905EA010413B10CB1012000E01E
:107AD000002030BDCA430282704741EA0203A0F889
:107AE000483070471AB183890B43838102E0838950
:107AF0008B438381704721B1828842F008028280E3
:107B000004E082884FF6F7731A408280704701893B
:107B10004FF6F8721140018170470A460021018931
:107B20004FF68F73194011430181704730B50446F9
:107B30000D4629462046FFF7F0FF208940F0070058
:107B4000208130BD2DE9F04104460D4616461F4602
:107B5000602D06D13B46012231462046FFF775FED7
:107B600005E03B46012231462046FFF7A4FE2946A8
:107B70002046FFF7D2FF208940F007002081BDE8B2
:107B8000F08130B50C4600210189C9B24FF6FF756E
:107B900005EA0325154325432943018130BD2DE91D
:107BA000F04105460E4617469846002443463A469D
:107BB00031462846FFF7E5FF2C894FF6F870044060
:107BC00044F007044FF68F70044044F070042C8199
:107BD000BDE8F081F0B504460D4616461F463B460B
:107BE000324629462046FFF7CCFF208940F48040EA
:107BF0002081F0BD82884FF68F731A408280828880
:107C00000A438280704702894FF6F8731A40028156
:107C100002890A430281704702894FF67F731A4036
:107C2000028102890A4302817047F0B50C4615466D
:107C30001E460021002200230189028B038C4FF68F
:107C4000F877394021434FF6FC473A4040F201179C
:107C50003A434FF6DD773B404FF6FF7707EA0617CA
:107C60002F433B43018102830384F0BD21B182880D
:107C700042F08002828004E082884FF67F731A40CF
:107C800082807047A0F850107047000000204149E2
:107C90000860091D0860091D0860091D08603E484C
:107CA0003C4914310860704700213A498279002A22
:107CB0003AD00A46126803689A430B461A600A1DB6
:107CC000126803689A430B1D1A60027911440A680E
:107CD00003681A430A602F4A0832126803689A43FD
:107CE0002C4B08331A601A1D126803689A43294BFB
:107CF0000C331A604279102A0ED11A1F12680368D9
:107D00001A43244B08331A601A1D126803681A4379
:107D1000204B0C331A600DE01E49427911440A6869
:107D200003681A430A6005E0027911440A6803688F
:107D30009A430A6070470021016001710C21417172
:107D40000021817170471349103109680143114ABC
:107D5000103211607047014600200E4A143212683A
:107D60000A400AB1012000E000207047094914319F
:107D70000860704701460020064A143212680A4023
:107D80000AB1012000E00020704702491431086068
:107D900070470000003C0140FFFF7F00704700007B
:107DA0000FB4044910B503AA029800F0C3F810BC40
:107DB0005DF814FB3C0000202DE9F0410E4604461E
:107DC000002020622046E168884730B3252805D08E
:107DD000D4E901219047206A401CF2E7E16820467F
:107DE00000278847050018D0A5F14100192802D8BE
:107DF00020354FF400673246294620462760F8F7C1
:107E0000FDF940B1012804D0F61D26F0070608361A
:107E1000D8E7361DD6E72846DAE7206ABDE8F081C4
:107E200070B504460D4621461068AFF300802188E6
:107E3000090502D50F4A7A4402E00E4A7A440E320E
:107E4000002104F1240305E000F00F060009965D0F
:107E50005E54491C0028F7D120780023000704D580
:107E6000702D02D009B1022311322046BDE87040C6
:107E700000F006B81E1C000070477047704770473E
:107E80002DE9F0470D4699469246044600F1240834
:107E90000168880604D5E06921F01001216000E046
:107EA0000120A84201DD471B00E00027A1697A19E3
:107EB00002EB0900081AA0612078C00602D420460F
:107EC000AFF30080002608E0D4E901211AF806008B
:107ED0009047206A401C761C20624E45F4DB2078D7
:107EE000C0060AD52046AFF3008006E0D4E90121A0
:107EF00030209047206A401C2062381EA7F10107FD
:107F0000F4DC07E0D4E9012118F805009047206A65
:107F1000401C2062281EA5F10105F3DC2046AFF3CA
:107F200000802078000602D50220BDE8F0870120FD
:107F3000FBE70000074B70B50D467B4400F011F8DD
:107F40000446284600F020F810B14FF0FF3070BD15
:107F5000204670BDA5DAFFFF01694A1C026108785E
:107F6000704700B58FB0CDE9013100210591054979
:107F70007944CDE9031011466846FFF71DFF0FB0A5
:107F800000BD0000E5FFFFFF007B00F080007047B0
:107F9000754600F02BF8AE4605006946534620F0C2
:107FA0000700854618B020B5FDF7CCFDBDE82040A0
:107FB0004FF000064FF000074FF000084FF0000BA5
:107FC00021F00701AC46ACE8C009ACE8C009ACE858
:107FD000C009ACE8C0098D46704710B50446AFF340
:107FE00000802046BDE81040F8F71CB900487047F3
:107FF0002C0100204FEA1153A3F58063D3F11E0337
:10800000A8BFD3F1200C08DB4FF0004242EAC122A6
:1080100052EA505232FA03F0704709420BD4102B47
:10802000C4BF0020704703F5787CBCF1FF3F05D04A
:108030004FF0FF3070474FF00000704770B500F010
:10804000C3F800BF4992248000207047F0E7B0FADF
:1080500080F310FA03F10AD0C3F11D0303F5806326
:108060004FEA41504FEA035202EBD12170474FF0E3
:1080700000007047DFF848C170B51CEA111E1EBF32
:108080001CEA13159EEA0C0F95EA0C0F00F06F80A6
:1080900081EA030423EA4C134EEAD47E21EA4C1110
:1080A00041F4801143F48013AE44A1FB024CA0FBC9
:1080B0000365AEF17F7E361955EB0C05A1FB034C31
:1080C0004CF10003A0FB021C16EB0C06654153F1BA
:1080D0000003094218BF46F0010613F4007F0BD1DC
:1080E0004FEA03314FEA0530340341EA155140EAC3
:1080F00016506FF003020AE04FEAC3214FEAC52091
:10810000F40241EA555140EA56506FF0020202EB88
:108110002E4201EB025585EACE710AD05FEA440C8B
:1081200018BF24F0004450F1000041F1000120EAA2
:10813000D47040F2FE7C624500D270BDA84214BFEC
:108140004FF080444FF04044002E08BF0024BEF1A1
:10815000806FA8BFA1F1C041BDE8704080F282806D
:108160004FF0000001F1C04101F0004170479EEA6C
:108170000C0F0CEA131518BF95EA0C0F06D04FF040
:10818000000081EA030E0EF0004170BD00F01CF803
:108190008900013E00F007B800F009B84FEA430C2F
:1081A0005FEA5C5C08D081EA030100F05BB84FEA4B
:1081B000410C5FEA5C5CF6D14FF00000014970476A
:1081C0000000FF070000F87F0EF1020E2EF0030EF4
:1081D0005EF8046B364205D4012A43EB030515F51E
:1081E000001F12D8012841EB010C1CF5001F0CD810
:1081F0000ED14FEAD17C15F5001F0CEB4C0C0CF1A5
:10820000020C08BF4CEBD37C04E04FF0080C01E0FB
:108210004FEAD37C0CEB4C0526FA05F606F0070670
:10822000B6F1040C06D20EEB860CBDE870404CF0A3
:10823000010C6047DFE80CF0090B02024FF000412F
:108240004FF00000A1F5002170BD1946104601282D
:1082500051EB010418BFD4F5001484BF002001F0D5
:10826000004170BD0808A0F500114FEA31017047C8
:108270004FF04070E1EE100A70470000000000006F
:10828000000000000000000000003F40000000006F
:1082900000000000300040003000400000000900F5
:1082A0000BC03D000BC03D00090018C024407FE01A
:1082B000224031800000180024C01B000D80324095
:1082C000018003801C4027401C80074000401000B4
:1082D000600000000000000000000000000000003E
:1082E0001F80204040200000402020401F800000D0
:1082F0000000090006001F800600090000000400BD
:1083000004003F8004000400000000100060000032
:108310000000000000000400040004000400040049
:1083200000000000004000000000000000000020ED
:1083300001C006003800400000001F80204020409F
:1083400020401F800000000010403FC0004000009F
:10835000000018C021402240244018400000108036
:108360002040244024401B80000002000D0011002A
:108370003FC0014000003C80244024402440238032
:1083800000001F802440244034400380000030005F
:10839000200027C03800200000001B80244024401B
:1083A00024401B8000001C0022C0224022401F806D
:1083B0000000000000000840000000000000000075
:1083C00000000460000000000000000004000A003B
:1083D000110020804040090009000900090009003F
:1083E000000000004040208011000A000400180036
:1083F000200023402400180000001F802040274058
:1084000029401F400000004007C039000F0001C094
:10841000004020403FC0244024401B8000001F80BB
:108420002040204020403080000020403FC02040BD
:1084300020401F80000020403FC024402E4030C01C
:10844000000020403FC024402E00300000000F00FC
:108450001080204022403380020020403FC00400B2
:1084600004003FC02040204020403FC0204020402A
:1084700000000060202020203FC02000200020407D
:108480003FC024400B0030C0204020403FC020406F
:108490000040004000C03FC03C0003C03C003FC063
:1084A000000020403FC00C4023003FC020001F8040
:1084B0002040204020401F80000020403FC024403A
:1084C0002400180000001F802140214020E01FA050
:1084D000000020403FC02440260019C0004018C0C2
:1084E00024402440224031800000300020403FC022
:1084F00020403000000020003F80004000403F80CE
:10850000200020003E0001C0070038002000380095
:1085100007C03C0007C038000000204039C00600FA
:1085200039C0204000002000384007C038402000FB
:108530000000304021C02640384020C0000000002C
:1085400000007FE0402040200000000070000C0090
:108550000380004000000000402040207FE0000039
:10856000000000002000400020000000000000107B
:10857000001000100010001000100000000040006B
:10858000000000000000000002800540054003C01C
:10859000004020003FC00440044003800000000071
:1085A00003800440044006400000000003800440B3
:1085B00024403FC0004000000380054005400340C8
:1085C0000000000004401FC02440244020000000A0
:1085D00002E0055005500650042020403FC00440F2
:1085E000040003C000400000044027C00040000019
:1085F000000000100010041027E0000000002040E0
:108600003FC00140070004C00440204020403FC05C
:1086100000400040000007C0040007C0040003C081
:108620000000044007C00440040003C000400000F4
:1086300003800440044003800000041007F004504D
:10864000044003800000000003800440045007F051
:108650000010044007C002400400040000000000B5
:1086600006400540054004C00000000004001F80D3
:10867000044000400000040007800040044007C0A0
:1086800000400400070004C001800600040006004A
:1086900001C0070001C006000000044006C0010040
:1086A00006C0044000000410071004E0018006002A
:1086B00004000000044005C0064004400000000023
:1086C000000004007BE040200000000000000000EB
:1086D000FFF000000000000040207BE004000000EC
:1086E000000040008000400020002000400000000A
:1086F000000000000000000000000000000000007A
:10870000000000001FCC000C000000000000000072
:108710000800300060000800300060000000022007
:1087200003FC1E20022003FC1E200220000000008B
:108730000E1811043FFF10840C78000000000F0099
:1087400010840F3800C00778188400780000007883
:108750000F8410C411240E9800E40084000808005F
:108760006800700000000000000000000000000031
:108770000000000007E0181820044002000000007C
:1087800040022004181807E000000000000002402A
:10879000024001800FF00180024002400000008092
:1087A000008000800FF80080008000800000000141
:1087B000000D000E0000000000000000000000009E
:1087C0000080008000800080008000800080000029
:1087D000000C000C00000000000000000000000081
:1087E000000600180060018006001800200000004C
:1087F00007F0080810041004080807F00000000043
:10880000080408041FFC000400040000000000002D
:108810000E0C10141024104411840E0C00000000E3
:108820000C1810041104110412880C7000000000D0
:1088300000E00320042408241FFC002400000000A2
:108840001F9810841104110410881070000000009B
:1088500007F0088811041104188800700000000057
:108860001C00100010FC13001C0010000000000091
:108870000E3811441084108411440E38000000009A
:108880000700088C10441044088807F0000000001E
:1088900000000000030C030C0000000000000000BA
:1088A00000000001010600000000000000000000C0
:1088B000008001400220041008081004000002207B
:1088C00002200220022002200220022000000000DC
:1088D000100408080410022001400080000000007D
:1088E0000E001200100C106C10800F00000003E04E
:1088F0000C1813E4142417C4082807D0000000043F
:10890000003C03C41C40074000E4001C00041004A9
:108910001FFC1104110411040E880070000003E014
:108920000C1810041004100410081C10000010048F
:108930001FFC100410041004080807F000001004C5
:108940001FFC1104110417C41004081800001004BF
:108950001FFC1104110017C010000800000003E004
:108960000C181004100410441C780040000010047F
:108970001FFC10840080008010841FFC1004000085
:10898000100410041FFC1004100400000000000379
:108990000001100110011FFE100010000000100463
:1089A0001FFC110403801464181C10040000100440
:1089B0001FFC1004000400040004000C000010045C
:1089C0001FFC1F0000FC1F001FFC1004000010040F
:1089D0001FFC0C04030000E010181FFC100007F03F
:1089E0000808100410041004080807F00000100420
:1089F0001FFC10841080108010800F00000007F012
:108A0000081810241024101C080A07F20000100493
:108A10001FFC1104110011C011300E0C00040000E5
:108A20000E1C11041084108410441C38000018001F
:108A3000100010041FFC10041000180000001000AB
:108A40001FF810040004000410041FF810001000A8
:108A50001E0011E0001C007013801C0010001FC0DD
:108A6000103C00E01F0000E0103C1FC0000010049C
:108A7000180C163401C001C01634180C1004100074
:108A80001C00130400FC13041C0010000000080468
:108A9000101C1064108413041C0410180000000043
:108AA000000000007FFE4002400240020000000083
:108AB00030000C0003800060001C00030000000078
:108AC0004002400240027FFE000000000000000063
:108AD0000000200040004000400020000000000195
:108AE000000100010001000100010001000100007F
:108AF00040004000200000000000000000000000D6
:108B00000098012401440144014400FC00041000C9
:108B10001FFC0088010401040088007000000000B0
:108B200000700088010401040104008800000000B6
:108B3000007000880104010411081FFC00040000FB
:108B400000F8014401440144014400C80000000051
:108B5000010401040FFC11041104110018000000AD
:108B600000D601290129012901C9010600001004CC
:108B70001FFC008401000100010400FC000400004F
:108B80000104190419FC00040004000000000000A6
:108B9000000300010101190119FE0000000010048A
:108BA0001FFC0024004001B4010C0104000000007F
:108BB000100410041FFC0004000400000000010465
:108BC00001FC0104010001FC0104010000FC01049E
:108BD00001FC008401000100010400FC000400000D
:108BE00000F8010401040104010400F8000001017F
:108BF00001FF0085010401040088007000000000EE
:108C00000070008801040104010501FF0001010456
:108C1000010401FC00840104010001800000000047
:108C200000CC01240124012401240198000000004B
:108C30000100010007F80104010400000000010028
:108C400001F8000400040004010801FC0004010014
:108C500001800170000C001001600180010001F032
:108C6000010C003001C00030010C01F001000000D7
:108C70000104018C00740170018C010400000101E9
:108C800001810171000E00180160018001000000E7
:108C90000184010C013401440184010C0000000036
:108CA00000000000000001003EFC40024002000005
:108CB000000000000000FFFF0000000000000000B6
:108CC000400240023EFC01000000000000000000E5
:108CD0006000800080004000400020002000000074
:108CE0000000000000000000000000000000000084
:108CF0000000000000000000000000000000000074
:108D00000000000000000000000000000000000063
:108D1000000F80380FFE380F803800000000000080
:108D2000000000000000000000000000010000063C
:108D300000000C00003800003100000600000C00AC
:108D400000380000300000000000000000006180DA
:108D50000067F807F9800061800061800061800091
:108D600061800067F807F980006180000000000062
:108D70000000000001C0E003E0F00630080418081D
:108D80001FFFFE040E080787F00381E000000000CB
:108D9000000001F000060C00040408060C7001F944
:108DA000C0000E00003BE000EC18070808040C1897
:108DB0000003E00000000001E00007F003F81804E1
:108DC0001C0804170807E1D003C0E00023B0003CF2
:108DD0000800200800001000000000000001000052
:108DE0003100003200001C00000000000000000004
:108DF0000000000000000000000000000000000073
:108E000000000000000000000000000000007F00E3
:108E100001FFC00780F00C001810000420000200C1
:108E200000000000002000021000040C0018078061
:108E3000F001FFC0007F0000000000000000000003
:108E4000000000000000000000004200006600007A
:108E50006600003C0000180003FFC0001800003C42
:108E600000006600006600004200000000000800EC
:108E700000080000080000080000080001FFC00012
:108E800008000008000008000008000008000000BA
:108E90000000000100003100003200001C00000052
:108EA00000000000000000000000000000000000C2
:108EB0000000000000000800000800000800000892
:108EC000000008000008000008000008000008007A
:108ED0000008000000000000000000000000380052
:108EE0000038000038000000000000000000000012
:108EF000000000000000000000000000000000066C
:108F000000001C000070000180000E00003800000E
:108F1000C0000700001C000030000000000000003E
:108F200000007F8001FFE003807006001804000845
:108F300004000806001803807001FFE0007F800035
:108F4000000000000000000001000801000801000E
:108F50000803FFF807FFF8000008000008000008F9
:108F600000000000000000000001C03802C05804EA
:108F70000098040118040218040418061C1803F8C9
:108F80001801E0F800000000000000000001C0E04F
:108F900003C0F004000804080804080806180803C1
:108FA000F41801E7F00001E00000000000000000FC
:108FB00000000300000D00001100006100008108A6
:108FC00003010807FFF80FFFF8000108000108007F
:108FD00000000000000000E007FCD00608080610B2
:108FE00008061008061008061838060FF00607C015
:108FF000000000000000000000003F8001FFE003CF
:109000008430020818041008041008041008071817
:1090100010030FF00007C000000000000000000077
:1090200003C0000700000600000600F80607F80667
:10903000180006E000070000060000000000000025
:109040000001E1E003F7F0063410041808041808E2
:10905000040C08040C0806161803F3F001C1E00024
:10906000000000000000F80003FC30030638040292
:10907000080402080402080404100308F001FFC0F9
:10908000007F000000000000000000000000000061
:1090900000000000000070380070380070380000D8
:1090A00000000000000000000000000000000000C0
:1090B00000000000000000000000301A00301C001A
:1090C00000000000000000000000000000000000A0
:1090D0000000000000080000140000220000410011
:1090E00000808001004002002004001008000800F9
:1090F00000000000000021000021000021000021EC
:1091000000002100002100002100002100002100BA
:10911000002100000000000000000000080008041A
:109120000010020020010040008080004100002269
:109130000000140000080000000000000003C00050
:1091400004C000040000080038080F380808380878
:1091500010000C300007E00003C000000000000019
:1091600000003F8000FFE0038070020F100670884F
:1091700004C088048308047F8802C0900301200093
:10918000FE400000080000180001F8003E0801C27F
:109190000007020007E20000FE00001FC80001F8FF
:1091A00000003800000804000807FFF807FFF80473
:1091B000080804080804080804080806180803F446
:1091C0001801E7F00001E0000000000000003F800F
:1091D00001FFE00380700200180400080400080486
:1091E00000080400100600200780C00000000400F2
:1091F0000807FFF807FFF804000804000804000847
:1092000004001802001003807001FFE0007F80005E
:10921000000004000807FFF807FFF8040808040826
:1092200008040808040808043E080400080600189A
:1092300001006000000004000807FFF807FFF804C1
:109240000808040800040800040800043E000600A2
:1092500000060000018000000000000000003F80C8
:1092600001FFE003807006001804000804020804EF
:1092700002080203F00783F000020000020004006D
:109280000807FFF807FFF8040808000800000800B6
:1092900000080000080004080807FFF807FFF804AA
:1092A000000800000000000004000804000804009A
:1092B0000807FFF807FFF804000804000804000886
:1092C0000000000000000000000000060000070091
:1092D000000104000104000104000307FFFE07FF72
:1092E000FC04000004000004000004000807FFF86C
:1092F00007FFF8040C08001800003E0004C78005B2
:1093000003C80600F8040038040018000008040030
:109310000807FFF807FFF80400080000080000082D
:1093200000000800000800000800001800006000AD
:10933000000004000807FFF807800807FC00007F12
:10934000C00003F80007C000780007800807FFF896
:1093500007FFF804000804000807FFF807000803E7
:10936000C00000E000003800001E000007000001FF
:10937000C00400F007FFF8040000000000007F8038
:1093800001FFE003807006001804000804000806CE
:10939000001803003001FFE0007F8000000004009F
:1093A0000807FFF807FFF804040804040004040099
:1093B000040400040400060C0003F80001F000009F
:1093C0000000000000007F8001FFE00380700600C5
:1093D000880400880400C806003C03003E01FFE644
:1093E000007F8400000004000807FFF807FFF8046E
:1093F0000808040800040C00040F00040BC0061049
:10940000F003F03801E00800000800000001E0F877
:1094100003F030063010041808041808040C08047F
:109420000C080206180207F00781E0000000018026
:109430000006000004000004000004000807FFF814
:1094400007FFF80400080400000400000600000103
:10945000800004000007FFE007FFF0040018000090
:1094600008000008000008000008000008040010C0
:1094700007FFE004000004000006000007E000070A
:10948000FE00041FE00001F80000380001E0043E87
:109490000007C00006000004000004000007E00010
:1094A00007FFC0041FF80007C007F80007FF80048B
:1094B0003FF80007C004F8000700000400000000A7
:1094C0000004000806001807C07805F1C8003E0037
:1094D000001F800463E80780F806001804000800F5
:1094E000000004000006000007800007E008047C7C
:1094F00008001FF80007F800180804E0080700003B
:109500000600000400000000000100080600380406
:1095100000F80403E8040F08047C0805F00807C0FD
:1095200008070018040060000000000000000000B0
:109530000000000000000000003FFFFE20000220AD
:1095400000022000022000022000020000000000B3
:109550000000000008000007000000C00000380004
:109560000006000001C000003000000E00000100F5
:109570000000000000000000200002200002200087
:10958000022000022000023FFFFE00000000000059
:1095900000000000000000000000000000000008C3
:1095A000000010000030000020000030000010001B
:1095B00000080000000000000000000001000001A1
:1095C0000000010000010000010000010000010096
:1095D0000001000001000001000001000001000086
:1095E000000000000000002000002000001000002B
:1095F000100000000000000000000000000000005B
:1096000000000000000000F00019F8001B18002204
:1096100008002608002408002410003FF8001FF866
:1096200000000800001800000004000007FFF80F09
:10963000FFF0001818001008002008002008003073
:1096400018001FF0000FC00000000000000007C05D
:10965000001FF0001830002008002008002008003B
:109660003C08001C1000006000000000000000002A
:10967000000007C0001FF000381800200800200874
:1096800000200804101007FFF80FFFF00000100082
:1096900000000000000000000007C0001FF00012E2
:1096A00030002218002208002208003208001E1094
:1096B000000E200000000000000020000020080034
:1096C000200801FFF803FFF8062008042008042002
:1096D0000807200003000000000000000000000E4A
:1096E000000E6E001FF30031B10020B10020B10068
:1096F0003191001F13002E1E00200E0030000000CC
:109700000004000807FFF80FFFF800100800200011
:10971000002000002008003FF8001FF800000800AB
:1097200000000000000000000020080020080020C9
:1097300008063FF8063FF80000080000080000088F
:109740000000000000000000000000000000030016
:109750000003002001002001002003063FFE063F19
:10976000FC000000000000000000000000040008F1
:1097700007FFF80FFFF8000188000300002FC0006A
:1097800038F8002038002008000008000000000021
:109790000000000004000804000804000807FFF8A7
:1097A0000FFFF8000008000008000008000000009B
:1097B0000000002008003FF8003FF80010080020DB
:1097C00000003FF8003FF8001008002000003FF8BC
:1097D000003FF8000008000000002008003FF800EB
:1097E0003FF8001008001000002000002008003F93
:1097F000F8001FF80000080000000000000007C08B
:10980000000FF00018300030080020080020080089
:109810003008001830000FF00007C0000000000002
:1098200000002001003FFF003FFF00101100200951
:10983000002008002008003038001FF0000FC00092
:1098400000000000000007C0001FF00038180020D2
:1098500008002008002009001011001FFF003FFF32
:10986000000001000000002008002008002008007F
:109870003FF8003FF800080800100800200800200A
:109880000000300000300000000000000000000078
:10989000000C78001E18003308002308002108007F
:1098A00021880021980030F000386000000000009E
:1098B0000000200000200000200000FFF003FFF85F
:1098C00000200800200800200800003000000000F0
:1098D0000000000000002000003FF0007FF80000C2
:1098E00018000008000008002010003FF8007FF07A
:1098F0000000100000000000000020000030000008
:109900003C00003F800023F000007800007000233E
:1099100080003C00003000002000002000003C00DF
:10992000003FE00023F80000E0002700003E0000B8
:109930003FE00021F80001E0003E000020000000B0
:1099400000002008002008003838003E680027800A
:109950000003C8002CF80038380020180020080048
:109960000000000000002000003003003C01003F28
:10997000830023EC000070002380003C00002000E6
:109980000020000000000000000000000038080077
:1099900020380020F80023E8002F88003E08003817
:1099A0000800201800007000000000000000000007
:1099B0000000000000000000000008000014001F6C
:1099C000F7FC30000620000200000000000000004C
:1099D0000000000000000000000000000000000087
:1099E000FFFFFF000000000000000000000000007A
:1099F00000000000000000002000023000061FF7F9
:109A0000FC0014000008000000000000000000003E
:109A1000000000000000000000180000600000408E
:109A200000004000002000001000000800000400BA
:109A3000000400000C000010000000000F000000F7
:109A40000F000000FF0000000F0000000F000000EA
:109A50000F0000000000000030313233343536375B
:109A60003839414243444546403058003031323362
:109A70003435363738396162636465664030780062
:109A8000A09A00080000002054000000C401000853
:109A9000F49A0008540000203C070000E001000890
:109AA0000C000000000000000000000000000000AA
:109AB000100000010205070002070000007A030AF7
:109AC000000000000000000001020304060708096E
:109AD0000000FFFF01000000000000000000000087
:109AE0000000000000000102030401020304060755
:049AF0000809000061
:040000050800018965
:00000001FF
