:020000040800F2
:100000009057012041820008690300086B03000833
:100010006F03000873030008770300080000000066
:100020000000000000000000000000007B0300084A
:100030007D030008000000007F0300088103000822
:100040005B8200085B8200085B8200085B8200081C
:100050005B8200085B8200085B8200085B8200080C
:100060005B82000811030008F10200085B820008AF
:100070005B8200085B8200085B8200085B820008EC
:100080005B8200085B8200085B8200085B820008DC
:100090005B8200085B8200085B8200085B820008CC
:1000A0005B8200085B8200085B8200085B820008BC
:1000B0005B8200085B82000829AB00085B820008B5
:1000C0005B8200085B8200085B8200085B8200089C
:1000D0005B820008B58100085B8200085B82000833
:1000E0005B8200085B8200085B8200085B8200087C
:1000F0005B8200085B8200085B8200085B8200086C
:100100005B8200085B8200085B8200085B8200085B
:100110005B8200085B8200085B8200085B8200084B
:100120005B8200085B8200085B8200085B8200083B
:100130005B8200085B8200085B8200085B8200082B
:100140005B8200085B8200085B8200085B8200081B
:100150005B8200085B8200085B8200085B8200080B
:100160005B8200085B8200085B8200085B820008FB
:100170005B8200085B8200085B8200085B820008EB
:100180005B8200085B82000800F002F800F071F862
:100190000AA090E8000C82448344AAF10107DA45E2
:1001A00001D100F066F8AFF2090EBAE80F0013F0C3
:1001B000010F18BFFB1A43F00103184728F600008F
:1001C00048F600000A444FF0000C10F8013B13F011
:1001D000070408BF10F8014B1D1108BF10F8015BA0
:1001E000641E05D010F8016B641E01F8016BF9D193
:1001F00013F0080F1EBF10F8014BAD1C0C1B09D1EA
:100200006D1E58BF01F801CBFAD505E014F8016B5B
:1002100001F8016B6D1EF9D59142D6D370470000ED
:100220000023002400250026103A28BF78C1FBD8FF
:10023000520728BF30C148BF0B60704764290BF0DC
:100240009B8275290BF0988278290BF0D182632963
:100250000BF0C28473290BF0C784002070471FB5D0
:100260000DF077FB9DE803000BF012FC1FBD10B5ED
:1002700010BD0BF014FD1146FFF7F1FF00F008F878
:100280000BF032FD03B4FFF7F2FF03BC07F030FFC1
:1002900010B54FF4A06007F0F3FFA82007F0A6FE0A
:1002A0004FF4E13007F034FF284841685420884774
:1002B00000F054FE01F032FD05F0A2FC07F026FE2E
:1002C0002349086880474FF478402249088000F0AD
:1002D00061F900F0DEF907E004211F4808F028F971
:1002E00010B900F090F900E0F6E700BF002010BD63
:1002F00010B50A2007F0DCFE1021174808F018F9A5
:1003000010B900201549087010200AF0CAF810BD75
:1003100010B50A2007F0CCFE08210F4808F008F9B4
:1003200080B90F48007880F001000D490870084638
:100330000078012803D100200A49086002E001206A
:100340000849086008200AF0ACF810BD54010020EC
:10035000240000201A000020001002401900002094
:1003600018000020A4824242704700BFFEE700BF91
:10037000FEE700BFFEE700BFFEE77047704770472B
:10038000704700000CB5002001900090764800688E
:1003900040F480307449086000BF7348006800F47E
:1003A000003000900198401C0190009818B9019805
:1003B000B0F5A04FF1D16C48006800F4003010B1E6
:1003C0000120009001E0002000900098012846D113
:1003D00065484030006840F0805063494031086013
:1003E0006248006840F44040604908605E48083058
:1003F00000685D49083108600846006840F4004024
:1004000008600846006840F4A05008605848091F7A
:100410000860081F006840F08070091F086000BF76
:100420005148006800F000700028F9D040F20570D3
:10043000504908604C480830006820F003004A49E1
:10044000083108600846006840F00200086000BFFC
:1004500045480830006800F00C000828F8D10CBDB1
:1004600010B54548006840F47000434908603E48B4
:10047000006840F001003C49086000203A4908311A
:100480000860394800683D490840374908603C48E1
:10049000091D0860081F006820F48020091F0860FB
:1004A000002031490C310860FFF76CFF4FF000600D
:1004B00031498039086010BD70B500200022022348
:1004C00000240221284D08352D6805F00C0020B1CC
:1004D000042806D0082834D107E02A4D2A4E35607A
:1004E00033E02A4D284E35602FE01F4D2D1D2D681D
:1004F000C5F380541C4D2D1D2D6805F03F0154B1EE
:10050000224DB5FBF1F5184E361D3668C6F3881638
:1005100005FB06F209E01B4DB5FBF1F5124E361D49
:100520003668C6F3881605FB06F20F4D2D1D2D68A3
:10053000C5F301456D1C6B00B2FBF3F5124E35603F
:1005400003E0104D104E356000BF00BF064D08356A
:100550002D68C5F303150E4E705D0B4D2D68C5401B
:10056000094E356070BD0000003802400070004048
:1005700008544007003C024088ED00E0FFFFF6FE13
:10058000103000240024F4000000002000127A0043
:100590000400002070B5FE49498888000BF039F846
:1005A000FC490860002409E0F94908880BF031F89B
:1005B000F849096841F82400601C84B2F448408876
:1005C000A042F1DC00240FE0002507E00020F14903
:1005D000096851F824104855681C85B2EC48008819
:1005E000A842F3DC601C84B2E9484088A042EBDCFE
:1005F000E7480088E7498880E5484088088100206E
:10060000C880488170BD10B5002407E0E149096841
:1006100051F824000BF02CF8601C84B2DC484088B0
:10062000A042F3DCDB4908680BF022F810BD30B5BE
:1006300002460B46D648008803FB0021B1F5803FF7
:1006400009DD0846CC1701EB14442414A1EB044443
:100650004FF6FF75291B88B230BD70B5002413E03A
:1006600000250BE021462846FFF7E1FFCA49088034
:100670002146284601F035F8681C85B2C448008838
:10068000A842EFDC601C84B2C1484088A042E7DC8D
:1006900070BD70B5C148008801F00EFB002423E056
:1006A00000251BE0BB48006850F82400405D01288D
:1006B00012D1BB480078012806D121462846FFF711
:1006C000B6FFB549088003E0B6480088B249088003
:1006D0002146284601F005F8681C85B2AC48008820
:1006E000A842DFDC601C84B2A9484088A042D7DC65
:1006F00070BD024610B200280CDBA548008813B27A
:10070000984207DD08B2002804DBA14840880BB2FC
:10071000984201DC002070470120FCE770B50546D7
:10072000FFF79BFF16E0A0484168002088479E48DD
:1007300090F8200000F0800060B19B4AD18A908937
:10074000FFF7D7FF30B1984AD18A9089FFF76FFF42
:10075000044600E0E7E700BF012D02D18F48048086
:1007600002E00DB98F480480FFF793FF70BD70B5AC
:1007700000240FE0002507E000208649096851F8B1
:1007800024104855681C85B281480088A842F3DCD3
:10079000601C84B27E484088A042EBDC7C48008824
:1007A0007C4988807A48408808810020C880488138
:1007B0007A48008801F080FA70BD10B5FFF769FF34
:1007C0002FE07948416800208847774890F820005A
:1007D00000F0800028B3744AD18A9089FFF789FF1E
:1007E000F8B101206B4909686F4AD28A51F822108A
:1007F0006D4A928988546A480078012807D16A4A6C
:10080000D18A9089FFF713FF6349088003E06548A8
:10081000008861490880644AD18A908900F061FFAC
:1008200000E0CEE700BF10BD2DE9FF5F06460F4692
:10083000904600240398C5B20398C0B20321A1EBEF
:10084000400B13E138191FFA80F9A8EB05001FFAD5
:1008500080FA53480078012806D151464846FFF7F0
:10086000E6FE4D49088003E04E4800884A4908806A
:100870005146484600F035FF012056F82A1001F88D
:10088000090078191FFA80F9A8EB04001FFA80FA12
:1008900043480078012806D151464846FFF7C7FE75
:1008A0003D49088003E03F4800883B4908805146A5
:1008B000484600F016FF012056F82A1001F80900FA
:1008C00078191FFA80F908EB04001FFA80FA3448FF
:1008D0000078012806D151464846FFF7A8FE2E4968
:1008E000088003E02F4800882B490880514648467D
:1008F00000F0F7FE012056F82A1001F80900381917
:100900001FFA80F908EB05001FFA80FA24480078E6
:10091000012806D151464846FFF789FE1E49088046
:1009200003E0204800881C4908805146484600F0F2
:10093000D8FE012056F82A1001F80900381B1FFACA
:1009400080F908EB05001FFA80FA154800780128A5
:1009500006D151464846FFF76AFE0F49088003E07A
:10096000104800880C4908805146484600F0B9FEFE
:10097000012056F82A1001F80900781B1FFA80F9A7
:1009800008EB04001FFA80FA0548007801280DE002
:1009900058020020480200201A0000201400002005
:1009A00018000020160000202400002006D1514627
:1009B0004846FFF73CFEFE49088003E0FD480088FA
:1009C000FB4908805146484600F08BFE012056F84E
:1009D0002A1001F80900381B1FFA80F9A8EB05005E
:1009E0001FFA80FAF4480078012806D1514648469B
:1009F000FFF71DFEEE49088003E0EE480088EC4951
:100A000008805146484600F06CFE012056F82A1036
:100A100001F80900781B1FFA80F9A8EB04001FFAFF
:100A200080FAE5480078012806D151464846FFF78C
:100A3000FEFDDF49088003E0DE480088DC490880CD
:100A40005146484600F04DFE012056F82A1001F8A4
:100A50000900641CBBF1000F03DAA000801D834471
:100A600004E0601B80000A3083446D1EAC427FF7B7
:100A7000E9AEBDE8FF9F2DE9F04F2DED0A8B85B063
:100A800010200390FFF705FE2CE0CC4841680020C1
:100A90008847CA4890F8200000F0800010B3C74A89
:100AA000D18A9089FFF725FEE0B1C448808905B25C
:100AB000C248C08A06B201210398CDE90001B1B253
:100AC000A8B201231A4604F0FAFF00BFBB484168F0
:100AD00000208847B94890F8200000F080000028E6
:100AE000F4D100E0D1E700BF30E0B4484168002015
:100AF0008847B24890F8200000F0800030B3AF4A39
:100B0000D18A9089FFF7F5FD00B3AC4880890FFAD0
:100B100080FBAA48C08A02B2049201210398CDE961
:100B20000001049A91B21FFA8BF00123022204F013
:100B3000C6FF00BFA1484168002088479F4890F841
:100B4000200000F080000028F4D100E0CDE700BFD5
:100B50000499881B0CF02FFB41EC1C0B9FED981B9C
:100B6000B0EE4C0AF0EE6C0A0BF026F9B0EE409AAB
:100B7000F0EE609AABEB05000CF01DFB41EC1C0B9A
:100B80009FED8F1BB0EE4C0AF0EE6C0A0BF014F9DF
:100B9000B0EE40AAF0EE60AA53EC192B51EC1A0B00
:100BA0000CF098F841EC1B0BB0EE4B0AF0EE6B0A20
:100BB0000BF02AFFB0EE408AF0EE608A51EC180B81
:100BC0000CF09CFA04B280480088401E401B0FFACB
:100BD00080F92F467C484088401E801B0FFA80FA1F
:100BE000B0464C4500DD4C46BC4200DD3C46544519
:100BF00000DD5446444500DD4446002C06DD7349C3
:100C00002346324608682946FFF70EFEFFF741FDEE
:100C100005B0BDEC0A8BBDE8F08F10B501206C4922
:100C20000870FFF736FD2EE06448416800208847D1
:100C3000624890F8200000F0800020B35F4AD18A1B
:100C40009089FFF756FDF0B10121604800685B4ACA
:100C5000D28A50F82200594A928981545648007825
:100C6000012807D1554AD18A9089FFF7E0FC504905
:100C7000088003E04F4800884D4908804F4AD18AD8
:100C8000908900F02EFD524800780128CCD010BD8C
:100C900002468A4201DA104670470846FCE70246DF
:100CA0008A4201DD104670470846FCE701460029EC
:100CB00002DA484200B270470846FCE710B500234C
:100CC00029E0002421E04148006850F82300005D3D
:100CD000012818D13D4988882146FFF7D9FF3B49B3
:100CE0008880C8882146FFF7DAFF3849C88008891C
:100CF0001946FFF7CDFF3549088148891946FFF7A6
:100D0000CEFF32494881601C84B22F480088A0423F
:100D1000D9DC581C83B22C4840889842D1DC2B493E
:100D200089882A4AD288881800EBD071C1F34F0114
:100D3000264A9181114609895289881800EBD071A1
:100D4000C1F34F01214AD18110BD2DE9F04F85B08B
:100D5000804600BF15E019484168002088471748C1
:100D600090F8200000F0800058B1144AD18A908990
:100D7000FFF7BFFC28B11148B0F80C90B0F816A0EE
:100D800000E0E8E700BFFFF799FF10488089A9EB72
:100D9000000004B20D48C089AAEB000005B2002C87
:100DA0001CDA0A48808800B22044002816DA11E0D4
:100DB0001A00002016000020180000202400002047
:100DC00000000000000000405802002048020020FF
:100DD000190000205E488088404204B2002C0EDDDD
:100DE0005B48C08800B220445A490988884206DB23
:100DF00058480088401E5649C988401A04B2002D40
:100E000009DA5348008900B22844002803DA504820
:100E10000089404205B2002D0EDD4D48408900B2E8
:100E200028444C494988884206DB4A484088401E8D
:100E300047494989401A05B2002D09DD45484088D7
:100E4000401E0FFA80FB4FF0FF300490039007E044
:100E50004FF0000B3F48408800B2049001200390FF
:100E6000002C09DD3B480088401E00B202904FF084
:100E7000FF300190009007E0002002903548008884
:100E800000B20190012000905E4620E0029F18E031
:100E90002F48006850F82600C05D01280ED12C496B
:100EA0000968721951F822103A19885405B92CB101
:100EB00000202749096851F82610C8550098384481
:100EC00007B201988742E3D10398304406B20498F0
:100ED0008642DBD11E48808820441D498880084610
:100EE000C0882044C88008460089284408810846F4
:100EF00040892844488108468089204488810846E2
:100F0000C0892844C881FFF7C4FBB8F1000F0CD199
:100F100000BF11484168002088470F4890F8200022
:100F200000F080000028F4D103E00B484168002065
:100F30008847B8F1010F07D1074890F8200000F06A
:100F4000800000287FF406AF05B0BDE8F08F0000F8
:100F50004802002058020020240000201CB5012176
:100F6000202008F005F84FF4C060009001208DF8B3
:100F7000040000208DF8060003208DF805000120F4
:100F80008DF807006946044807F070FA4FF4C06115
:100F9000014807F0E7FA1CBD0014024001B5BDF896
:100FA00000000090BDF80000F849088008BD01B5B8
:100FB000BDF800000090BDF80000F449891C0880CD
:100FC00008BD08B5F148801C00880090BDF80000FD
:100FD00008BDEE4A10804FF0D842A2F8801070474A
:100FE00010B504462046FFF7D9FF052007F018F892
:100FF000FFF7E7FF10BDE6480089E4490880704725
:10100000E249891C0880704730B5014601F01F0491
:10101000C1F34513CA0AE50205EB43151544A8B20E
:1010200030BD00BF011EA0F10102D0B2FAD170475D
:1010300030B504460D46D648808849F24131884291
:1010400005D0D348808845F21031884214D1D04968
:101050004889FFF7A3FF2012FFF7A9FFE0B2FFF7CF
:10106000A6FFCB498889FFF799FF2812FFF79FFF5A
:10107000E8B2FFF79CFFABE0C548808846F6040164
:1010800088421DD1C2488079012804D1C048008817
:10109000401E001B84B2BE494889FFF77FFF201223
:1010A000FFF785FFE0B2FFF782FFB9498889FFF7B4
:1010B00075FF2812FFF77BFFE8B2FFF778FF87E0A4
:1010C000B348808841F66311884247D1B04880799F
:1010D000A8B9AF480088401E001B84B2AC494889BB
:1010E000FFF75CFF0020FFF762FF0020FFF75FFFC4
:1010F0002012FFF75CFFE0B2FFF759FF16E0A449AA
:101100004889FFF74BFF2012FFF751FFE0B2FFF7CE
:101110004EFF9F490988491EC1F30F20FFF747FF83
:101120009B490978491EC8B2FFF741FF9849888951
:10113000FFF734FF2812FFF73AFFE8B2FFF737FF57
:1011400093494988491EC1F30F20FFF730FF9049AA
:101150008978491EC8B2FFF72AFF39E08C48808899
:1011600045F21051884220D189494889FFF716FF7E
:101170002012FFF71CFF86494989491C88B2FFF7F6
:101180000DFFE0B2FFF713FF81498889FFF706FFE3
:101190002812FFF70CFF7E498989491C88B2FFF7A6
:1011A000FDFEE8B2FFF703FF12E0794880790128DD
:1011B00004D177480088401E001B84B274494889D6
:1011C0002146FFF706FF724988892946FFF701FF8C
:1011D00030BD2DE9F04105460E4600240027A0460B
:1011E0006B480088A84203DD69484088B04202DCB1
:1011F0000020BDE8F08131462846FFF719FF64481A
:10120000808849F24131884211D06148808846F691
:10121000040188420BD05E48808845F21031884234
:1012200005D05B48808841F66311884203D12E20A7
:10123000FFF7B4FE0DE05648808845F21051884211
:1012400004D14FF43850FFF7A9FE02E02220FFF747
:10125000A5FE4F48808849F22031884202D1022001
:10126000FFF7DFFEFFF7ADFE04464948808841F6F0
:101270006311884201D12046BBE70220FFF7D1FE6F
:10128000FFF79FFE04464248808849F24131884278
:101290000BD03F48808845F21031884205D03C4849
:1012A000808845F2105188420AD10220FFF7B9FE2A
:1012B000FFF787FE8046E7B24FF6FF7000EA072788
:1012C0003348808849F22531884216D030488088DA
:1012D00044F23551884210D02D488088091F884239
:1012E0000BD02B4880884BF20551884205D0284806
:1012F00080884CF20551884201D1204679E7244884
:10130000808849F2413188420BD02148808845F2DB
:101310001031884205D01E48808845F2105188421D
:1013200007D1E012C002B91240EA411040EAE820B9
:101330005FE72046FFF768FE5BE700B5144880884A
:1013400049F24131884211D01148808846F60401A3
:1013500088420BD00E48808845F21031884205D073
:101360000B48808841F66311884203D12920FFF79A
:1013700015FE14E00648808845F21051884209D1D4
:101380004FF42450FFF70AFE09E000007E00006CD5
:101390005802002040F273110720FFF71AFE00BD2B
:1013A00000B5FD48808849F24131884211D0FA48A1
:1013B000808846F6040188420BD0F748808845F2C1
:1013C0001031884205D0F448808841F66311884284
:1013D00003D12820FFF7E2FD0EE0EF48808845F2B8
:1013E0001051884204D14FF42050FFF7D7FD03E09D
:1013F00000210720FFF7EDFD00BDF0B505460024F4
:101400000027E548807901280BD1E348808846F61B
:101410000401884205D0E048808841F66311884283
:1014200008D1DD488079F0B9DB48808841F6631146
:10143000884218D1082D15D2DFE805F00406080A05
:101440000C0E101206250DE007250BE0042509E01F
:10145000052507E0012505E0002503E0032501E05F
:10146000022500BF00BFCC48808849F24131884244
:1014700017D0C948808846F60401884211D0C64872
:10148000808845F2103188420BD0C348808845F2ED
:101490001051884205D0C048808841F663118842C7
:1014A0007ED1082D1CD2DFE805F00406090C0F12CE
:1014B000151800BF14E044F0800411E044F040042B
:1014C0000EE044F0C0040BE044F0200408E044F0D7
:1014D000600405E044F0A00402E044F0E00400BF32
:1014E00000BFAD48808845F21051884202D14FF4C8
:1014F000585700E03627A848808845F210318842C6
:101500000DD0A548808845F21051884207D0A248E6
:10151000808841F66311884201D044F008049E4857
:10152000808846F60401884201D144F00204214635
:101530003846FFF74EFD9848808841F6631188428F
:101540001DD004F0200068B1934800889249498872
:10155000884214DA9048068840888F4908800846F7
:1015600046800CE08C4800888B494988884206DD1B
:101570008948068840888849088008464680864809
:10158000808845F21051884254D183494889FFF739
:1015900005FD0020FFF70BFD7F494989491C00E04C
:1015A00077E088B2FFF7FAFC0020FFF700FD7A49E8
:1015B0004989891C88B2FFF7F1FC77490988491EDF
:1015C000C1F30F20FFF7F3FC73494989C91C88B2A6
:1015D000FFF7E4FC70490978491EC8B2FFF7E7FC41
:1015E0006D498889FFF7DAFC0020FFF7E0FC6A49C3
:1015F0008989491C88B2FFF7D1FC0020FFF7D7FC8E
:1016000065498989891C88B2FFF7C8FC6249498805
:10161000491EC1F30F20FFF7CAFC5F498989C91C25
:1016200088B2FFF7BBFC5C498978491EC8B2FFF756
:10163000BEFC55E058494889FFF7B0FC0020FFF791
:10164000B6FC0020FFF7B3FC53490988491EC1F3DB
:101650000F20FFF7ACFC50490978491EC8B2FFF7CC
:10166000A6FC4D498889FFF799FC0020FFF79FFCF5
:101670000020FFF79CFC48494988491EC1F30F2010
:10168000FFF795FC44498978491EC8B2FFF78FFCE3
:1016900026E0082D1CD2DFE805F004070A0D0F1222
:1016A000151844F0300413E044F0100410E044F046
:1016B00020040DE000BF0BE044F0380408E044F0E3
:1016C000280405E044F0180402E044F0080400BFD8
:1016D00000BF032744F4805421463846FFF779FCC5
:1016E000F0BD30B504460D4629462046FFF7A0FC64
:1016F000FFF781FC294800882949088030BD70B572
:1017000004460D4616462448808849F241318842F5
:1017100005D02148808845F21031884214D11E49F5
:101720004889FFF73BFC2012FFF741FCE0B2FFF7CE
:101730003EFC19498889FFF731FC2812FFF737FC76
:10174000E8B2FFF734FC93E01348808845F210516B
:10175000884227D110494889FFF720FC2012FFF763
:1017600026FC0D494989491C88B2FFF717FCE0B2F5
:10177000FFF71DFC08498889FFF710FC2812FFF7C6
:1017800016FC05498989491C88B2FFF707FCE8B2B5
:10179000FFF70DFC6CE00000580200201A0000204A
:1017A0008000006CFE48808841F66311884228D191
:1017B000FB48807920B9FA480088401E001B84B29B
:1017C000F7494889FFF7EAFB2012FFF7F0FBE0B288
:1017D000FFF7EDFB2012FFF7EAFBE0B2FFF7E7FBB4
:1017E000EF498889FFF7DAFB2812FFF7E0FBE8B240
:1017F000FFF7DDFB2812FFF7DAFBE8B2FFF7D7FBB4
:1018000036E0E748808846F6040188421DD1E44866
:101810008079012804D1E2480088401E001B84B270
:10182000DF494889FFF7BAFB2012FFF7C0FBE0B29F
:10183000FFF7BDFBDA498889FFF7B0FB2812FFF7F5
:10184000B6FBE8B2FFF7B3FB12E0D5488079012878
:1018500004D1D3480088401E001B84B2D049488977
:101860002146FFF7B6FBCE4988892946FFF7B1FB31
:10187000CB480089CB4908804FF0D840A0F8806061
:1018800070BD70B52DED048B0446BE20FFF786FBBE
:101890000520FFF78CFB20460BF0A4FC41EC190B54
:1018A0009FEDC10B53EC102B0BF0ECFC41EC180B33
:1018B0000BF054FC85B22846FFF779FB0120FFF7B7
:1018C00076FBFF20FFF773FB0020FFF770FB002083
:1018D000FFF76DFBBDEC048B70BD10B50446002C0A
:1018E00066D1AF498871F02008804FF4A07048801D
:1018F0000846808849F2413188420BD0A848808848
:1019000046F60401884205D0A548808845F210318A
:1019100088421AD12C20A24908812A2048812B20F4
:1019200088810846808846F60401884205D09C4894
:10193000808845F21031884206D14FF4A070984952
:1019400008804FF4F0704880A1E09548808845F207
:101950001051884210D14FF43050914908814FF412
:10196000285048814FF42C5088814FF4F070088043
:101970004FF4487048808AE08948808841F66311B6
:1019800088420DD12C20864908812B2048812A20AD
:1019900088814FF4F07008804FF44870488076E0FA
:1019A00022207F49088120204881212088816EE003
:1019B00001207B4988714FF4A0700880F020488096
:1019C0000846808849F24131884205D074488088B1
:1019D00045F21031884207D12C20714908812A2014
:1019E00048812B2088813FE06D48808846F60401BD
:1019F000884207D12C206A4908812B2048812A205F
:101A0000888131E06648808845F21051884210D1C3
:101A10004FF43050624908814FF4285048814FF408
:101A20002C5088814FF4487008804FF4F070488043
:101A30001AE05B48808841F6631188420DD12C2062
:101A4000574908812A2048812B2088814FF448700B
:101A500008804FF4F070488006E022205049088149
:101A600021204881202088814D48808846F6040145
:101A7000884205D04A48808845F21031884206D114
:101A80004FF4F070464908804FF4A0704880002061
:101A9000FFF7B3FC10BD2DE9F04F86B004460D46AC
:101AA0009046994604EB0800401E86B205EB0900FB
:101AB000401E87B23A48808849F24131884215D0A9
:101AC0003748808845F2103188420FD034488088EA
:101AD00046F60401884209D031488079012826D190
:101AE0002F48808841F66311884220D12C494889CB
:101AF000FFF754FA2012FFF75AFAE0B2FFF757FA4D
:101B00003012FFF754FAF0B2FFF751FA24498889EE
:101B1000FFF744FA2812FFF74AFAE8B2FFF747FA4C
:101B20003812FFF744FAF8B2FFF741FAC1E01C4857
:101B3000808841F6631188423DD119480088A0EBA6
:101B40000800001B84B205EB0900401E1FFA80F953
:101B500013494889FFF722FA2012FFF728FAE0B26A
:101B6000FFF725FA04EB0801491EC1F30F20FFF728
:101B70001EFA04EB0801491EC8B2FFF718FA08491B
:101B80008889FFF70BFA2812FFF711FAE8B2FFF77E
:101B90000EFA4FEA2920FFF70AFA09F0FF0007E0E2
:101BA000580200207E00006C666666666666044029
:101BB000FFF7FDF97DE0FE48808845F2105188422C
:101BC00044D1FB494889FFF7E9F92012FFF7EFF903
:101BD000F7494989491C88B2FFF7E0F9E0B2FFF7FD
:101BE000E6F9F3494989891C88B2FFF7D7F9301221
:101BF000FFF7DDF9EE494989C91C88B2FFF7CEF934
:101C0000F0B2FFF7D4F9EA498889FFF7C7F928123B
:101C1000FFF7CDF9E6498989491C88B2FFF7BEF97B
:101C2000E8B2FFF7C4F9E2498989891C88B2FFF755
:101C3000B5F93812FFF7BBF9DD498989C91C88B2AB
:101C4000FFF7ACF9F8B2FFF7B2F932E0D848807983
:101C500001280ED1AA46BB46D5480088801B401EED
:101C600080B20190D2480088001B401E80B20090D4
:101C700003E0A246B34601950097502005905120FD
:101C80000490522003905320029051460598FFF78C
:101C9000A0F959460498FFF79CF901990398FFF7BA
:101CA00098F900990298FFF794F929462046FFF722
:101CB000BFF906B0BDE8F08F70B504460026BC48F9
:101CC000058840884543BA48808846F60401884222
:101CD00016D1B7488079012812D10020B449887103
:101CE0002A2048812B20888100210846FFF7A0F98F
:101CF0000120AF4988712B2048812A20888103E088
:101D000000210846FFF794F9FFF775F9002602E075
:101D1000A8480480761CAE42FAD370BD00B5A1B0CD
:101D20000020209001217A2007F022F901210846A5
:101D300007F056F94FF400401E9001208DF87C000A
:101D400000208DF87E0002208DF87D0001208DF8A6
:101D50007F001EA9984806F089FB4CF233701E9054
:101D600002208DF87C0000208DF87E0003208DF885
:101D70007D0001208DF87F001EA9904806F076FBBB
:101D80004FF680701E9002208DF87C0000208DF8A8
:101D90007E0003208DF87D0001208DF87F001EA9B4
:101DA000874806F063FB4FF480501E9002208DF8A8
:101DB0007C0000208DF87E0003208DF87D0001203E
:101DC0008DF87F001EA97F4806F050FB4FF480502D
:101DD0001E9002208DF87C0000208DF87E000320EC
:101DE0008DF87D0001208DF87F001EA9764806F051
:101DF0003DFB0C220021714806F0C3FB0C2201219F
:101E00006E4806F0BEFB0C2204216C4806F0B9FBBC
:101E10000C220521694806F0B4FB0C220821674812
:101E200006F0AFFB0C220921644806F0AAFB0C2245
:101E30000A21624806F0A5FB0C220E215F4806F03D
:101E4000A0FB0C220F215D4806F09BFB0C22072112
:101E50005B4806F096FB0C220821594806F091FBDE
:101E60000C220921564806F08CFB0C220A2154480A
:101E700006F087FB0C220B21514806F082FB0C2256
:101E800011464F4806F07DFB0C220D214C4806F010
:101E900078FB0C220E214A4806F073FB0C220F211E
:101EA000474806F06EFB0C221146464806F069FBD7
:101EB0000C221146444806F064FB0F2008900020D5
:101EC00009903C200A9000200B900C900D900E90F1
:101ED0000920019000200290082003900020049027
:101EE00005900690079006200F900020109011900A
:101EF00010201290002013901590149016901790B7
:101F00004FF480501890002019904FF480401A90A0
:101F100000201B9008A81C9001A81D900FA806F097
:101F200084FB0121062006F00BFC322006F0C0F8ED
:101F300001210020FFF74DF8322006F0B9F800200B
:101F4000FFF74EF81A49888008468088FF280ADB88
:101F5000084680884FF6FF71884204D01448808874
:101F6000B0F5134F7ED1D320FFF718F8FFF729F80B
:101F70000F498880FFF725F80D498880FFF721F881
:101F80000B498880084680884FF6FF7101EA0020DF
:101F900007498880FFF715F80549898808430449EF
:101FA00088800846808849F2413188425AD00DE045
:101FB000580200208000006C00040240000C024027
:101FC000001002400014024000180240BF20FEF73B
:101FD000E5FFFEF7F6FFFE498880FEF7F2FFFC49B9
:101FE0008880FEF7EEFFFA498880FEF7EAFFF8499D
:101FF0008880084680884FF6FF7101EA0020F44986
:102000008880FEF7DEFFF24989880843F04988801E
:102010000846808846F6040188427AD0D420FEF72C
:10202000BDFFFEF7CEFFEA498880FEF7CAFFE84908
:102030008880FEF7C6FFE6498880084680884FF60C
:10204000FF7101EA0020E2498880FEF7BAFFE0490B
:1020500089880843DE4988800846808845F2103127
:10206000884200E055E054D04FF45A40FEF796FF06
:10207000FEF7A7FFD64988804FF45B40FEF78EFF3E
:10208000FEF79FFFD2498880084680884FF6FF718F
:1020900001EA0020CE4988804FF45C40FEF77EFFC5
:1020A000FEF78FFFCA4989880843C94988800846D6
:1020B0008088B0F5004F02D145F210508880C448A6
:1020C000808845F21051884223D0A120FEF766FF98
:1020D000FEF777FFBE498880FEF773FFBC49888012
:1020E000084680884FF6FF7101EA0020B8498880D1
:1020F000FEF767FFB64989880843B54988800846D6
:10210000808845F26171884203D141F66310B0497D
:102110008880AF48808849F24131884211D0AC486C
:10212000808845F2103188420BD0A948808845F25A
:102130001051884205D0A648808841F66311884234
:102140001DD1A448006820F00F004FF02041C1F8D5
:102150001C010846D0F81C0120F47060C1F81C0175
:102160000846D0F81C0140F00300C1F81C010846E5
:10217000D0F81C0140F40070C1F81C0128E094481C
:10218000808846F60401884205D0914880884CF248
:10219000055188421CD18F48006820F00F004FF095
:1021A0002041C1F81C010846D0F81C0120F47060E1
:1021B000C1F81C010846D0F81C0140F00A00C1F823
:1021C0001C010846D0F81C0140F44060C1F81C0115
:1021D0007F48808849F2413188427CD1CF20FEF788
:1021E000DDFE0020FEF7E3FEC120FEF7E0FE30201A
:1021F000FEF7DDFEED20FEF7D1FE6420FEF7D7FEF0
:102200000320FEF7D4FE1220FEF7D1FE8120FEF758
:10221000CEFEE820FEF7C2FE8520FEF7C8FE1020A5
:10222000FEF7C5FE7A20FEF7C2FECB20FEF7B6FE13
:102230003920FEF7BCFE2C20FEF7B9FE0020FEF789
:10224000B6FE3420FEF7B3FE0220FEF7B0FEF72004
:10225000FEF7A4FE2020FEF7AAFEEA20FEF79EFE6F
:102260000020FEF7A4FE0020FEF7A1FEC020FEF72E
:1022700095FE1B20FEF79BFEC120FEF78FFE01207E
:10228000FEF795FEC520FEF789FE3020FEF78FFE93
:102290003020FEF78CFEC720FEF780FEB720FEF749
:1022A00086FE3620FEF77AFE4820FEF780FE3A20B2
:1022B000FEF774FE5520FEF77AFEB120FEF76EFEA3
:1022C0000020FEF774FE1A20FEF771FEB620FEF71E
:1022D00065FE0A2000E09EE0FEF769FEA220FEF700
:1022E00066FEF220FEF75AFE0020FEF760FE262072
:1022F000FEF754FE0120FEF75AFEE020FEF74EFEE8
:102300000F20FEF754FE2A20FEF751FE2820FEF78C
:102310004EFE0820FEF74BFE0E20FEF748FE08207A
:10232000FEF745FE5420FEF742FEA920FEF73FFED1
:102330004320FEF73CFE0A20FEF739FE0F20FEF791
:1023400036FE0020FEF733FE0020FEF730FE0020B0
:10235000FEF72DFE0020FEF72AFEE120FEF71EFE0E
:102360000020FEF724FE1520FEF721FE1720FEF7C1
:102370001EFE0720FEF71BFE1120FEF718FE0620AA
:10238000FEF715FE2B20FEF712FE5620FEF70FFE7D
:102390003C20FEF70CFE0520FEF709FE1020FEF79C
:1023A00006FE0F20FEF703FE3F20FEF700FE3F2053
:1023B000FEF7FDFD0F20FEF7FAFD2B20FEF7EEFDE8
:1023C0000020FEF7F4FD0020FEF7F1FD012003E000
:1023D000580200201C0100A0FEF7E9FD3F20FEF797
:1023E000E6FD2A20FEF7DAFD0020FEF7E0FD0020E2
:1023F000FEF7DDFD0020FEF7DAFDEF20FEF7D7FD4A
:102400001120FEF7CBFD782005F052FE2920FEF7C3
:10241000C5FD03F01DB9FE48808846F604018842D8
:102420007ED11120FEF7BAFD142005F041FED02028
:10243000FEF7B4FD0720FEF7BAFD4220FEF7B7FD18
:102440001D20FEF7B4FDD120FEF7A8FD0020FEF709
:10245000AEFD1A20FEF7ABFD0920FEF7A8FDD22045
:10246000FEF79CFD0120FEF7A2FD2220FEF79FFD56
:10247000C020FEF793FD1020FEF799FD3B20FEF7EC
:1024800096FD0020FEF793FD0220FEF790FD11203F
:10249000FEF78DFDC520FEF781FD0320FEF787FDC9
:1024A000C820FEF77BFD0020FEF781FD2520FEF70A
:1024B0007EFD2120FEF77BFD0520FEF778FD002044
:1024C000FEF775FD0A20FEF772FD6520FEF76FFD31
:1024D0002520FEF76CFD7720FEF769FD5020FEF702
:1024E00066FD0F20FEF763FD0020FEF760FDF8207B
:1024F000FEF754FD0120FEF75AFDFE20FEF74EFDCB
:102500000020FEF754FD0220FEF751FD2020FEF7CB
:1025100045FD3620FEF742FD0820FEF748FD00E0AD
:102520002AE03A20FEF73AFD5520FEF740FD2B2029
:10253000FEF734FD0020FEF73AFD0020FEF737FDE0
:102540000120FEF734FD3F20FEF731FD2A20FEF783
:1025500025FD0020FEF72BFD0020FEF728FD0120C1
:10256000FEF725FDDF20FEF722FD782005F0A0FD17
:102570002920FEF713FD4CE7A548808845F210316D
:10258000884240F07C87ED20FEF708FD0120FEF731
:102590000EFDFE20FEF70BFDEE20FEF7FFFCDE2019
:1025A000FEF705FD2120FEF702FDF120FEF7F6FC07
:1025B0000120FEF7FCFCDF20FEF7F0FC1020FEF708
:1025C000F6FCC420FEF7EAFC8F20FEF7F0FCC620E4
:1025D000FEF7E4FC0020FEF7EAFCE220FEF7E7FC51
:1025E000E220FEF7E4FCE220FEF7E1FCBF20FEF76C
:1025F000D5FCAA20FEF7DBFCB020FEF7CFFC0D20B7
:10260000FEF7D5FC0020FEF7D2FC0D20FEF7CFFC34
:102610000020FEF7CCFC1120FEF7C9FC0020FEF7DD
:10262000C6FC1920FEF7C3FC0020FEF7C0FC2120E9
:10263000FEF7BDFC0020FEF7BAFC2D20FEF7B7FC2C
:102640000020FEF7B4FC3D20FEF7B1FC0020FEF7B1
:10265000AEFC5D20FEF7ABFC0020FEF7A8FC5D2081
:10266000FEF7A5FC0020FEF7A2FCB120FEF796FCC9
:102670008020FEF79CFC0020FEF799FC8B20FEF7E3
:1026800096FC0020FEF793FC9620FEF790FC0020BD
:10269000FEF78DFCB220FEF781FC0020FEF787FCE0
:1026A0000020FEF784FC0220FEF781FC0020FEF7EC
:1026B0007EFC0320FEF77BFC0020FEF778FCB320B5
:1026C000FEF76CFC0020FEF772FC0020FEF76FFCAA
:1026D0000020FEF76CFC0020FEF769FC0020FEF7EE
:1026E00066FC0020FEF763FC0020FEF760FC002083
:1026F000FEF75DFC0020FEF75AFC0020FEF757FCB9
:102700000020FEF754FC0020FEF751FC0020FEF7ED
:102710004EFC0020FEF74BFC0020FEF748FC00209A
:10272000FEF745FC0020FEF742FC0020FEF73FFCD0
:102730000020FEF73CFC0020FEF739FC0020FEF7ED
:1027400036FC0020FEF733FC0020FEF730FC0020B2
:10275000FEF72DFCB420FEF721FC8B20FEF727FCB2
:102760000020FEF724FC9620FEF721FC0020FEF757
:102770001EFCA120FEF71BFC0020FEF718FCB52074
:10278000FEF70CFC0220FEF712FC0020FEF70FFC07
:102790000320FEF70CFC0020FEF709FC0420FEF7E6
:1027A00006FC0020FEF703FCB620FEF7F7FB002036
:1027B000FEF7FDFB0020FEF7FAFBB720FEF7EEFB6D
:1027C0000020FEF7F4FB0020FEF7F1FB3F20FEF7B0
:1027D000EEFB0020FEF7EBFB5E20FEF7E8FB00209F
:1027E000FEF7E5FB6420FEF7E2FB0020FEF7DFFBCF
:1027F0008C20FEF7DCFB0020FEF7D9FBAC20FEF7B7
:10280000D6FB0020FEF7D3FBDC20FEF7D0FB01E077
:10281000580200200020FEF7CAFB7020FEF7C7FB1D
:102820000020FEF7C4FB9020FEF7C1FB0020FEF75E
:10283000BEFBEB20FEF7BBFB0020FEF7B8FBDC2065
:10284000FEF7B5FB0020FEF7B2FBB820FEF7A6FBB3
:102850000020FEF7ACFB0020FEF7A9FB0020FEF7EE
:10286000A6FB0020FEF7A3FB0020FEF7A0FB002044
:10287000FEF79DFB0020FEF79AFB0020FEF797FB7A
:10288000BA20FEF78BFB2420FEF791FB0020FEF719
:102890008EFB0020FEF78BFB0020FEF788FBC1209B
:1028A000FEF77CFB2020FEF782FB0020FEF77FFB7B
:1028B0005420FEF77CFB0020FEF779FBFF20FEF79B
:1028C00076FB0020FEF773FBC220FEF767FB0A20B1
:1028D000FEF76DFB0020FEF76AFB0420FEF767FBA6
:1028E0000020FEF764FBC320FEF758FB3C20FEF7F8
:1028F0005EFB0020FEF75BFB3A20FEF758FB002052
:10290000FEF755FB3920FEF752FB0020FEF74FFB88
:102910003720FEF74CFB0020FEF749FB3C20FEF77A
:1029200046FB0020FEF743FB3620FEF740FB00206D
:10293000FEF73DFB3220FEF73AFB0020FEF737FBA7
:102940002F20FEF734FB0020FEF731FB2C20FEF792
:102950002EFB0020FEF72BFB2920FEF728FB002092
:10296000FEF725FB2620FEF722FB0020FEF71FFBCB
:102970002420FEF71CFB0020FEF719FB2420FEF7A5
:1029800016FB0020FEF713FB2320FEF710FB0020B0
:10299000FEF70DFB3C20FEF70AFB0020FEF707FBCD
:1029A0003620FEF704FB0020FEF701FB3220FEF785
:1029B000FEFA0020FEF7FBFA2F20FEF7F8FA0020BF
:1029C000FEF7F5FA2C20FEF7F2FA0020FEF7EFFAF8
:1029D0002920FEF7ECFA0020FEF7E9FA2620FEF7A0
:1029E000E6FA0020FEF7E3FA2420FEF7E0FA0020E2
:1029F000FEF7DDFA2420FEF7DAFA0020FEF7D7FA18
:102A00002320FEF7D4FA0020FEF7D1FAC420FEF707
:102A1000C5FA6220FEF7CBFA0020FEF7C8FA0520BF
:102A2000FEF7C5FA0020FEF7C2FA8420FEF7BFFACF
:102A30000020FEF7BCFAF020FEF7B9FA0020FEF7FE
:102A4000B6FA1820FEF7B3FA0020FEF7B0FAA42079
:102A5000FEF7ADFA0020FEF7AAFA1820FEF7A7FA53
:102A60000020FEF7A4FA5020FEF7A1FA0020FEF79E
:102A70009EFA0C20FEF79BFA0020FEF798FA17202A
:102A8000FEF795FA0020FEF792FA9520FEF78FFAEE
:102A90000020FEF78CFAF320FEF789FA0020FEF7FB
:102AA00086FAE620FEF783FA0020FEF780FAC520BA
:102AB000FEF774FA3220FEF77AFA0020FEF777FA72
:102AC0004420FEF774FA0020FEF771FA6520FEF745
:102AD0006EFA0020FEF76BFA7620FEF768FA002007
:102AE000FEF765FA8820FEF762FA0020FEF75FFA2B
:102AF000C620FEF753FA2020FEF759FA0020FEF711
:102B000056FA1720FEF753FA0020FEF750FA01207C
:102B1000FEF74DFA0020FEF74AFAC720FEF73EFA0C
:102B20000020FEF744FA0020FEF741FA0020FEF7ED
:102B30003EFA0020FEF73BFAC820FEF72FFA0020ED
:102B4000FEF735FA0020FEF732FA0020FEF72FFAE2
:102B50000020FEF72CFAC920FEF720FA0020FEF72D
:102B600026FA0020FEF723FA0020FEF720FA0020C4
:102B7000FEF71DFA0020FEF71AFA0020FEF717FAFA
:102B80000020FEF714FA0020FEF711FA0020FEF7ED
:102B90000EFA0020FEF70BFA0020FEF708FA0020DC
:102BA000FEF705FA0020FEF702FA0020FEF7FFF913
:102BB0000020FEF7FCF90020FEF7F9F9E020FEF70F
:102BC000EDF91620FEF7F3F90020FEF7F0F91C20CE
:102BD000FEF7EDF90020FEF7EAF92120FEF7E7F90C
:102BE0000020FEF7E4F93620FEF7E1F90020FEF7B9
:102BF000DEF94620FEF7DBF90020FEF7D8F9522077
:102C0000FEF7D5F90020FEF7D2F96420FEF7CFF9E0
:102C10000020FEF7CCF97A20FEF7C9F90020FEF774
:102C2000C6F98B20FEF7C3F90020FEF7C0F9992002
:102C3000FEF7BDF90020FEF7BAF9A820FEF7B7F9B4
:102C40000020FEF7B4F9B920FEF7B1F90020FEF735
:102C5000AEF9C420FEF7ABF90020FEF7A8F9CA20B0
:102C6000FEF7A5F90020FEF7A2F9D220FEF79FF9A2
:102C70000020FEF79CF9D920FEF799F90020FEF715
:102C800096F9E020FEF793F90020FEF790F9F32083
:102C9000FEF78DF90020FEF78AF9E120FEF77EF9B4
:102CA0001620FEF784F90020FEF781F91C20FEF7BC
:102CB0007EF90020FEF77BF92220FEF778F900204C
:102CC000FEF775F93620FEF772F90020FEF76FF96E
:102CD0004520FEF76CF90020FEF769F95220FEF757
:102CE00066F90020FEF763F96420FEF760F9002022
:102CF000FEF75DF97A20FEF75AF90020FEF757F942
:102D00008B20FEF754F90020FEF751F99920FEF7C9
:102D10004EF90020FEF74BF9A820FEF748F90020F5
:102D2000FEF745F9B920FEF742F90020FEF73FF91A
:102D3000C420FEF73CF90020FEF739F9CA20FEF75F
:102D400036F90020FEF733F9D220FEF730F90020E3
:102D5000FEF72DF9D820FEF72AF90020FEF727F913
:102D6000E020FEF724F90020FEF721F9F320FEF71A
:102D70001EF90020FEF71BF9E220FEF70FF90520EF
:102D8000FEF715F90020FEF712F90B20FEF70FF9F8
:102D90000020FEF70CF91B20FEF709F90020FEF7D2
:102DA00006F93420FEF703F90020FEF700F944206D
:102DB000FEF7FDF80020FEF7FAF84F20FEF7F7F8CF
:102DC0000020FEF7F4F86120FEF7F1F80020FEF78E
:102DD000EEF87920FEF7EBF80020FEF7E8F88820FF
:102DE000FEF7E5F80020FEF7E2F89720FEF7DFF89F
:102DF0000020FEF7DCF8A620FEF7D9F80020FEF749
:102E0000D6F8B720FEF7D3F80020FEF7D0F8C2209E
:102E1000FEF7CDF80020FEF7CAF8C720FEF7C7F886
:102E20000020FEF7C4F8D120FEF7C1F80020FEF71D
:102E3000BEF8D620FEF7BBF80020FEF7B8F8DD207C
:102E4000FEF7B5F80020FEF7B2F8F320FEF7AFF872
:102E50000020FEF7ACF8E320FEF7A0F80520FEF70F
:102E6000A6F80020FEF7A3F80A20FEF7A0F800203D
:102E7000FEF79DF81C20FEF79AF80020FEF797F861
:102E80003320FEF794F80020FEF791F84420FEF777
:102E90008EF80020FEF78BF85020FEF788F800200F
:102EA000FEF785F86220FEF782F80020FEF77FF833
:102EB0007820FEF77CF80020FEF779F88820FEF7EE
:102EC00076F80020FEF773F89720FEF770F80020E0
:102ED000FEF76DF8A620FEF76AF80020FEF767F807
:102EE000B720FEF764F80020FEF761F8C220FEF775
:102EF0005EF80020FEF75BF8C720FEF758F80020C8
:102F0000FEF755F8D120FEF752F80020FEF74FF8F3
:102F1000D520FEF74CF80020FEF749F8DD20FEF73B
:102F200046F80020FEF743F8F320FEF740F80020B3
:102F3000FEF73DF8E420FEF731F80120FEF737F800
:102F40000020FEF734F80120FEF731F80020FEF7EC
:102F50002EF80220FEF72BF80020FEF728F82A2092
:102F6000FEF725F80020FEF722F83C20FEF71FF8B8
:102F70000020FEF71CF84B20FEF719F80020FEF7A2
:102F800016F85D20FEF713F80020FEF710F8742005
:102F9000FEF70DF80020FEF70AF88420FEF707F888
:102FA0000020FEF704F89320FEF701F80020FDF75B
:102FB000FEFFA220FDF7FBFF0020FDF7F8FFB32086
:102FC000FDF7F5FF0020FDF7F2FFBE20FDF7EFFF54
:102FD0000020FDF7ECFFC420FDF7E9FF0020FDF71E
:102FE000E6FFCD20FDF7E3FF0020FDF7E0FFD32053
:102FF000FDF7DDFF0020FDF7DAFFDD20FDF7D7FF4D
:103000000020FDF7D4FFF320FDF7D1FF0020FDF7EE
:10301000CEFFE520FDF7C2FF0020FDF7C8FF00202E
:10302000FDF7C5FF0020FDF7C2FF0020FDF7BFFF41
:103030000220FDF7BCFF0020FDF7B9FF2920FDF7B6
:10304000B6FF0020FDF7B3FF3C20FDF7B0FF0020E6
:10305000FDF7ADFF4B20FDF7AAFF0020FDF7A7FF0E
:103060005D20FDF7A4FF0020FDF7A1FF7420FDF710
:103070009EFF0020FDF79BFF8420FDF798FF0020B6
:10308000FDF795FF9320FDF792FF0020FDF78FFFDE
:10309000A220FDF78CFF0020FDF789FFB320FDF78C
:1030A00086FF0020FDF783FFBE20FDF780FF002094
:1030B000FDF77DFFC420FDF77AFF0020FDF777FFC5
:1030C000CD20FDF774FF0020FDF771FFD320FDF741
:1030D0006EFF0020FDF76BFFDC20FDF768FF00208E
:1030E000FDF765FFF320FDF762FF0020FDF75FFFAE
:1030F000E620FDF753FF1120FDF759FF0020FDF7F3
:1031000056FF3420FDF753FF0020FDF750FF5620F7
:10311000FDF74DFF0020FDF74AFF7620FDF747FF42
:103120000020FDF744FF7720FDF741FF0020FDF769
:103130003EFF6620FDF73BFF0020FDF738FF8820AB
:10314000FDF735FF0020FDF732FF9920FDF72FFF37
:103150000020FDF72CFFBB20FDF729FF0020FDF725
:1031600026FF9920FDF723FF0020FDF720FF6620B2
:10317000FDF71DFF0020FDF71AFF5520FDF717FF93
:103180000020FDF714FF5520FDF711FF0020FDF78B
:103190000EFF4520FDF70BFF0020FDF708FF432041
:1031A000FDF705FF0020FDF702FF4420FDF7FFFEBD
:1031B0000020FDF7FCFEE720FDF7F0FE3220FDF7D2
:1031C000F6FE0020FDF7F3FE5520FDF7F0FE00208F
:1031D000FDF7EDFE7620FDF7EAFE0020FDF7E7FEA5
:1031E0006620FDF7E4FE0020FDF7E1FE6720FDF715
:1031F000DEFE0020FDF7DBFE6720FDF7D8FE002095
:10320000FDF7D5FE8720FDF7D2FE0020FDF7CFFEAB
:103210009920FDF7CCFE0020FDF7C9FEBB20FDF78D
:10322000C6FE0020FDF7C3FE9920FDF7C0FE00207A
:10323000FDF7BDFE7720FDF7BAFE0020FDF7B7FED3
:103240004420FDF7B4FE0020FDF7B1FE5620FDF747
:10325000AEFE0020FDF7ABFE2320FDF7A8FE002008
:10326000FDF7A5FE3320FDF7A2FE0020FDF79FFE2F
:103270004520FDF79CFE0020FDF799FEE820FDF7B4
:103280008DFE0020FDF793FE0020FDF790FE9920B3
:10329000FDF78DFE0020FDF78AFE8720FDF787FEF3
:1032A0000020FDF784FE8820FDF781FE0020FDF759
:1032B0007EFE7720FDF77BFE0020FDF778FE66207E
:1032C000FDF775FE0020FDF772FE8820FDF76FFE0A
:1032D0000020FDF76CFEAA20FDF769FE0020FDF737
:1032E00066FEBB20FDF763FE0020FDF760FE99201F
:1032F000FDF75DFE0020FDF75AFE6620FDF757FE44
:103300000020FDF754FE5520FDF751FE0020FDF78B
:103310004EFE5520FDF74BFE0020FDF748FE4420F1
:10332000FDF745FE0020FDF742FE4420FDF73FFE7D
:103330000020FDF73CFE5520FDF739FE0020FDF78B
:1033400036FEE920FDF72AFEAA20FDF730FE002018
:10335000FDF72DFE0020FDF72AFE0020FDF727FED9
:103360000020FDF71BFEAA20FDF721FECF20FDF770
:1033700015FE0020FDF71BFE0020FDF718FE0020C3
:10338000FDF715FE0020FDF712FE0020FDF70FFEF1
:103390000020FDF70CFE0020FDF709FE0020FDF7E0
:1033A00006FE0020FDF703FE0020FDF700FE0020D2
:1033B000FDF7FDFD0020FDF7FAFD0020FDF7F7FD0C
:1033C0000020FDF7F4FD0020FDF7F1FD0020FDF7E2
:1033D000EEFD0020FDF7EBFDF020FDF7DFFD002006
:1033E000FDF7E5FD5020FDF7E2FD0020FDF7DFFDD4
:1033F0000020FDF7DCFD0020FDF7D9FDF320FDF7EF
:10340000CDFD0020FDF7D3FDF920FDF7C7FD062017
:10341000FDF7CDFD1020FDF7CAFD2920FDF7C7FD02
:103420000020FDF7C4FD3A20FDF7B8FD5520FDF75B
:10343000BEFD1120FDF7B2FD642004F039FE292005
:10344000FDF7ACFD3520FDF7A9FD0020FDF7AFFD30
:103450005120FDF7A3FDFF20FDF7A9FD5320FDF747
:103460009DFD2C20FDF7A3FD5520FDF797FD822043
:10347000FDF79DFD2C20FDF791FD02F0E9B8FE4817
:10348000808845F2105188427ED155214FF470401A
:10349000FDF79FFDAA214FF20100FDF79AFD522191
:1034A0004FF20200FDF795FD08214FF20300FDF7F2
:1034B00090FD01214FF20400FDF78BFD0D214FF42B
:1034C0003040FDF786FD0D214BF20100FDF781FD37
:1034D0000D214BF20200FDF77CFD34214FF4364004
:1034E000FDF777FD34214BF20160FDF772FD3421C9
:1034F0004BF20260FDF76DFD0D214FF43140FDF7F9
:1035000068FD0D214BF20110FDF763FD0D214BF21B
:103510000210FDF75EFD34214FF43740FDF759FDF1
:1035200034214BF20170FDF754FD34214BF202704F
:10353000FDF74FFD00214FF43240FDF74AFD002119
:103540004BF20120FDF745FD00214BF20220FDF773
:1035500040FD24214FF43840FDF73BFD24214BF67C
:103560000100FDF736FD24214BF60200FDF731FD89
:1035700001214FF43F40FDF72CFD0F214FF4334064
:10358000FDF727FD0F2100E0FEE34BF20130FDF7D0
:1035900020FD0F214BF20230FDF71BFD34214FF4CB
:1035A0003940FDF716FD34214BF60110FDF711FDF2
:1035B00034214BF60210FDF70CFD08214FF4354085
:1035C000FDF707FD08214BF20150FDF702FD082130
:1035D0004BF20250FDF7FDFC03214FF44240FDF792
:1035E000F8FC24214FF43A40FDF7F3FC24214BF67C
:1035F0000120FDF7EEFC24214BF60220FDF7E9FC4B
:1036000000214FF43C40FDF7E4FC78214BF60140EB
:10361000FDF7DFFC00214BF60240FDF7DAFC00214C
:103620004FF43D40FDF7D5FC78214BF60150FDF7F6
:10363000D0FC00214BF60250FDF7CBFC00214FF4EB
:103640003E40FDF7C6FC64214BF60160FDF7C1FC6E
:1036500000214FF45140FDF7BCFC33214DF2011025
:10366000FDF7B7FC00214DF20210FDF7B2FC34214A
:103670004DF20310FDF7ADFC00214DF20410FDF7F3
:10368000A8FC3A214DF20510FDF7A3FC00214DF2F4
:103690000610FDF79EFC4A214DF20710FDF799FC3C
:1036A00000214DF20810FDF794FC5C214DF2091049
:1036B000FDF78FFC00214DF20A10FDF78AFC8121F5
:1036C0004DF20B10FDF785FC00214DF20C10FDF7BB
:1036D00080FCA6214DF20D10FDF77BFC00214DF280
:1036E0000E10FDF776FCE5214DF20F10FDF771FC91
:1036F00001214DF21010FDF76CFC13214DF2111059
:10370000FDF767FC01214DF21210FDF762FC542118
:103710004DF21310FDF75DFC01214DF21410FDF781
:1037200058FC82214DF21510FDF753FC01214DF29A
:103730001610FDF74EFCCA214DF21710FDF749FC9B
:1037400002214DF21810FDF744FC00214DF2191032
:10375000FDF73FFC02214DF21A10FDF73AFC012162
:103760004DF21B10FDF735FC02214DF21C10FDF748
:1037700030FC34214DF21D10FDF72BFC02214DF2DF
:103780001E10FDF726FC67214DF21F10FDF721FCEE
:1037900002214DF22010FDF71CFC84214DF2211076
:1037A000FDF717FC02214DF22210FDF712FCA421B7
:1037B0004DF22310FDF70DFC02214DF22410FDF710
:1037C00008FCB7214DF22510FDF703FC02214DF254
:1037D0002610FDF7FEFBCF214DF22710FDF7F9FB78
:1037E00002214DF22810FDF7F4FBDE214DF22910E5
:1037F000FDF7EFFB02214DF22A10FDF7EAFBF22163
:103800004DF22B10FDF7E5FB02214DF22C10FDF7D8
:10381000E0FBFE214DF22D10FDF7DBFB03214DF205
:103820002E10FDF7D6FB10214DF22F10FDF7D1FB26
:1038300003214DF23010FDF7CCFB33214DF2311056
:10384000FDF7C7FB03214DF23210FDF7C2FB6D21DE
:103850004DF23310FDF7BDFB00214FF45240FDF750
:10386000B8FB33214DF20120FDF7B3FB00214DF2EF
:103870000220FDF7AEFB01E05802002034214DF29A
:103880000320FDF7A6FB00214DF20420FDF7A1FB6C
:103890003A214DF20520FDF79CFB00214DF2062058
:1038A000FDF797FB4A214DF20720FDF792FB00211F
:1038B0004DF20820FDF78DFB5C214DF20920FDF74C
:1038C00088FB00214DF20A20FDF783FB81214DF298
:1038D0000B20FDF77EFB00214DF20C20FDF779FB5C
:1038E000A6214DF20D20FDF774FB00214DF20E20B4
:1038F000FDF76FFBE5214DF20F20FDF76AFB01217B
:103900004DF21020FDF765FB13214DF21120FDF75C
:1039100060FB01214DF21220FDF75BFB54214DF2BB
:103920001320FDF756FB01214DF21420FDF751FB4A
:1039300082214DF21520FDF74CFB01214DF216209E
:10394000FDF747FBCA214DF21720FDF742FB02218C
:103950004DF21820FDF73DFB00214DF21920FDF737
:1039600038FB02214DF21A20FDF733FB01214DF205
:103970001B20FDF72EFB02214DF21C20FDF729FB39
:1039800034214DF21D20FDF724FB02214DF21E20B3
:10399000FDF71FFB67214DF21F20FDF71AFB0221E7
:1039A0004DF22020FDF715FB84214DF22120FDF77B
:1039B00010FB02214DF22220FDF70BFBA4214DF25A
:1039C0002320FDF706FB02214DF22420FDF701FB29
:1039D000B7214DF22520FDF7FCFA02214DF22620F9
:1039E000FDF7F7FACF214DF22720FDF7F2FA022179
:1039F0004DF22820FDF7EDFADE214DF22920FDF7EA
:103A0000E8FA02214DF22A20FDF7E3FAF2214DF205
:103A10002B20FDF7DEFA02214DF22C20FDF7D9FA1A
:103A2000FE214DF22D20FDF7D4FA03214DF22E2078
:103A3000FDF7CFFA10214DF22F20FDF7CAFA03212E
:103A40004DF23020FDF7C5FA33214DF23120FDF75C
:103A5000C0FA03214DF23220FDF7BBFA6D214DF281
:103A60003320FDF7B6FA00214FF45340FDF7B1FAC9
:103A700033214DF20130FDF7ACFA00214DF2023056
:103A8000FDF7A7FA34214DF20330FDF7A2FA002129
:103A90004DF20430FDF79DFA3A214DF20530FDF765
:103AA00098FA00214DF20630FDF793FA4A214DF2C3
:103AB0000730FDF78EFA00214DF20830FDF789FA44
:103AC0005C214DF20930FDF784FA00214DF20A30F5
:103AD000FDF77FFA81214DF20B30FDF77AFA0021D4
:103AE0004DF20C30FDF775FAA6214DF20D30FDF7C1
:103AF00070FA00214DF20E30FDF76BFAE5214DF220
:103B00000F30FDF766FA01214DF21030FDF761FA32
:103B100013214DF21130FDF75CFA01214DF2123004
:103B2000FDF757FA54214DF21330FDF752FA0121F7
:103B30004DF21430FDF74DFA82214DF21530FDF7AC
:103B400048FA01214DF21630FDF743FACA214DF231
:103B50001730FDF73EFA02214DF21830FDF739FA21
:103B600000214DF21930FDF734FA02214DF21A30DE
:103B7000FDF72FFA01214DF21B30FDF72AFA022141
:103B80004DF21C30FDF725FA34214DF21D30FDF7C2
:103B900020FA02214DF21E30FDF71BFA67214DF28B
:103BA0001F30FDF716FA02214DF22030FDF711FA11
:103BB00084214DF22130FDF70CFA02214DF2223022
:103BC000FDF707FAA4214DF22330FDF702FA022196
:103BD0004DF22430FDF7FDF9B7214DF22530FDF708
:103BE000F8F902214DF22630FDF7F3F9CF214DF21D
:103BF0002730FDF7EEF902214DF22830FDF7E9F903
:103C0000DE214DF22930FDF7E4F902214DF22A3090
:103C1000FDF7DFF9F2214DF22B30FDF7DAF9022141
:103C20004DF22C30FDF7D5F9FE214DF22D30FDF788
:103C3000D0F903214DF22E30FDF7CBF910214DF2D2
:103C40002F30FDF7C6F903214DF23030FDF7C1F9F1
:103C500033214DF23130FDF7BCF903214DF2323002
:103C6000FDF7B7F96D214DF23330FDF7B2F90021C0
:103C70004FF45440FDF7ADF933214DF20140FDF70B
:103C8000A8F900214DF20240FDF7A3F934214DF2CD
:103C90000340FDF79EF900214DF20440FDF799F92C
:103CA0003A214DF20540FDF794F900214DF206400E
:103CB000FDF78FF94A214DF20740FDF78AF90021FF
:103CC0004DF20840FDF785F95C214DF20940FDF702
:103CD00080F900214DF20A40FDF77BF981214DF278
:103CE0000B40FDF776F900214DF20C40FDF771F91C
:103CF000A6214DF20D40FDF76CF900214DF20E406A
:103D0000FDF767F9E5214DF20F40FDF762F901215A
:103D10004DF21040FDF75DF913214DF21140FDF712
:103D200058F901214DF21240FDF753F954214DF29B
:103D30001340FDF74EF901214DF21440FDF749F90A
:103D400082214DF21540FDF744F901214DF2164054
:103D5000FDF73FF9CA214DF21740FDF73AF902216C
:103D60004DF21840FDF735F900214DF21940FDF7ED
:103D700030F902214DF21A40FDF72BF901214DF2E5
:103D80001B40FDF726F900E004E302214DF21C4040
:103D9000FDF71FF934214DF21D40FDF71AF90221FC
:103DA0004DF21E40FDF715F967214DF21F40FDF75A
:103DB00010F902214DF22040FDF70BF984214DF25C
:103DC0002140FDF706F902214DF22240FDF701F9ED
:103DD000A4214DF22340FDF7FCF802214DF22440CE
:103DE000FDF7F7F8B7214DF22540FDF7F2F8022173
:103DF0004DF22640FDF7EDF8CF214DF22740FDF7BB
:103E0000E8F802214DF22840FDF7E3F8DE214DF2FB
:103E10002940FDF7DEF802214DF22A40FDF7D9F8DE
:103E2000F2214DF22B40FDF7D4F802214DF22C4047
:103E3000FDF7CFF8FE214DF22D40FDF7CAF8032122
:103E40004DF22E40FDF7C5F810214DF22F40FDF741
:103E5000C0F803214DF23040FDF7BBF833214DF29D
:103E60003140FDF7B6F803214DF23240FDF7B1F8CD
:103E70006D214DF23340FDF7ACF800214FF4554071
:103E8000FDF7A7F833214DF20150FDF7A2F800210C
:103E90004DF20250FDF79DF834214DF20350FDF72D
:103EA00098F800214DF20450FDF793F83A214DF2B5
:103EB0000550FDF78EF800214DF20650FDF789F808
:103EC0004A214DF20750FDF784F800214DF20850C9
:103ED000FDF77FF85C214DF20950FDF77AF80021DB
:103EE0004DF20A50FDF775F881214DF20B50FDF7A8
:103EF00070F800214DF20C50FDF76BF8A6214DF241
:103F00000D50FDF766F800214DF20E50FDF761F8F7
:103F1000E5214DF20F50FDF75CF801214DF21050F4
:103F2000FDF757F813214DF21150FDF752F801211A
:103F30004DF21250FDF74DF854214DF21350FDF79C
:103F400048F801214DF21450FDF743F882214DF25B
:103F50001550FDF73EF801214DF21650FDF739F8E6
:103F6000CA214DF21750FDF734F802214DF21850D6
:103F7000FDF72FF800214DF21950FDF72AF8022124
:103F80004DF21A50FDF725F801214DF21B50FDF7B7
:103F900020F802214DF21C50FDF71BF834214DF2A0
:103FA0001D50FDF716F802214DF21E50FDF711F8D5
:103FB00067214DF21F50FDF70CF802214DF2205001
:103FC000FDF707F884214DF22150FDF702F8022198
:103FD0004DF22250FCF7FDFFA4214DF22350FCF7D7
:103FE000F8FF02214DF22450FCF7F3FFB7214DF208
:103FF0002550FCF7EEFF02214DF22650FCF7E9FFB9
:10400000CF214DF22750FCF7E4FF02214DF228505A
:10401000FCF7DFFFDE214DF22950FCF7DAFF022129
:104020004DF22A50FCF7D5FFF2214DF22B50FCF750
:10403000D0FF02214DF22C50FCF7CBFFFE214DF2B8
:104040002D50FCF7C6FF03214DF22E50FCF7C1FFA7
:1040500010214DF22F50FCF7BCFF03214DF23050E0
:10406000FCF7B7FF33214DF23150FCF7B2FF0321CB
:104070004DF23250FCF7ADFF6D214DF23350FCF79D
:10408000A8FF00214FF45640FCF7A3FF33214DF267
:104090000160FCF79EFF00214DF20260FCF799FFE2
:1040A00034214DF20360FCF794FF00214DF20460CF
:1040B000FCF78FFF3A214DF20560FCF78AFF0021E3
:1040C0004DF20660FCF785FF4A214DF20760FCF7D0
:1040D00080FF00214DF20860FCF77BFF5C214DF270
:1040E0000960FCF776FF00214DF20A60FCF771FFD2
:1040F00081214DF20B60FCF76CFF00214DF20C604A
:10410000FCF767FFA6214DF20D60FCF762FF00216E
:104110004DF20E60FCF75DFFE5214DF20F60FCF7FC
:1041200058FF01214DF21060FCF753FF13214DF2AF
:104130001160FCF74EFF01214DF21260FCF749FFC0
:1041400054214DF21360FCF744FF01214DF214603D
:10415000FCF73FFF82214DF21560FCF73AFF012189
:104160004DF21660FCF735FFCA214DF21760FCF7DF
:1041700030FF02214DF21860FCF72BFF00214DF2B9
:104180001960FCF726FF02214DF21A60FCF721FFAF
:1041900001214DF21B60FCF71CFF02214DF21C6057
:1041A000FCF717FF34214DF21D60FCF712FF0221CE
:1041B0004DF21E60FCF70DFF67214DF21F60FCF70A
:1041C00008FF02214DF22060FCF703FF84214DF22D
:1041D0002160FCF7FEFE02214DF22260FCF7F9FEA1
:1041E000A4214DF22360FCF7F4FE02214DF224607D
:1041F000FCF7EFFEB7214DF22560FCF7EAFE022145
:104200004DF22660FCF7E5FECF214DF22760FCF76A
:10421000E0FE02214DF22860FCF7DBFEDE214DF2CC
:104220002960FCF7D6FE02214DF22A60FCF7D1FE90
:10423000F2214DF22B60FCF7CCFE02214DF22C60F6
:10424000FCF7C7FEFE214DF22D60FCF7C2FE0321F4
:104250004DF22E60FCF7BDFE10214DF22F60FCF7F1
:10426000B8FE03214DF23060FCF7B3FE33214DF26E
:104270003160FCF7AEFE03214DF23260FCF7A9FE7F
:104280006D214DF23360FCF7A4FE55214FF47040D0
:10429000FCF79FFEAA214FF20100FCF79AFE522183
:1042A0004FF20200FCF795FE08214FF20300FCF7E5
:1042B00090FE00214FF20400FCF78BFECC214FF45E
:1042C0003140FCF786FE00214BF20110FCF781FE25
:1042D00005214FF43640FCF77CFE70214FF4374047
:1042E000FCF777FE70214BF20170FCF772FE0121A2
:1042F0004FF43840FCF76DFE03214BF60100FCF74C
:1043000068FE03214BF60200FCF763FE03214BF627
:104310000300FCF75EFE02214FF43C40FCF759FE1F
:1043200000214BF60140FCF754FE00214BF6024001
:10433000FCF74FFED0214FF44940FCF74AFE022122
:104340004CF60110FCF745FE50214CF60210FCF72C
:1043500040FE50214CF60310FCF73BFE50214CF67A
:104360000410FCF736FE00214FF45450FCF731FEE8
:1043700055214FF46850FCF72CFE4FF48850FCF7A1
:104380000DFE782003F04CFE4FF42450FCF706FE9F
:1043900001F05EB9FE48808849F2253188427DD11E
:1043A00047F6F001E520FCF714FE4FF48071012080
:1043B000FCF70FFE4FF4E0610220FCF70AFE41F229
:1043C00030010320FCF705FE00210420FCF701FE6C
:1043D00040F202210820FCF7FCFD00210920FCF737
:1043E000F8FD00210A20FCF7F4FD00210C20FCF769
:1043F000F0FD00210D20FCF7ECFD00210F20FCF763
:10440000E8FD00211020FCF7E4FD07211120FCF756
:10441000E0FD00211220FCF7DCFD00211320FCF759
:10442000D8FD00210720FCF7D4FD41F29061102057
:10443000FCF7CFFD40F227211120FCF7CAFD9D219A
:104440001220FCF7C6FD4FF4C8511320FCF7C1FD44
:1044500025212920FCF7BDFD0D212B20FCF7B9FDFE
:1044600007213020FCF7B5FD40F203313120FCF785
:10447000B0FD03213220FCF7ACFD40F206213520CF
:10448000FCF7A7FD08213620FCF7A3FD40F206410A
:104490003720FCF79EFD4FF4417100E058E03820D2
:1044A000FCF797FD07213920FCF793FD40F20261EC
:1044B0003C20FCF78EFD08213D20FCF78AFD002101
:1044C0005020FCF786FDEF215120FCF782FD0021F2
:1044D0005220FCF77EFD40F23F115320FCF779FD9E
:1044E0004FF427416020FCF774FD01216120FCF7A7
:1044F00070FD00216A20FCF76CFD00218020FCF794
:1045000068FD00218120FCF764FD00218220FCF77A
:1045100060FD00218320FCF75CFD00218420FCF776
:1045200058FD00218520FCF754FD10219020FCF758
:1045300050FD4FF4C0619220FCF74BFD40F2331167
:104540000720FCF746FD22210020FCF742FD1FE773
:104550008F48808849F2283188427DD141F28F010D
:10456000EC20FCF736FD41F23421EF20FCF731FD61
:104570004FF480710120FCF72CFD4FF4E061022024
:10458000FCF727FD41F230010320FCF722FD00215A
:104590000420FCF71EFD40F202210820FCF719FD63
:1045A00000210920FCF715FD00210A20FCF711FD70
:1045B00001210C20FCF70DFD00210D20FCF709FD69
:1045C00000210F20FCF705FD00211020FCF701FD64
:1045D00007211120FCF7FDFC00211220FCF7F9FC5B
:1045E00000211320FCF7F5FC01210720FCF7F1FC6A
:1045F000322003F05DFD41F290411020FCF7E9FC10
:1046000040F227211120FCF7E4FC322003F050FD9A
:104610008A211220FCF7DDFC322003F049FD4FF423
:10462000D0511320FCF7D5FC06212920FCF7D1FC42
:104630000D212B20FCF7CDFC322003F039FD0021A9
:104640002020FCF7C6FC00212120FCF7C2FC322010
:1046500003F02EFD002100E075E03020FCF7B9FCEE
:1046600040F204613120FCF7B4FC40F20531322005
:10467000FCF7AFFC00213520FCF7ABFC40F609410C
:104680003620FCF7A6FC4FF401713720FCF7A1FCA3
:1046900040F201313820FCF79CFC40F207713920D0
:1046A000FCF797FC00213C20FCF793FC40F60A2124
:1046B0003D20FCF78EFC322003F0FAFC0021502054
:1046C000FCF787FCEF215120FCF783FC00215220EE
:1046D000FCF77FFC40F23F115320FCF77AFC4FF4CB
:1046E00027416020FCF775FC01216120FCF771FC7B
:1046F00000216A20FCF76DFC00218020FCF769FC9A
:1047000000218120FCF765FC00218220FCF761FC80
:1047100000218320FCF75DFC00218420FCF759FC7C
:1047200000218520FCF755FC10219020FCF751FC5E
:104730004FF4C0619220FCF74CFC40F2331107208B
:10474000FCF747FC24E61248808849F22031884271
:104750007ED100210846FCF73CFC4FF4807101201B
:10476000FCF737FC4FF4E0610220FCF732FC41F229
:1047700030010320FCF72DFC00210420FCF729FC6C
:1047800040F202210820FCF724FC0021092001E06E
:1047900058020020FCF71DFC00210A20FCF719FC40
:1047A00001210C20FCF715FC00210D20FCF711FC69
:1047B00000210F20FCF70DFC322003F079FC40F2C1
:1047C00001110720FCF705FC322003F071FC4FF4C7
:1047D00086511020FCF7FDFB07211120FCF7F9FBA7
:1047E0004FF488711220FCF7F4FB4FF43061132072
:1047F000FCF7EFFB00212920FCF7EBFB44F2100152
:104800002B20FCF7E6FB00215020FCF7E2FBEF2118
:104810005120FCF7DEFB00215220FCF7DAFB40F2CE
:104820003F115320FCF7D5FB4FF41C516020FCF7DF
:10483000D0FB01216120FCF7CCFB00216A20FCF7B2
:10484000C8FB00218020FCF7C4FB0021812000E090
:1048500030E0FCF7BEFB00218220FCF7BAFB002110
:104860008320FCF7B6FB00218420FCF7B2FB00217B
:104870008520FCF7AEFB10219020FCF7AAFB00215D
:104880009220FCF7A6FB01219320FCF7A2FB4FF43A
:1048900088719520FCF79DFB00219720FCF799FB80
:1048A00000219820FCF795FB40F273110720FCF7DC
:1048B00090FB6DE5FE48808849F2313188427DD118
:1048C00041F21401E720FCF784FB4FF480710120D2
:1048D000FCF77FFB4FF400710220FCF77AFB41F2FA
:1048E00038010320FCF775FB40F202210820FCF799
:1048F00070FB00210920FCF76CFB00210A20FCF76B
:1049000068FB00210C20FCF764FB00210D20FCF764
:1049100060FB00210F20FCF75CFB00211020FCF75E
:1049200058FB07211120FCF754FB00211220FCF753
:1049300050FB00211320FCF74CFBC82003F0B8FB10
:1049400041F290611020FCF744FB40F22721112036
:10495000FCF73FFB322003F0ABFB0C211220FCF7ED
:1049600038FB322003F0A4FB4FF400611320FCF766
:1049700030FB11212920FCF72CFB0B212B20FCF70D
:1049800028FB322003F094FB00212020FCF721FBC0
:1049900040F23F112120FCF71CFB00213020FCF7E6
:1049A00018FB4FF483713120FCF713FB00213220F8
:1049B000FCF70FFB4FF40171352000E064E0FCF7D9
:1049C00008FB41F20A613620FCF703FB40F2077155
:1049D0003720FCF7FEFA4FF483713820FCF7F9FA20
:1049E00040F207713920FCF7F4FA40F202413C2012
:1049F000FCF7EFFA40F60F413D20FCF7EAFA002100
:104A00005020FCF7E6FAEF215120FCF7E2FA0021F2
:104A10005220FCF7DEFA40F23F115320FCF7D9FA9E
:104A20004FF41C516020FCF7D4FA01216120FCF7FF
:104A3000D0FA00216A20FCF7CCFA00218020FCF794
:104A4000C8FA00218120FCF7C4FA00218220FCF77B
:104A5000C0FA00218320FCF7BCFA00218420FCF777
:104A6000B8FA00218520FCF7B4FA10219020FCF759
:104A7000B0FA4FF4C0619220FCF7ABFA40F2331168
:104A80000720FCF7A6FA83E48948808845F20841AC
:104A900088427DD14FF480710120FCF79AFA4FF4DF
:104AA000E0610220FCF795FA41F230010320FCF7A7
:104AB00090FA00210420FCF78CFA40F2072108202C
:104AC000FCF787FA00210920FCF783FA00210A206D
:104AD000FCF77FFA00210C20FCF77BFA00210D2067
:104AE000FCF777FA00210F20FCF773FA142003F08B
:104AF000DFFA41F2B0611020FCF76BFA01211120BE
:104B0000FCF767FA01211720FCF763FA4FF49C7158
:104B10001220FCF75EFA4FF400611320FCF759FAFB
:104B200009212920FCF755FA09212A20FCF751FA1E
:104B30000021A420FCF74DFA00215020FCF749FA8F
:104B4000EF215120FCF745FA00215220FCF741FAF1
:104B500040F23F115320FCF73CFA4FF41C51602007
:104B6000FCF737FA01216120FCF733FA00216A20B3
:104B7000FCF72FFA00218020FCF72BFA002181207E
:104B8000FCF727FA00218220FCF723FA002100E03D
:104B900024E08320FCF71DFA00218420FCF719FA99
:104BA00000218520FCF715FA13219020FCF711FA5B
:104BB00000219220FCF70DFA03219320FCF709FA5B
:104BC0004FF488719520FCF704FA40F27311072026
:104BD000FCF7FFF9322003F06BFAB8E43448808820
:104BE00041F2055188427DD100210720FCF7F1F9FF
:104BF000322003F05DFA4FF48E711220FCF7E9F9D0
:104C00000121A420FCF7E5F90F210820FCF7E1F9C8
:104C100008210A20FCF7DDF908210D20FCF7D9F95D
:104C200040F207713020FCF7D4F907213120FCF75E
:104C3000D0F940F203613220FCF7CBF94FF4E06188
:104C40003320FCF7C6F940F202213420FCF7C1F909
:104C500002213520FCF7BDF941F60F713620FCF733
:104C6000B8F940F207713720FCF7B3F9002138207A
:104C7000FCF7AFF900213920FCF7ABF940F20771DE
:104C80003A20FCF7A6F900213B20FCF7A2F9072106
:104C90003C20FCF79EF900213D20FCF79AF93220D8
:104CA00003F006FA01210720FCF793F9012101E046
:104CB000580200201720FCF78CF9322003F0F8F995
:104CC0004FF4BD511020FCF784F940F21721112058
:104CD000FCF77FF94FF48F711220FCF77AF94FF44B
:104CE000706100E098E01320FCF773F900212A209E
:104CF000FCF76FF90A212920FCF76BF94FF49F713B
:104D00001220FCF766F900215020FCF762F9EF2130
:104D10005120FCF75EF900215220FCF75AF940F2CD
:104D20003F115320FCF755F94FF41C516020FCF75C
:104D300050F901216120FCF74CF900216A20FCF7B1
:104D400048F900218020FCF744F900218120FCF77C
:104D500040F900218220FCF73CF900218320FCF778
:104D600038F900218420FCF734F900218520FCF774
:104D700030F913219020FCF72CF94FF44071922068
:104D8000FCF727F905219320FCF723F90021952052
:104D9000FCF71FF900219720FCF71BF90021982050
:104DA000FCF717F94FF480710120FCF712F94FF46A
:104DB000E0610220FCF70DF941F238010320FCF715
:104DC00008F900210420FCF704F900210C20FCF76D
:104DD00000F900210F20FCF7FCF800212020FCF74F
:104DE000F8F800212120FCF7F4F821210720FCF736
:104DF000F0F8142003F05CF961210720FCF7E9F8D2
:104E0000142003F055F940F273110720FCF7E1F884
:104E1000142003F04DF995E4FE4880884BF20551CB
:104E200088427CD100210846FCF7D3F800210846CF
:104E3000FCF7CFF800210846FCF7CBF80021084624
:104E4000FCF7C7F80121A420FCF7C3F8142003F0F5
:104E50002FF94FF41C516020FCF7BBF840F20221FF
:104E60000820FCF7B6F84FF405713020FCF7B1F8D4
:104E700043F215713120FCF7ACF840F204613220A6
:104E8000FCF7A7F840F616613320FCF7A2F842F2CF
:104E900011213420FCF79DF84FF4A8513520FCF780
:104EA00098F848F207513620FCF793F841F2074191
:104EB0003720FCF78EF841F203413820FCF789F8DF
:104EC00020213920FCF785F81A219020FCF781F881
:104ED00000211020FCF77DF807211120FCF779F85C
:104EE00000211220FCF775F800211320FCF771F85F
:104EF000142003F0DDF84FF4E6611020FCF769F8A8
:104F000040F237111120FCF764F8142003F0D0F8B8
:104F10004FF4DC711220FCF75CF8142000E085E00F
:104F200003F0C6F84FF470611320FCF752F88021AB
:104F30002A20FCF74EF848212920FCF74AF81420D3
:104F400003F0B6F84FF480710120FCF742F84FF4FB
:104F5000E0610220FCF73DF841F238010320FCF744
:104F600038F840F202210820FCF733F800210A202B
:104F7000FCF72FF800210C20FCF72BF800210D2066
:104F8000FCF727F830210E20FCF723F800215020F1
:104F9000FCF71FF8EF215120FCF71BF800215220ED
:104FA000FCF717F840F23F115320FCF712F84FF4CA
:104FB0001C516020FCF70DF801216120FCF709F875
:104FC00000216A20FCF705F811219020FCF701F878
:104FD0004FF4C0619220FBF7FCFF40F202419320A6
:104FE000FBF7F7FF02219420FBF7F3FF142003F0F7
:104FF0005FF801210720FBF7ECFF142003F058F8BD
:1050000061210720FBF7E5FF40F273110720FBF752
:10501000E0FF00212020FBF7DCFF00212120FBF72F
:10502000D8FF22210020FBF7D4FF11E379488088C4
:105030004CF2055188427CD100210846FBF7C9FF9C
:1050400000210846FBF7C5FF142003F031F80021CA
:105050000846FBF7BEFF00210846FBF7BAFF002118
:105060000846FBF7B6FF00210846FBF7B2FF012117
:10507000A420FBF7AEFF142003F01AF84FF41C51E4
:105080006020FBF7A6FF40F606010820FBF7A1FF12
:1050900040F203713020FBF79CFF01213120FBF728
:1050A00098FF04213220FBF794FF4FF481713320E5
:1050B000FBF78FFF4FF440713420FBF78AFF40F27B
:1050C00003113520FBF785FF1F213620FBF781FFF9
:1050D00040F203713720FBF77CFF01213820FBF7FA
:1050E00078FF04213920FBF774FF15219020FBF78E
:1050F00070FF4FF482611020FBF76BFF40F24721F5
:105100001120FBF766FF4FF4DE711220FBF761FF01
:105110004FF460611320FBF75CFF782002F0C8FFBA
:105120004FF480710120FBF754FF4FF4007102200F
:1051300000E052E0FBF74DFF41F230010320FBF7A6
:1051400048FF08210A20FBF744FF00210C20FBF751
:1051500040FF20210E20FBF73CFF00210F20FBF732
:1051600038FF00212020FBF734FF00212120FBF72E
:1051700030FF3D212A20FBF72CFF142002F098FF7E
:105180002D212920FBF725FF00215020FBF721FFCF
:105190004DF2EF015120FBF71CFF00215220FBF7DD
:1051A00018FF40F23F115320FBF713FF002161204D
:1051B000FBF70FFF00216A20FBF70BFF4FF4407154
:1051C0009220FBF706FF05219320FBF702FF4FF427
:1051D00080710720FBF7FDFE3AE20E48808844F21A
:1051E000315188427ED101210020FBF7F2FE0A20D6
:1051F00002F05EFF41F228611020FBF7EAFE0E216B
:105200001220FBF7E6FE40F639211320FBF7E1FE02
:105210000A2001E05802002002F04AFF402111203C
:10522000FBF7D7FE50211520FBF7D3FE0A2002F032
:105230003FFF1E211220FBF7CCFE0A2002F038FFB0
:105240004FF4B1511020FBF7C4FE42F63921132070
:10525000FBF7BFFE0A2002F02BFF4FF48071012004
:10526000FBF7B7FE4FF440710220FBF7B2FE41F2AC
:1052700038010320FBF7ADFE40F202210820FBF7C6
:10528000A8FE08210A20FBF7A4FE00213020FBF72E
:10529000A0FE40F202413120FBF79BFE4FF48371E8
:1052A0003220FBF796FE40F203513320FBF791FECC
:1052B0004FF482713420FBF78CFE40F2013135202F
:1052C000FBF787FE40F207713620FBF782FE40F2C3
:1052D00005313720FBF77DFE4FF402713820FBF7D4
:1052E00078FE00E03EE040F60B713920FBF771FEDE
:1052F00002214120FBF76DFE4FF41C516020FBF7AB
:1053000068FE01216120FBF764FE4FF404719020D8
:10531000FBF75FFE4FF485719220FBF75AFE0421E4
:105320009320FBF756FE4FF48071A020FBF751FE4F
:1053300001210720FBF74DFE21210720FBF749FE45
:1053400023210720FBF745FE33210720FBF741FE11
:1053500040F233110720FBF73CFE0021A020FBF7B1
:1053600038FE75E1F748808844F2355188427CD197
:1053700030211520FBF72DFE10219A20FBF729FE86
:1053800020211120FBF725FE43F228411020FBF7D6
:1053900020FE02211220FBF71CFE41F238011320EF
:1053A000FBF717FE282002F083FE12210846FBF7C8
:1053B00010FE282002F07CFE43F220411020FBF773
:1053C00008FE43F238011320FBF703FE462002F0EB
:1053D0006FFE00213020FBF7FCFD40F2024131203E
:1053E000FBF7F7FD40F207313220FBF7F2FD4FF4F7
:1053F00041713320FBF7EDFD04213420FBF7E9FD7B
:1054000040F201413520FBF7E4FD40F20771362000
:10541000FBF7DFFD40F205313720FBF7DAFD4FF4F3
:10542000C2613820FBF7D5FD4FF4C2613920FBF78C
:10543000D0FD4FF480710120FBF7CBFD4FF440719C
:105440000220FBF7C6FD41F230010320FBF7C1FD4E
:1054500040F608010820FBF7BCFD08210A20FBF7F5
:10546000B8FD4FF41C51602000E033E0FBF7B1FDC4
:1054700001216120FBF7ADFD4FF49F719020FBF7F8
:10548000A8FD4FF480719220FBF7A3FD4FF48071CB
:105490009320FBF79EFD4FF44051A020FBF799FDB0
:1054A0001021A320FBF795FD01210720FBF791FDBB
:1054B00021210720FBF78DFD23210720FBF789FD24
:1054C00033210720FBF785FD40F233110720FBF75E
:1054D00080FDBDE09B48808841F663118842F8D189
:1054E000E220FBF75BFD1D20FBF761FD0220FBF7CF
:1054F0005EFD0420FBF75BFD642002F091FDE020DF
:10550000FBF74CFD0120FBF752FD0A2002F0D0FD15
:10551000E020FBF743FD0320FBF749FD0C2002F0E0
:10552000C7FD0120FBF73AFD0A2002F0C1FDE6208D
:10553000FBF734FD2F20FBF73AFDFF20FBF737FD8B
:10554000FF20FBF734FDB020FBF728FD2020FBF700
:105550002EFD0020FBF72BFD0320FBF728FD40F27A
:105560001F30FBF724FD0120FBF721FD40F2DF1087
:10557000FBF71DFD0020FBF71AFDB420FBF70EFD25
:105580000420FBF714FD40F21F40FBF710FD002044
:10559000FBF70DFD2E20FBF70AFD0020FBF707FDB2
:1055A0000020FBF704FD0020FBF701FD0020FBF7C6
:1055B000FEFCB620FBF7F2FC0220FBF7F8FC4FF4F0
:1055C0000370FBF7F4FC0020FBF7F1FC1720FBF75E
:1055D000EEFC1520FBF7EBFC0020FBF7E8FC0020BD
:1055E000FBF7E5FCF020FBF7D9FC0320FBF7DFFC21
:1055F0002920FBF7D3FCD020FBF7D0FC0020FBF7E1
:10560000D6FCBE20FBF7CAFC0520FBF7D0FCFE2031
:10561000FBF7CDFC0120FBF7CAFC0020FBF7C7FC21
:105620000020FBF7C4FC0020FBF7C1FCB820FBF70F
:10563000B5FC0320FBF7BBFC0120FBF7B8FCBA204C
:10564000FBF7ACFC0120FBF7B2FC6420FCF719F976
:105650000020FCF742F901203B4908604FF6FF703B
:10566000FCF72AFB21B000BD2DE9FC4F05460E4694
:1056700017469846DDF82C9000200190314880882C
:1056800046F60401884229D12E488079012825D187
:10569000AB4635462B480088C01B401E86B24746A5
:1056A00028480088A0EB0B00401E1FFA80F800205D
:1056B000244988712A2048812B20888143463A4614
:1056C00031462846CDF80090FFF7CEFF01201D4956
:1056D00088712B2048812A2088811DE0781B401C7E
:1056E00080B20190344615E021462846FBF7A0FC25
:1056F000FBF781FC4FF0000A07E04FF0D840A0F81C
:1057000080900AF101001FFA80FA01988245F4DBCB
:10571000601C84B24445E7DDBDE8FC8F2DE9F84FFD
:1057200007460D4690469946DDF828B0A8EB0700DD
:10573000401C1FFA80FAA9EB0500401C80B20090C3
:10574000002418E058020020BC824042281981B28F
:105750003846FBF76DFCFBF74EFC002607E004FB28
:105760000A603BF81000F8490880701C86B2564564
:10577000F5DB601C84B200988442E7DBBDE8F88F5B
:105780002DE9FF4F84B081468A46002003900290A5
:105790000698A0EB09050798A0EB0A06CDF804903F
:1057A000CDF800A0002D01DD012705E00DB900278F
:1057B00002E04FF0FF376D42002E02DD4FF001088E
:1057C00006E016B94FF0000802E04FF0FF387642CD
:1057D000B54201DD2C4600E034464FF0000B21E0DD
:1057E000009A91B2019A90B2FBF77BFF039828448C
:1057F00003900298304402900398A04205DD03987C
:10580000001B03900198384401900298A04205DDE6
:105810000298001B02900098404400900BF1010098
:105820001FFA80FB601C8345DADD08B0BDE8F08F0D
:10583000F0B504460D4616461F462B46324629460D
:105840002046FFF79DFF3B46224629462046FFF7AC
:1058500097FF3B46324639462046FFF791FF3B46CD
:10586000324629463046FFF78BFFF0BD2DE9F04365
:1058700006460F469046002445460320A0EB480903
:105880003CE07A1B91B2321990B2FBF72AFF3A1B27
:1058900091B2721990B2FBF724FF3A1991B27219C2
:1058A00090B2FBF71EFF7A1991B2321990B2FBF752
:1058B00018FF7A1991B2321B90B2FBF712FF3A1916
:1058C00091B2721B90B2FBF70CFF7A1B91B2321BA4
:1058D00090B2FBF706FF3A1B91B2721B90B2FBF736
:1058E00000FF641CB9F1000F03DAA000801D8144A1
:1058F00004E0601B80000A3081446D1EAC42C0DDB4
:10590000BDE8F0832DE9F84F80460E4617461C4649
:10591000B3462046E31704EB5373DB1021464FEAEE
:10592000E47C04EB5C7C4FEAEC0CA4EBCC0CBCF10B
:10593000000F02D04FF0010C01E04FF0000C634467
:10594000224604EBD27C4FEA6C0C03FB0CF3DBB277
:105950000093A7F12000C7B2002556E00C2C07D118
:1059600007EB4700794901EB800010F8059013E040
:10597000102C05D1764800EB071010F805900BE0CD
:10598000182C07D107EBC700724901EB800010F813
:10599000059001E0BDE8F88F4FF0000A2FE009F014
:1059A000800030B16C48028831464046FBF7A7FEC4
:1059B00007E00A9828B96948028831464046FBF753
:1059C0009EFE4FEA49604FEA1069701C86B2644837
:1059D0004088B04200DCDDE7A6EB0B00A0420AD114
:1059E0005E4608F101001FFA80F85D4800884045D6
:1059F00000DCCFE706E00AF1010000F0FF0ABAF18F
:105A0000080FCCDB00BF681CC5B200988542A5DB3F
:105A100000BFBFE710B50246012000E050430B1E57
:105A2000A1F10104E1B2F9D110BD2DE9FF4F81B020
:105A3000074691461E460E9D4FF0000A002439E0AD
:105A4000301B401EC1B20A20FFF7E4FFB9FBF0F0A3
:105A50000A21B0FBF1F201FB1208BAF1000F16D1D6
:105A6000701EA04213DDB8F1000F0ED10020AB462E
:105A700005EBDB71491001FB0471009088B22B46E5
:105A800020220299FFF73EFF12E04FF0010A0020AA
:105A9000AB4605EBDB71491001FB0471009088B245
:105AA00008F13001CAB22B460299FFF72BFF00BF65
:105AB000601CC4B2B442C3DB05B0BDE8F08F2DE971
:105AC000FF4F82B0064692461F46DDE90F48002090
:105AD000019000255CE0781B401EC1B20A20FFF750
:105AE00099FFBAFBF0F00A21B0FBF1F201FB1209B9
:105AF000019840BB781EA84236DDB9F1000F31D1C4
:105B000008F0800078B108F00100A34604EBDB71D7
:105B1000491001FB0561009088B2234630220399A9
:105B2000FFF7F0FE0EE008F00100A34604EBDB7186
:105B3000491001FB0561009088B223462022039999
:105B4000FFF7E0FE22E00FE08000006C4CDA000876
:105B5000C0DE0008B0E400081A0000201C0000208D
:105B6000580200200120019008F00100A34604EB38
:105B7000DB71491001FB0561009088B209F1300129
:105B8000CAB223460399FFF7BDFE00BF681CC5B229
:105B9000BD42A0DB06B0BDE8F08F2DE9F847044612
:105BA0000D4690469946DDE9096704F0FF0A08EBC7
:105BB00004001FFA80F809EB05001FFA80F916E0CF
:105BC000444502DB5446A81985B24D4500DB14E07C
:105BD000002000903A78334629462046FFF792FE8F
:105BE000304606EBD07104EB61018CB27F1C387833
:105BF0007E2802DC38782028E2DA00BFBDE8F8878A
:105C00001CB50121112003F0B3F91C2000900020E5
:105C10008DF8040003208DF8050001208DF80700A1
:105C20006946354802F022FC0120009002208DF8E0
:105C300007006946314802F019FC1CBD10B5044646
:105C400014B101202E4908702D480078002837D063
:105C50001021294802F06CFC78B10821264802F096
:105C600067FC50B10421244802F062FC28B10121F4
:105C7000224802F05DFC012822D10A2002F018FA25
:105C800000201F49087010211B4802F051FC08B980
:105C9000012010BD0821184802F04AFC08B9022072
:105CA000F7E70421144802F043FC08B90320F0E7A9
:105CB0000121124802F03CFC01281BD10420E8E736
:105CC00010210D4802F034FC012813D108210A48A4
:105CD00002F02EFC01280DD10421074802F028FC17
:105CE000012807D10121054802F022FC10B901204A
:105CF000034908700020CCE7001002400000024079
:105D00001E0000201CB50121022003F031F94FF4E0
:105D10004070009001208DF8040000208DF80600EE
:105D200003208DF8050001208DF807006946894899
:105D300002F09CFB0120884908608849C1F8A40250
:105D40001CBD10B58348006820F4402081490860DC
:105D50000846006840F48020086001207E49091D43
:105D600008607E49C1F8A002042002F059F9002021
:105D70007949091D0860042002F052F90020774992
:105D8000C1F8A00210BD10B57248006820F4402090
:105D9000704908600846006840F4802008600020D0
:105DA0006D4908606D49C1F8A402042002F038F979
:105DB0000120694908606949C1F8A402042002F081
:105DC0002FF910BD10B500246248006820F440206F
:105DD0006049086008460068086001205E49091DA6
:105DE000086002F01DF901205C49C1F8A00202F030
:105DF00017F907E0601CC4B2FA2C03DDFFF7C3FFFC
:105E0000012010BD54487C3800680028F2D1524966
:105E1000086000BFF5E710B500204F4908604D4805
:105E2000006820F440204B4908600846006840F4B0
:105E30008020086000204949C1F8A402022002F035
:105E4000EFF8012044490860022002F0E9F8002040
:105E50004249C1F8A00210BD10B500203E490860BB
:105E60003C48006820F440203A4908600846006831
:105E700040F48020086001203849C1F8A4020220C3
:105E800002F0CEF8012034490860022002F0C8F880
:105E900000203249C1F8A00210BD70B504462D485B
:105EA000006820F440202B4908600846006840F450
:105EB00080200860002028490860002517E0E009DC
:105EC0002549091D08606006040E022002F0A8F8AA
:105ED00001202249C1F8A002022002F0A1F800200E
:105EE0001D490860022002F09BF8681CC5B2082D0D
:105EF000E5DB70BD70B5054600241648006820F447
:105F0000402014490860084600680860002616E032
:105F1000002011490860022002F082F801200F4998
:105F2000C1F8A0026006040E0B487C38006808B176
:105F3000601CC4B2012002F073F8701CC6B2082EB7
:105F4000E6DB15B9FFF788FF01E0FFF764FF2046A5
:105F500070BD000000040240A08240420080404228
:105F600010B5FFF7CFFE10BD70B504460026FFF751
:105F7000E8FE2546E11704EB11610912A02202EBAD
:105F80004101C8B2FFF789FFFFF71CFFE11704EBDF
:105F900011610912A4EB0121C8B2FFF77EFFFFF7E0
:105FA00011FFFFF7CEFEA120FFF777FFFFF70AFFF3
:105FB0000020FFF79FFF0646FFF7E5FE304670BD65
:105FC00070B504460E46FFF7BCFE2546E11704EB0C
:105FD00011610912A02202EB4101C8B2FFF75DFF77
:105FE000FFF7F0FEE11704EB11610912A4EB0121A8
:105FF000C8B2FFF752FFFFF7E5FE3046FFF74DFF4F
:10600000FFF7E0FEFFF7BFFE0A2002F051F870BD77
:106010002DE9F04105460E461746002409E0E2004E
:1060200026FA02F2D1B22A1990B2FFF7C9FF601C1A
:10603000C4B2BC42F3DBBDE8F0812DE9F041074674
:106040000C460026002509E036023919491B491E75
:1060500088B2FFF789FF0644681CC5B2A542F3DB8E
:106060003046BDE8F08110B5FF20FFF77DFF044604
:10607000552C01D1002010BD5521FF20FFF7A0FFB6
:10608000FF20FFF771FF0446552C01D10020F2E7F5
:106090000120F0E770B506460C46154608E030468C
:1060A000721C96B2FFF760FF04F8010B681E85B200
:1060B000002DF4D170BD70B505460C46164606E0BD
:1060C00021782846FFF77CFF681C85B2641C301ECF
:1060D000A6F101018EB2F3D170BD000010B502200F
:1060E00001F09EFF10BD1CB50121222002F040FFEF
:1060F000012000908DF8040000208DF8060001209A
:106100008DF807006946844802F0B0F94FF400604A
:10611000009001208DF804006946804802F0A6F93D
:106120001CBD10B57D48006820F440007B49086024
:106130000846006840F48000086001207849086043
:106140007849C1F880021E2001F06AFF00207449DE
:106150000860FFF7C3FF00207249C1F8800210BD3C
:1061600010B56E48006820F440006C49086008468D
:10617000006840F48000086001206B4908601E2020
:1061800001F04EFF00206949C1F8AC02FFF7A6FFFD
:1061900001206349086010BD10B500245F48006805
:1061A00020F440005D49086008460068086001204E
:1061B0005B4908605B49C1F88002FFF78FFF09E087
:1061C000601CC4B2FA2C03DDFFF7CAFF012010BD2A
:1061D000FFF784FF5248803800680028F0D1524908
:1061E000086000BFF3E710B500204F4908604B4836
:1061F000006820F44000494908600846006840F4FF
:1062000080000860FFF76AFF00204849C1F8AC022F
:10621000FFF764FF012044490860FFF75FFF00209B
:106220004049C1F8800210BD10B500203E49086009
:106230003A48006820F44000384908600846006881
:1062400040F480000860FFF749FF01203749C1F89A
:10625000AC02FFF743FF012033490860FFF73EFF20
:1062600000203049C1F8800210BD70B504462B48AB
:10627000006820F44000294908600846006840F49E
:1062800080000860002028490860FFF727FF0025EC
:1062900011E0E009224908606006040E012021494E
:1062A000C1F88002FFF71AFF00201F490860FFF7BE
:1062B00015FF681CC5B2082DEBDB70BD70B5054637
:1062C00000241648006820F440001449086008467D
:1062D000006808601E2001F0A3FE002612E00020E6
:1062E00011490860FFF7FAFE01200E49C1F880024B
:1062F0006006040E0A488038006808B1601CC4B209
:10630000701CC6B2082EEADB15B9FFF78DFF01E05D
:10631000FFF769FF204670BD0004024000140240F0
:10632000AC82424200804042808240420080424231
:106330002DE9F04104460E4617464FF00008FFF7DE
:10634000F0FE2820FFF791FFFFF726FF2012FFF74E
:106350008CFFFFF721FFE0B2FFF787FFFFF71CFF7D
:1063600000250BE0705DFFF780FFFFF715FF80460B
:10637000B8F1000F00D003E0681CC5B2BD42F1DBEC
:1063800000BFFFF7EDFE4046BDE8F08138B5054699
:10639000002400208DF800008DF8015000BF09E0B6
:1063A0009DF80000E149095D0844C0B28DF8000085
:1063B000601CC4B2B82CF3D39DF80000C043401C4D
:1063C000C0B28DF80000B822D84948F24700FFF764
:1063D000AFFF0222694648F2FF00FFF7A9FF002045
:1063E00038BD2DE9F04105460F461646FFF799FEE8
:1063F0002820FFF73AFFFFF7CFFE2812FFF735FFFF
:10640000FFF7CAFEE8B2FFF730FFFFF7C5FEFFF760
:1064100088FE2920FFF729FFFFF7BEFE00240BE0CE
:10642000711EA14201D0012100E000210846FFF7C2
:1064300045FF3855601CC4B2B442F1DBFFF790FE53
:10644000BDE8F0811FB50121062002F091FD022078
:10645000009000208DF804008DF8060003208DF8D0
:10646000050001208DF807006946B14801F0FEFFE4
:106470004FF40050009001208DF804006946AD48AB
:1064800001F0F4FFFFF72FFE0020AB4908600A205F
:1064900001F00EFE0120A949C1F8B4020A2001F062
:1064A00007FE0220009001208DF8040000208DF8E6
:1064B000070069469E4801F0D9FF642001F0F8FD0D
:1064C000042202A948F24010FFF78BFF00208DF84C
:1064D0000C0002A99AA005F0F3F89CA102A805F00F
:1064E00077FA48BB02208DF80800012202A948F281
:1064F0004000FFF71DFF012202A948F24700FFF705
:1065000070FF9DF80800602807DA9DF8081091A038
:1065100005F0D6F80120FFF739FF0A2001F0C8FD89
:1065200000208DF80800012202A948F24000FFF780
:10653000FFFE002004B010BD0120FBE771B583B061
:106540000024002688480078401C874908700846C7
:1065500000780A2190FBF1F201FB120018B1824889
:1065600000780A287EDA012203A948F24E10FFF7CC
:1065700038FF9DF80C0000F0800068B19DF80C0019
:1065800000F00F00062807DA00200190012201A97F
:1065900048F24E10FFF7CCFE9DF80C0000F00F0003
:1065A00000285FD09DF80C0000F00F000628D9DA13
:1065B0009DF80C0000F00F01FF208840C0B2019050
:1065C0006A4890F820509DF80400C043C0B240F0E3
:1065D000C000664981F82000084681898182C18A0D
:1065E000C183002446E0614890F820000121A140C9
:1065F000084020B35E4931F81400042202A9FFF7D5
:10660000F0FE5A4890F8300000F00100C0B19DF84B
:1066100008009DF8091000EB012081B253481630A4
:1066200020F814109DF80A009DF80B1000EB0120D3
:10663000C0F5487081B24D480C3020F8141017E0B6
:106640009DF808009DF8091000EB012081B2474831
:106650000C3020F814109DF80A009DF80B1000EB88
:10666000012000E036E081B24048163020F81410D6
:10667000601CC4B2052CB6DB01263C4880893D492C
:106680000988884205DC3948C08A3A4949888842E5
:106690001DDD9DF80C0000F00F0001280ADD3348D5
:1066A000C089324988810846008BC88200202E4963
:1066B00008700FE02D48808A2C4988810846C08BDD
:1066C000C88280200390084680F8205002E0002015
:1066D000254908709DF80C0000F08F0080281AD121
:1066E000224890F8200000F0800040B11F4890F848
:1066F000200020F080001D4981F820000BE04FF6BB
:10670000FF701A498881C882084690F8200000F07E
:10671000E00081F8200014480078F02802DD0A200B
:1067200011490870304604B070BD00000CF200083A
:106730000004024000080240B4024142000041420D
:106740004354502049443A25730D0A0039313437F7
:106750000000000044656661756C74205665723AED
:1067600025640D0A000000001F0000202400002006
:10677000C4F20008580200202DE9F04104460E46FC
:1067800017464FF00008FFF7CCFCB220FFF76DFD75
:10679000FFF702FD2012FFF768FDFFF7FDFCE0B2F6
:1067A000FFF763FDFFF7F8FC00250BE0705DFFF7D6
:1067B0005CFDFFF7F1FC8046B8F1000F00D003E06C
:1067C000681CC5B2BD42F1DB00BFFFF7C9FC404603
:1067D000BDE8F0812DE9F04105460F461646FFF76A
:1067E000A0FCB220FFF741FDFFF7D6FC2812FFF70F
:1067F0003CFDFFF7D1FCE8B2FFF737FDFFF7CCFC1B
:10680000FFF78FFCB320FFF730FDFFF7C5FC002436
:106810000BE0711EA14201D0012100E000210846D9
:10682000FFF74CFD3855601CC4B2B442F1DBFFF7F2
:1068300097FCBDE8F08138B50446002000900CB10B
:1068400080200090012269464FF45060FFF794FFCA
:1068500038BD0EB5002002900121062002F088FB11
:106860000220009000208DF804008DF8060003201F
:106870008DF8050001208DF807006946904801F069
:10688000F5FD4FF40050009001208DF8040069469A
:106890008C4801F0EBFDFFF726FC00208A490860D8
:1068A000642001F005FC01208849C1F8B40264208D
:1068B00001F0FEFB0120FFF7BEFF012202A94FF409
:1068C0005060FFF787FF9DF8081081A004F0F8FEE4
:1068D0009DF80800802801D100200EBD0120FCE7B2
:1068E00031B52DED068B82B0002400257B48007861
:1068F000401C7A490870084600780A2190FBF1F2A2
:1069000001FB120018B1754800780A287EDA0122CE
:1069100008A90020FFF75EFF9DF8200000F01F008F
:10692000002873D09DF8200000F01F0040F0C00048
:106930006B4981F82000002486E0694890F8200027
:106940000121A140084000287CD0664931F814009C
:10695000042201A9FFF73EFF614890F8300000F0E3
:106960000100D0B39DF807109DF8062001EB02202E
:1069700006F021FC41EC190B9FED5B0B53EC102B47
:1069800006F080FC41EC180B06F0E8FB81B254489D
:10699000163020F814109DF805109DF8042001EB26
:1069A000022006F008FC41EC1A0B9FED510B53EC52
:1069B000102B06F067FC41EC190B9FED4F0B53ECCD
:1069C000102B06F093FD41EC180B06F0C7FB81B2CB
:1069D00043480C3020F8141034E0FFE79DF807100E
:1069E0009DF8062001EB022006F0E5FB41EC190BB7
:1069F0009FED3D0B53EC102B06F044FC41EC180BC3
:106A000006F0ACFB81B236480C3000E02BE020F8F9
:106A100014109DF805109DF8042001EB022006F0EB
:106A2000CAFB41EC190B9FED320B53EC102B06F017
:106A300029FC41EC180B06F091FB81B22848163076
:106A400020F81410601CC4B2052CFFF676AF0125A7
:106A50002348808920B92248C08A08B900200890BC
:106A600000201E4908709DF8200000F01F00D0B9DA
:106A70001B4890F8200000F0800040B1184890F8C2
:106A8000200020F08000164981F820000BE04FF62E
:106A9000FF7013498881C882084690F8200000F0F2
:106AA000E00081F820000D480078F02802DD0A207F
:106AB0000A490870284602B0BDEC068B38BD0000BC
:106AC0000004024000080240B4024142000041427A
:106AD0004354502049443A25780D0A0020000020F4
:106AE00024000020CEF200087B14AE47E17AD43FA8
:106AF000D881734694F6D23F000000000000894020
:106B00002DE9F04105460E4617464FF00008FFF705
:106B100008FB7020FFF7A9FBFFF73EFBE8B2FFF789
:106B2000A4FBFFF739FB00240BE0305DFFF79DFB72
:106B3000FFF732FB8046B8F1000F00D003E0601C85
:106B4000C4B2BC42F1DB00BFFFF70AFB4046BDE820
:106B5000F0812DE9F04106460F461546FFF7E1FAB0
:106B60007020FFF782FBFFF717FBF0B2FFF77DFB0A
:106B7000FFF712FBFFF7D5FA7120FFF776FBFFF75F
:106B80000BFB00240BE0691EA14201D0012100E0B3
:106B900000210846FFF792FB3855601CC4B2AC4296
:106BA000F1DBFFF7DDFABDE8F0810EB5012106202B
:106BB00002F0DEF90220009000208DF804008DF82C
:106BC000060003208DF8050001208DF807006946B6
:106BD0008C4801F04BFC4FF40050009001208DF8E0
:106BE00004006946884801F041FCFFF77CFA002068
:106BF00086490860142001F05BFA01208449C1F83D
:106C0000B402322001F054FA00208DF8080001226D
:106C100002A9FFF775FF012202A9A420FFF770FF68
:106C200016208DF80800012202A98020FFF768FFD6
:106C30000C208DF80800012202A98820FFF760FFD0
:106C4000022202A9A120FFF784FF9DF80800302846
:106C50000ED19DF8090003280AD19DF809009DF87E
:106C6000082000EB02216BA004F02AFD00200EBDDD
:106C70000120FCE771B581B0002400266848007847
:106C8000401C67490870084600780A2190FBF1F221
:106C900001FB120018B1624800780A2867DA012265
:106CA00001A90220FFF755FF9DF8040000F00F0036
:106CB00000287ED09DF8040000F00F00062878DA46
:106CC0009DF8040000F00F01FF208840C5B2E843A2
:106CD000C0B240F0C000534981F8200000245AE0BF
:106CE000504890F820000121A1400840F0B34E49DF
:106CF00031F8140004226946FFF72BFF494890F849
:106D0000300000F00100C0B19DF801009DF80010B6
:106D100001F00F0100EB01204249163121F8140067
:106D20009DF803009DF8021001F00F0100EB012116
:106D30003C480C3020F814101DE09DF801009DF82F
:106D4000001001F00F0100EB0120C0F5F07081B2DE
:106D500034480C3020F814109DF803009DF8021000
:106D600001F00F0100EB01212E4801E011E020E0CD
:106D7000163020F814109DF8000000F0F000802874
:106D800007D000212748163020F814100A3820F8C0
:106D90001410601CC4B2052CA2DB01262148808996
:106DA00020B92048C08A08B90020019000201C4961
:106DB00008709DF8040000F01F00D0B9194890F841
:106DC000200000F0800040B1164890F8200020F02C
:106DD0008000144981F820000BE04FF6FF70114944
:106DE0008881C882084690F8200000F0E00081F811
:106DF00020000B480078F02802DD0A2008490870BE
:106E000030467CBD0004024000080240B40241420A
:106E1000000041424354502049443A25780D0A006D
:106E20002100002024000020D8F2000870B504469C
:106E3000002500BF17E004F0800018B10120FE49D2
:106E4000086002E00020FC4908606006040E002093
:106E5000FA490860012001F0E3F80120F849C1F87F
:106E60008002681CC5B2082DE5DB70BD70B5064612
:106E7000002500240020F1490860F249C1F8AC0265
:106E8000F14908603046FFF7D1FF062001F0C8F84D
:106E90000020EB49C1F88002012001F0C1F8012077
:106EA000E649086001F0BCF80020E549C1F880021D
:106EB00000BF15E04FF6FF7000EA44040020DF49F0
:106EC0000860012001F0ACF80120DD49C1F8800222
:106ED000DA487838006808B1601C84B2681CC5B212
:106EE000102DE7DB24110120D7490860204670BD32
:106EF0002DE9FE4380460027002406E04046FFF7C8
:106F0000B5FF2DF81400601C84B2052CF6DB0024BC
:106F100016E0601C85B20FE03DF814003DF8151036
:106F2000884207DD3DF814603DF815002DF8140087
:106F30002DF81560681C85B2052DEDDB601C84B250
:106F4000042CE6DB0027012405E03DF8140038445A
:106F500087B2601C84B2042CF7DB032097FBF0F0AF
:106F600086B23046BDE8FE832DE9F04104460D4669
:106F7000B6480078FFF7BCFF0646B5480078FFF733
:106F8000B7FF074626802F800120BDE8F0817FB53E
:106F900004460D4602A903A8FFF7E6FF064616B908
:106FA000002004B070BD694601A8FFF7DDFF06466A
:106FB0000EB90020F5E7BDF80400BDF80C108842BA
:106FC00006DCBDF80C10BDF80400323081420CDB49
:106FD000BDF80C00BDF80410884236DCBDF8041082
:106FE000BDF80C00323081422FDABDF80000BDF848
:106FF0000810884206DCBDF80810BDF800003230E9
:1070000081420CDBBDF80800BDF8001088421CDC92
:10701000BDF80010BDF808003230814215DABDF825
:107020000C10BDF80420881800EBD071C1F34F019B
:107030002180BDF80810BDF80020881800EBD07141
:10704000C1F34F0129800120ABE70020A9E770B50B
:1070500004460D4616467F48068004F10D018AB2AB
:10706000193988B22B462946FEF78AFB05F10D0037
:1070700083B2193881B222462046FEF781FB6A1C92
:1070800091B2621C90B2FAF72CFB6A1C91B2621E9C
:1070900090B2FAF726FB6A1E91B2621C90B2FAF720
:1070A00020FB6A1E91B2621E90B2FAF71AFB06220A
:1070B00029462046FEF7DAFB70BD70B504460D4642
:1070C00016466448068029462046FAF70AFB611CEA
:1070D00088B22946FAF705FB681C81B22046FAF708
:1070E00000FB6A1C91B2621C90B2FAF7FAFA70BD0A
:1070F00010B5044651487C38006800284ED12CB1A8
:107100005549A1F10A00FFF742FF35E05249A1F1CC
:107110000A00FFF73CFF78B34F481638B0F92C004F
:1071200000EE100AB8EEC00A4B48163890ED091A66
:10713000808900EE900AF8EE600A01EE200ABCEEAB
:10714000C00A10EE100A4449163988810846B0F981
:107150002E0000EE100AB8EEC00A084690ED0A1A9A
:10716000C08A00EE900AF8EE600A01EE200ABCEE3A
:10717000C00A10EE100AC8823748163890F820006E
:1071800000F0800038BBC0203349163981F8200058
:10719000084681898182C18AC1831CE02E48163845
:1071A00090F8200000F0800050B12B48163890F87D
:1071B000200020F080002849163981F820000AE0DC
:1071C0000021254816388182C1834FF6FF7022497D
:1071D00016398881C8822048163890F8200000F0BF
:1071E000800010BD10B51C48163890ED090ADFED7F
:1071F0001B0A20EE200ABDEEC00A10EE104A04223F
:1072000021462820FEF704FF1348163890ED0A0A9D
:10721000DFED120A20EE200ABDEEC00A10EE104A81
:10722000042221462C20FEF7F3FE0B481638B0F955
:107230002C100222302013E0AC8242428082404275
:107240000080404200804242B40241425800002087
:10725000590000201A0000203A00002020BCBE4C3B
:10726000FEF7D6FEFE48B0F92E1002223220FEF7BD
:10727000CFFEFB4890F830103420FEF7A1FE0A2420
:1072800021463520FEF79CFE10BD10B53520FEF7D7
:107290006BFE04460A2C46D104212820FEF7CDFEC1
:1072A000044600EE104AB8EEC00A5FED140A80EE04
:1072B000201AEB4880ED091A04212C20FEF7BDFEB0
:1072C000044600EE104AB8EEC00A5FED1C0A80EEDC
:1072D000201AE34880ED0A1A02213020FEF7ADFEA5
:1072E00000B2DF49888502213220FEF7A6FE00B2F7
:1072F000DB49C8853420FEF737FED94981F83000D4
:10730000084690F8300030B19020D6490870D0205F
:10731000D549087005E0D020D24908709020D249A4
:107320000870012010BD0020FCE72DE9FC5F044639
:107330000D4617461E46DDE90EABDDE90C894FF41C
:107340007840CA490880CAA01021CDE90010C94878
:1073500043880288A0212820FEF71FFCC6A0102128
:10736000CDE90010C34843880288A0217820FEF7A9
:1073700014FCC2A01021CDE90010BE484388028849
:10738000B4212820FEF709FCBDA01021CDE9001092
:10739000B84843880288B4217820FEF7FEFBB9A0E4
:1073A0001021CDE90010B34843880288C821282065
:1073B000FEF7F3FBB4A01021CDE90010AD484388DF
:1073C0000288C8217820FEF7E8FBB0A01021CDE9A3
:1073D0000010A84843880288DC212820FEF7DDFB46
:1073E000ABA01021CDE90010A24843880288DC211F
:1073F0007820FEF7D2FBA7A01021CDE900109D4810
:1074000043880288F0212820FEF7C7FB10200423C0
:107410002246A02100904020FEF707FB1020042305
:107420002A46A02100909020FEF7FFFA10200423A6
:107430003A46B42100904020FEF7F7FA10200423CA
:107440003246B42100909020FEF7EFFA102004237A
:107450004246C82100904020FEF7E7FA102004239E
:107460004A46C82100909020FEF7DFFA102004233E
:107470005246DC2100904020FEF7D7FA102004236A
:107480005A46DC2100909020FEF7CFFA102003230B
:107490000090F0216020109AFEF7C7FABDE8FC9F2B
:1074A00000B597B0002012900B9012901F216F48EA
:1074B00001804FF6FF71794801800846FAF7FCFB1E
:1074C0004FF47841694801804FF6FF70FAF7F4FBFA
:1074D0000020664908807248006810216423A022B9
:1074E000CDE9001028210846FEF757FB4FF47842FB
:1074F00014210846FFF7ABFD0020594981F8200010
:107500009FED680A084680ED090A53E25448406836
:107510000A9001200A998847514890F8200000F00D
:10752000C00040286FD100200B904D4890F82000FB
:1075300020F040004A4981F820000846818913AABA
:10754000129822F820104648C18A129802EB800057
:1075500041801298401CC0B212901298012806D0A7
:10756000022815D0032829D0042810D141E04FF675
:10757000FF7214210846FFF76AFD3E480088143860
:1075800080B24FF4784214210A90FFF760FDEBE3DC
:1075900038480088143880B24FF6FF7214210A90E0
:1075A000FFF755FD33484088143880B24FF47842D5
:1075B00001460A901420FFF74AFDD5E32D48408884
:1075C000143880B24FF6FF7201460A901420FFF77C
:1075D0003EFD28484088143880B20A90254800882B
:1075E000143880B24FF4784209900A99FFF72FFDC2
:1075F000BAE3BDF84C10BDF85000081A0A900028F4
:1076000002DB0A9802E0B0E30A9840420F90BDF80E
:107610004E1013A8C088081A0A90002801DB0A98A7
:1076200001E00A9840420E900F9840430F900E9848
:1076300040430E90DDE90E100844059005F0D2FDA0
:10764000CDE906019DED060B05F0DEF98DED080B89
:107650009DED080B51EC100B05F080FD80B223E08E
:107660002400002058000020590000201A000020AB
:1076700078313A005802002079313A0078323A00E5
:1076800079323A0078333A0079333A0078343A0064
:1076900079343A006661632069733A001C00002067
:1076A000E4F20008000000001190BDF85400BDF89D
:1076B0005810401A0A90002801DB0A9801E00A9845
:1076C00040420F9013A84189C089081A0A900028E7
:1076D00001DB0A9801E00A9840420E900F9840435F
:1076E0000F900E9840430E90DDE90E10084405906F
:1076F00005F078FDCDE906019DED060B05F084F956
:107700008DED080B9DED080B51EC100B05F026FDDF
:1077100080B210909DED110AF8EE400A9DED100A1E
:10772000B8EE401A80EE810A8DED0A0A0A9806F03A
:107730009FF8CDE90C019FEDFE0B53EC102B9DED56
:107740000C0B51EC100B05F061FD0ED39FEDFA0B05
:1077500053EC102B9DED0C0B51EC100B05F090FE33
:1077600003D3119808B11098F0BB00201290F44890
:107770004088143880B20A90F1480088143880B2EA
:107780004FF6FF7209900A99FFF761FC4FF47842B7
:1077900014210846FFF75BFC9FEDEA0B53EC102B1E
:1077A0009DED0C0B51EC100B05F06CFDCDE90801C3
:1077B0009DED080B51EC100B05F0D0FC80B213A925
:1077C0000A90C989BDF8582013AB5B89CDE9013215
:1077D000CDE90310BDF85400009013A8C0880990AB
:1077E000BDF85000089000E00AE0BDF84E00079098
:1077F000BDF84C00069007A90EC9FFF796FDC3E23D
:10780000BDF84C10BDF85400081A0A90002801DB9E
:107810000A9801E00A9840420F90BDF84E1013A854
:107820004089081A0A90002801DB0A9801E00A98AA
:1078300040420E900F9840430F900E9840430E9098
:10784000DDE90E100844059005F0CCFCCDE90601F9
:107850009DED060B05F0D8F88DED080B9DED080B9E
:1078600051EC100B05F07AFC80B21190BDF850106D
:10787000BDF85800081A0A90002801DB0A9801E0B8
:107880000A9840420F9013A8C188C089081A0A902C
:10789000002801DB0A9801E00A9840420E900F98F8
:1078A00040430F900E9840430E90DDE90E100844BF
:1078B000059005F097FCCDE906019DED060B05F05E
:1078C000A3F88DED080B9DED080B51EC100B05F0A6
:1078D00045FC80B210909DED110AF8EE400A9DED36
:1078E000100AB8EE401A80EE810A8DED0A0A0A9855
:1078F00005F0BEFFCDE90C019FED8D0B53EC102B75
:107900009DED0C0B51EC100B05F080FC0AD39FEDA4
:107910008A0B53EC102B9DED0C0B51EC100B05F06A
:10792000AFFD48D20020129085484088143880B2BC
:107930000A9083480088143880B24FF6FF7209908D
:107940000A99FFF784FB4FF4784214210846FFF7A9
:107950007EFB9FED7C0B53EC102B9DED0C0B51EC43
:10796000100B05F08FFCCDE908019DED080B51ECE3
:10797000100B05F0F3FB80B213A90A90C989BDF87A
:10798000582013AB5B89CDE90132CDE90310BDF876
:107990005400009013A8C0880990BDF850000890CA
:1079A000BDF84E000790BDF84C00069007A90EC91F
:1079B000FFF7BBFCE8E1BDF85000BDF85410401AD9
:1079C0000A90002801DB0A9801E00A9840420F90D3
:1079D00013A8C1884089081A0A90002801DB0A9878
:1079E00001E00A9840420E900F9840430F900E9885
:1079F00040430E90DDE90E100844059005F0F2FBBF
:107A0000CDE906019DED060B04F0FEFF8DED080BA0
:107A10009DED080B51EC100B05F0A0FB80B211900E
:107A2000BDF84C00BDF85810401A0A90002801DB40
:107A30000A9801E00A9840420F90BDF84E1013A832
:107A4000C089081A0A90002801DB0A9801E00A9808
:107A500040420E900F9840430F900E9840430E9076
:107A6000DDE90E100844059005F0BCFBCDE90601E8
:107A70009DED060B04F0C8FF8DED080B9DED080B86
:107A800051EC100B05F06AFB80B210909DED110ACD
:107A9000F8EE400A9DED100AB8EE401A80EE810A19
:107AA0008DED0A0A0A9805F0E3FECDE90C019FED81
:107AB000200B53EC102B9DED0C0B51EC100B05F033
:107AC000A5FB0AD39FED1C0B53EC102B9DED0C0B6B
:107AD00051EC100B05F0D4FC58D20020129018483D
:107AE0004088143880B20A9015480088143880B253
:107AF0004FF6FF7209900A99FFF7A9FA4FF47842FE
:107B000014210846FFF7A3FA9FED0E0B53EC102B40
:107B10009DED0C0B51EC100B05F0B4FBCDE9080109
:107B20009DED080B51EC100B05F018FB80B20DE039
:107B3000666666666666EE3FCDCCCCCCCCCCF03FBC
:107B400058020020000000000000594001460A9041
:107B500013A8C289BDF8580013AB5B89CDE9013089
:107B6000CDE90321BDF85400009013A8C088099006
:107B7000BDF850000890BDF84E000790BDF84C00CD
:107B8000069007A90EC9FFF7D0FBFDE0BDF8500035
:107B9000BDF84C10401A00EE100AF8EEC00AC548B5
:107BA0000088283800EE100AB8EEC00A80EE201ACD
:107BB000C14880ED091ABDF85000BDF84C100844CA
:107BC00000EE100AF8EEC00ABA48008800EE100A6B
:107BD000B8EE400AB84890ED091A01EE600AF0EEDE
:107BE000000A80EE201ABDEEC10A10EE100A01B2A2
:107BF000B148818513A84089BDF84E10401A00EEA7
:107C0000100AF8EEC00AAB484088283800EE100A87
:107C1000B8EEC00A80EE201AA74880ED0A1A13A811
:107C20004089BDF84E10084400EE100AF8EEC00A74
:107C3000A048408800EE100AB8EE400A9E4890ED39
:107C40000A1A01EE600AF0EE000A80EE201ABDEE7C
:107C5000C10A10EE100A00B29749C885084690ED97
:107C6000090ABDEEC00A8DED090A0998002801DB5A
:107C7000099801E00998404202280FDC8E4890EDF7
:107C80000A0ABDEEC00A8DED0A0A0A98002801DB37
:107C90000A9801E00A984042022842DD0020129032
:107CA00084484088143880B20A908248008814388A
:107CB00080B24FF6FF7209900A99FFF7C8F94FF4A6
:107CC000784214210846FFF7C2F97CA01021CDE9C3
:107CD0000010784840880A9076480088099002464B
:107CE0001A2128200A9BFDF758FF734890F83000AE
:107CF00008B9012000E000206F4981F830000846F3
:107D000090F8300030B1902071490870D02171484E
:107D1000017005E0D0216E48017090206D49087017
:107D200032E01F216C4801804FF6FF70F9F7C4FF65
:107D30006AA01021CDE900105E4840880A905D4895
:107D40000088099002466E2123200A9BFDF725FF3B
:107D50004FF47A7000F0ACF9FFF744FA4FF6FF7079
:107D6000F9F7AAFF17B000BD00BF0A2000F0A0F984
:107D70000B98401C80B20B900B98B0F57A7F02DD17
:107D8000FFF783FA02E000BFFFF7C0BB00BF00BFF0
:107D9000E8E71CB54748808845F21051884220D159
:107DA000FEF750FB18B953484349486004E0FEF71A
:107DB00050FD5148404948603F4890F8300040F03D
:107DC00080003D4981F83000084690F8300039497C
:107DD000897901F001010843374981F8300000201A
:107DE0001CBD3448808841F66311884218D1FEF7E3
:107DF000DCFE424830494860084690F8300040F0C8
:107E0000800081F83000084690F8300029498979CF
:107E100001F001010843284981F830000020DFE724
:107E20000121262001F0A4F80620009000208DF802
:107E300004008DF8060003208DF8050001208DF860
:107E4000070069462E4800F011FB012000908DF8D4
:107E5000040069462A4800F009FB4FF400500090E6
:107E600001208DF804006946264800F0FFFA4FF41F
:107E70000060009001208DF804006946224800F05F
:107E8000F5FA0D491631A1F10A00FFF76DF8FEF77A
:107E900067F8FFF7FAF908B10020A1E74FF6FF7085
:107EA000F9F70AFFFFF7FCFAFFF79CF9FFF7EDF986
:107EB000012095E758020020240000205450204E55
:107EC00065656420726561646A75737421000000E1
:107ED00058000020590000201A000020546F7563DC
:107EE000682053637265656E2041646A75737420FF
:107EF0004F4B21003D650008E1680008756C0008E3
:107F00000004024000080240001402400EB5FDF7D4
:107F100077FE0121880301F085F80221042001F099
:107F20008CF90321042001F088F90421084601F0AE
:107F300084F90021084601F080F90120009000201A
:107F40008DF8040008208DF8050001208DF806004A
:107F5000684602F035FA1C20009000208DF80400DD
:107F60000C208DF8050001208DF80600684602F00F
:107F700027FA06208DF8080000208DF8090002205D
:107F80008DF80A0001208DF80B0002A800F07DF9A1
:107F900008208DF8080003208DF8090002208DF8D4
:107FA0000A0001208DF80B0002A800F06EF90920EC
:107FB0008DF8080002208DF809008DF80A000120D4
:107FC0008DF80B0002A800F060F90A208DF8080077
:107FD00001208DF8090002208DF80A0001208DF89B
:107FE0000B0002A800F051F90EBD000010B50446C8
:107FF0006FF0040000F096F9E11704EB5171C1F342
:10800000C701394A11701046007800EB4001C1EBFE
:10801000C0104FF6FF7101EAC0003449088010BD5E
:108020000146314A12784A434FF0E0235A61002258
:108030009A611A46126942F001021A6100BF4FF0BC
:10804000E022106900F001021AB100F48032002A27
:10805000F5D04FF0E022126922F001024FF0E02348
:108060001A6100229A6170470146204A12884A43E9
:108070004FF0E0235A6100229A611A46126942F0D9
:1080800001021A6100BF4FF0E022106900F0010206
:108090001AB100F48032002AF5D04FF0E0221269C4
:1080A00022F001024FF0E0231A6100229A6170472A
:1080B00070B504464FF4077094FBF0F0C6B24FF46D
:1080C000077094FBF0F100FB114085B205E04FF41E
:1080D0000770FFF7C9FF701EC6B2002EF7D115B1A9
:1080E0002846FFF7C1FF70BD5A0000205C00002049
:1080F000014600BF704700BF4D4A128802F040029F
:10810000002AF9D0C2B24A4B9A80704700BF70472C
:1081100010B588B004460121084600F029FF01216E
:10812000102000F07FFF07220921424800F029FAC1
:1081300007220A213F4800F024FA4FF4C06006905D
:1081400002208DF81C008DF81D0000208DF81E0007
:1081500001208DF81F0006A9364800F087F9029427
:108160000020ADF80C00ADF80E00ADF81000ADF831
:1081700014000C20ADF8120002A92D4801F0FDF802
:1081800001212B4801F081F9012240F225512848B4
:1081900001F031FA25208DF8040003208DF8050048
:1081A0008DF8060001208DF8070001A800F06DF899
:1081B00008B010BD10B540F225511D4801F056FA27
:1081C00010B31B4801F090F9C4B21B48008800F4BA
:1081D0000040C8B91848008800F4804060B10A2CFB
:1081E00003D000201449088020E01348008840F4A0
:1081F00000401149088019E00D2C06D10E48008876
:1082000040F480400C49088010E00B480088C0F31F
:108210000D000A490C5408480088401C0649088093
:1082200008460088C72801DD0020088010BD000036
:10823000001001400000024064000020660200209F
:108240000948804709480047FEE7FEE7FEE7FEE7EA
:10825000FEE7FEE7FEE7FEE7FEE7FEE70448054926
:10826000054A064B704700006104000889010008B8
:10827000900300209057012090530120905301203B
:1082800032490143324A1160704770B50021002322
:108290000F22C4781CB32E4C246804F4E064C4F5A7
:1082A000E064C4F30721C1F10404E3B20A41447855
:1082B0009C40E1B28478144021430C07210E254CE8
:1082C00005786155047804F01F050124AC40057859
:1082D0006D11AD0005F1E025C5F8004109E0047815
:1082E00004F01F050124AC401B4D0678761145F8BB
:1082F000264070BD194A0A400243154B1B1F1A60E5
:10830000704739B1124A121D12680243104B1B1DEF
:108310001A6006E00E4A121D126882430C4B1B1DA8
:108320001A607047042808D14FF0E021096941F034
:1083300004014FF0E022116107E04FF0E0210969EC
:1083400021F004014FF0E022116170470000FA05AE
:108350000CED00E000E400E080E100E080FFFF1FA2
:1083600010B504469848844208D10121084600F01F
:108370006AFE0021012000F066FE76E09348844208
:1083800008D10121022000F05EFE0021022000F051
:108390005AFE6AE08E48844208D10121042000F090
:1083A00052FE0021042000F04EFE5EE08948844227
:1083B00008D10121082000F046FE0021082000F02D
:1083C00042FE52E08448844208D10121102000F08E
:1083D0003AFE0021102000F036FE46E07F4884423D
:1083E00008D10121202000F02EFE0021202000F0E5
:1083F0002AFE3AE07A48844208D10121402000F068
:1084000022FE0021402000F01EFE2EE0754884422E
:1084100008D10121802000F016FE0021802000F00C
:1084200012FE22E07048844208D10121801500F03C
:108430000AFE0021A01500F006FE16E06B488442FB
:1084400008D10121401500F0FEFD0021601500F06B
:10845000FAFD0AE06648844207D10121001500F0C8
:10846000F2FD0021201500F0EEFD10BDF0B50A462A
:1084700000210023002400BF3DE0012505FA01F39F
:10848000156805EA03049C4234D105684F000326B1
:10849000BE40B543056015794E00B54006683543CA
:1084A00005601579012D02D01579022D16D1856848
:1084B0004F000326BE40B543856055794E00B54058
:1084C000866835438560456801268E40B543456022
:1084D000456896798E40B6B235434560C5684F0011
:1084E0000326BE40B543C560D5794E00B540C66889
:1084F0003543C560491C1029BFD3F0BD4FF6FF714D
:1085000001600021017141718171C171704708B52D
:108510004FF480320092009A0A430092009AC2619E
:10852000C161009AC261C2690092C269009208BD2D
:108530000246002013690B400BB1012000E000202F
:1085400070470146086980B27047024600205369AF
:108550000B400BB1012000E0002070470146486944
:1085600080B2704701837047418370470AB101832D
:1085700000E0418370474161704742694A4042616F
:108580007047F0B5002300244D07ED0E02FA05F305
:10859000CE1000F1200555F826504E07F70E0F2695
:1085A000BE40B543CF1000F1200646F82750CE104C
:1085B00000F1200555F8265045EA0304CE1000F1DD
:1085C000200545F82640F0BD0000024000040240AE
:1085D00000080240000C024000100240001402405B
:1085E00000180240001C024000200240002402400B
:1085F0000028024030B943F2DB028100A1F1C04102
:108600000A6005E043F2D2028100A1F1C0410A6094
:108610006FF07042411C8900A1F1C0410A608100E5
:10862000A1F1C041C1F804217047D0E90112114302
:10863000C2681143026911434269114382691143BF
:10864000C2691143026A1143426A1143826A1143AB
:10865000C26A1143026B114302689200A2F1C04248
:108660001160816808290BD101688900A1F1C0411E
:10867000096841F0400201688900A1F1C0410A6027
:10868000416B0968426B526841EA0211426B926881
:1086900041EA0221426B928941EA0241426B128A0D
:1086A00041EA0251426B127D41EA0261426B9269DA
:1086B00011430268521C9200A2F1C0421160C16ACB
:1086C000B1F5804F1BD1816B0968826B526841EA1A
:1086D0000211826B926841EA0221826B128A41EA9E
:1086E0000251826B127D41EA0261826B92691143F1
:1086F00002689200A2F1C042C2F8041107E06FF0D4
:10870000704201688900A1F1C041C1F8042170479D
:10871000002101600221416000218160C16001618E
:1087200041618161C16101624FF480514162490040
:1087300081620021C1620163F8494163816370472E
:1087400051B18200A2F1C042126842F001038200DE
:10875000A2F1C042136009E08200A2F1C042126897
:10876000EF4B1A408300A3F1C0431A6070471028F2
:108770000AD118214FF020421166402151664FF076
:10878000FC319166D16610E01821E64A1160402163
:108790004FF02042C2F884104FF0FC31E14A083219
:1087A00011604FF02042C2F88C10704730B50021A4
:1087B00000220023446844F0080485682C43C568FF
:1087C0002C4305692C43456944EA4524856944EAFC
:1087D0004531C4692468C5696D6844EA0524C569E2
:1087E0002D8944EA0544C5692D7B44EA0562046A83
:1087F0002468056A6D6844EA0524056A2D8944EAFF
:108800000544056A2D7B44EA05630468102C05D1F4
:108810004FF020442166A266E36608E0C14C216067
:108820004FF02044C4F88820BE4C0C34236030BD87
:1088300010210160002141608160C16001614161DE
:108840008161FC21C2691160C2695160C269916095
:10885000C269D160026A1160026A5160026A916065
:10886000026AD160704799B1102808D14FF02042B8
:10887000126E42F004024FF020431A661DE0A94A2E
:10888000126842F004024FF02043C3F8802014E045
:10889000102809D14FF02042126EA14BDB1E1A4066
:1088A0004FF020431A6608E09E4A12689C4BDB1E7C
:1088B0001A404FF02043C3F88020704799B1102828
:1088C00008D14FF02042126E42F040024FF0204398
:1088D0001A661DE0934A126842F040024FF02043AE
:1088E000C3F8802014E0102809D14FF02042126E06
:1088F0008B4B3F3B1A404FF020431A6608E0894AF1
:108900001268874B3F3B1A404FF02043C3F880204A
:10891000704701460020102903D14FF02042506FCC
:1089200002E0804A14321068704718207D492031D7
:10893000086000200906C1F8A4004FF0FC30794916
:1089400028310860091D0860091D0860704701682A
:1089500041F01001426841EA4221826841EA423115
:10896000704A20321160C1680968C268526841EAE1
:108970000221C268128941EA0241C268127B41EABF
:108980000261684A28321160016909680269526807
:1089900041EA02210269128941EA02410269127B1D
:1089A00041EA02615F4A2C321160416909684269FB
:1089B000526841EA02214269128941EA0241426950
:1089C000127B41EA02614FF02042C2F8B0107047BA
:1089D0000021016041608160FC21C2681160C268B1
:1089E0005160C2689160C268D16002691160026919
:1089F0005160026991600269D16042691160426907
:108A00005160426991604269D160704748B14549FF
:108A10002031096841F004014FF02042C2F8A01053
:108A200009E04049203109683D4AD21E11404FF00B
:108A30002042C2F8A010704710B5F2B1102807D13B
:108A40004FF020435B6E0B434FF02044636632E0EF
:108A5000B0F5807F08D1334B1B1D1B680B434FF0D3
:108A60002044C4F8843026E02E4B24331B680B438B
:108A70004FF02044C4F8A4301DE0102807D14FF077
:108A800020435B6E8B434FF02044636613E0B0F5E8
:108A9000807F08D1234B1B1D1B688B434FF0204464
:108AA000C4F8843007E01F4B24331B688B434FF01E
:108AB0002044C4F8A43010BD10B5024600200023A5
:108AC000102A03D14FF02044636E09E0B2F5807F95
:108AD00003D1144C241D236802E0124C2434236873
:108AE00003EA01040CB1012000E0002010BD1028B1
:108AF00007D14FF02042526E8A434FF020435A660E
:108B000019E0B0F5807F0FD1064A121D12688A4322
:108B10004FF02043C3F884200DE00000E8F2000885
:108B2000FEFF0F00800000A0234A12688A434FF026
:108B30002043C3F8A420704770B5024600200023EC
:108B400000240025102A03D14FF02046736E08E060
:108B5000B2F5807F03D1184E203E336801E0164EF7
:108B6000336803EA010403EAD10514B10DB1012011
:108B700000E0002070BD102808D14FF02042526E56
:108B800022EAD1024FF020435A6614E0B0F5807F0C
:108B900009D1094A203A126822EAD1024FF0204353
:108BA000C3F8842007E0044A126822EAD1024FF099
:108BB0002043C3F8A4207047A40000A0F94800682F
:108BC00040F00100F74908600020F64908310860CC
:108BD000F4480068F4490840F2490860F348091D68
:108BE0000860F348EF4984310860F0481038091DE7
:108BF0000860EC48006820F48020EA490860002002
:108C0000E8490C310860E7498C3108607047002161
:108C1000E44A921C117011460870704710B5014665
:108C20000022002300204A11012A02D1DD4C2368D2
:108C300008E0022A03D1DB4C7034236802E0D94CEF
:108C40007434236801F01F02012494401C400CB1CD
:108C5000012000E0002010BD38B500200090002465
:108C6000002500BF3120FFF7D9FF05460098401CC2
:108C700000900098B0F5A04F01D0002DF2D0312027
:108C8000FFF7CCFF08B1012400E00024204638BDE6
:108C900001460020C34A106820F0F80040EAC100F5
:108CA00010607047C349086070470021BD4A7032A8
:108CB00011701170012802D004280AD104E00121AA
:108CC000B84A7032117005E00521B64A7032117051
:108CD00000E000BF00BF7047B7490860704770B53B
:108CE000049C41EA82150126C6EB530645EA064577
:108CF000054345EA0465AB4E361D356070BDAD4990
:108D000008667047820142EA0172A64B84331A60FA
:108D10007047A8498866704710B5830143EA01632C
:108D200043EA02739F4C8834236010BDA149086751
:108D30007047A049C864704702460020994B083329
:108D4000186820F0EC6042EA01031843954B0833A1
:108D50001860704702460020924B0833186820F0D4
:108D6000784042EA010318438E4B0833186070477D
:108D7000014600208B4A0832106820F003000843A7
:108D80001060704787480830006800F00C0070479A
:108D900001460020834A0832106820F0F0000843A2
:108DA00010607047014600207E4A0832106820F4A7
:108DB000E05008431060704701460020794A0832AD
:108DC000106820F4604040EAC10010607047F0B5C0
:108DD000002100220024022500260223714F0837BB
:108DE0003F6807F00C0121B1042905D0082937D1CB
:108DF00005E0724F076036E0714F076033E0694F5E
:108E00003F1D3F68C7F38056664F3F1D3F6807F020
:108E10003F036EB16A4FB7FBF3F7DFF888C10CF17F
:108E2000040CDCF800C0CCF3881C07FB0CF40CE04D
:108E3000624FB7FBF3F7DFF86CC10CF1040CDCF800
:108E400000C0CCF3881C07FB0CF4564F3F1D3F6855
:108E5000C7F301477F1C7D00B4FBF5F7076002E014
:108E6000564F076000BF00BF4E4F08373F6807F0FE
:108E7000F0010909534F7A5C0768D7404760494FB2
:108E800008373F6807F4E051890A4E4F7A5C47681B
:108E9000D7408760434F08373F6807F46041490B6C
:108EA000484F7A5C4768D740C760F0BD002100F4A6
:108EB0004072B2F5407F0AD13A4A0832116821F473
:108EC000F811414A02401143364A08321160354ACE
:108ED00070321268C0F30B031A43324B70331A60BE
:108EE0007047354944390860704733494039086054
:108EF000704736490860704701460020294A8C3285
:108F0000106820F01F004A1E1043264A8C32106061
:108F1000704701460020234A8C32106820F4F85034
:108F20004A1E40EA02201F4A8C32106070470146F8
:108F300000201C4A8C32106820F440100843106056
:108F4000704701460020174A8C32106820F4400018
:108F500008431060704701460020124A8C321068A6
:108F600020F440300843106070471949086070478A
:108F700039B10C4A3032126802430A4B30331A605E
:108F800006E0084A303212688243064B30331A60DA
:108F90007047F9B1034A343212680243014B34334B
:108FA0001A601CE000380240FFFFF6EA103000248F
:108FB0000030002000004742800E47420024F400A9
:108FC00000127A0066000020FFFCFF0F5C014742A0
:108FD000E01147428F4A126882438E4B1A607047F5
:108FE00039B18C4A121D126802438A4B1B1D1A604C
:108FF00006E0884A121D12688243864B1B1D1A60C8
:10900000704739B1834A0C3212680243814B0C33EA
:109010001A6006E07F4A0C32126882437D4B0C33A3
:109020001A60704739B17B4A103212680243794B9B
:1090300010331A6006E0774A103212688243754B8B
:1090400010331A60704739B1724A243A12680243E9
:10905000704B243B1A6006E06E4A243A1268824341
:109060006C4B243B1A60704739B16A4A203A126847
:109070000243684B203B1A6006E0664A203A1268B9
:109080008243644B203B1A60704739B1614A1C3AF5
:10909000126802435F4B1C3B1A6006E05D4A1C3AB3
:1090A000126882435B4B1C3B1A60704739B1594AC6
:1090B000143A12680243574B143B1A6006E0554AB3
:1090C000143A12688243534B143B1A60704739B10B
:1090D000504A103A126802434E4B103B1A6006E0A9
:1090E0004C4A103A126882434A4B103B1A60704750
:1090F00039B1484A1C3212680243464B1C331A608D
:1091000006E0444A1C3212688243424B1C331A6008
:10911000704739B13F4A2032126802433D4B203339
:109120001A6006E03B4A203212688243394B2033F2
:109130001A60704739B1374A243212680243354BFE
:1091400024331A6006E0334A243212688243314BDA
:1091500024331A60704739B12E4A2C321268024308
:109160002C4B2C331A6006E02A4A2C3212688243B8
:10917000284B2C331A60704739B1264A30321268B6
:109180000243244B30331A6006E0224A3032126820
:109190008243204B30331A607047012808D11D49A3
:1091A0003C31096841F008011A4A3C32116007E07D
:1091B00018493C31096821F00801164A3C32116017
:1091C000704739B1134A273A12780243114B273BB3
:1091D0001A7006E00F4A273A127882430D4B273B5C
:1091E0001A7070470B484030006840F080700949A1
:1091F00040310860704701460020064A283A12684C
:109200000A400AB1012000E00020704701492639D8
:10921000087070473438024010B501218803FFF709
:1092200056FF00214FF48040FFF751FF10BD1C494D
:10923000086070471B490862704730B500228B07F1
:109240001C0F0F2303FA04F2154B08338C1053F84C
:1092500024309343124C08348D1044F825302346B3
:109260008C1053F824308C07240F00FA04F42343A5
:109270000B4C08348D1044F8253030BD0949DC31E1
:109280000860704708490860704700200449203191
:10929000096801F4807109B1012000E000207047E5
:1092A00000380140000027420004274210B5044660
:1092B000FA48844208D101211020FFF708FF00215D
:1092C0001020FFF704FF57E0F548844209D101213F
:1092D0004804FFF7EBFE00214FF40030FFF7E6FEF5
:1092E0004AE0F048844209D101218804FFF7DEFEFC
:1092F00000214FF48020FFF7D9FE3DE0EA48844288
:1093000009D10121C804FFF7D1FE00214FF400204C
:10931000FFF7CCFE30E0E548844209D10121080581
:10932000FFF7C4FE00214FF48010FFF7BFFE23E0DB
:10933000DF48844208D101212020FFF7C8FE002128
:109340002020FFF7C4FE17E0DA48844209D101214A
:109350008807FFF7ABFE00214FF08040FFF7A6FE25
:109360000AE0D548844207D101214005FFF79EFE5F
:1093700000216005FFF79AFE10BD2DE9FF47054665
:109380000E460024A14600BFA046B08900B100BF30
:109390002C8A24F44054F08804432C82AC8941F296
:1093A0000C608443B08831890843718908430443C1
:1093B000AC81AC8A24F44074B0890443AC82684622
:1093C000FFF705FDB548854202D0B948854202D174
:1093D000DDF80C9001E0DDF80890A88900F4004069
:1093E00040B109EBC90000EB091031684900B0FB3E
:1093F000F1F707E009EBC90000EB091031688900BB
:10940000B0FBF1F76420B7FBF0F004012009642100
:1094100001FB1078A88900F4004040B1322000EB35
:10942000C800B0FBF1F000F00700044308E0322070
:1094300000EB08106421B0FBF1F000F00F000443D2
:109440002C81BDE8FF874FF4165101600021818017
:10945000C18001810C21418100218181704710B5BB
:1094600002460020108A20F470600B884C88234349
:109470008C882343CC8823431843108210BD0021DD
:10948000018041808180C180704721B1828942F48E
:109490000052828104E082894DF6FF731A40828176
:1094A0007047028B02F47F420283028B0A430283DD
:1094B000704721B1828942F40042828103E08289AF
:1094C000C2F30E028281704721B1828A42F40062A7
:1094D000828204E0828A4FF2FF731A4082827047D0
:1094E000C1F308028280704701468888C0F30800F3
:1094F0007047028A4FF6F0731A400282028A0A43CA
:109500000282704721B1828942F00202828104E026
:1095100082894FF6FD731A408281704782894FF22B
:10952000FF731A40828182890A4382817047028ACE
:109530004FF6DF731A400282028A0A4302827047A2
:1095400021B1028A42F48042028204E0028A4BF690
:10955000FF731A4002827047818941F001018181C5
:10956000704721B1828A42F00802828204E0828A36
:109570004FF6F7731A4082827047028BD2B2028391
:10958000028B42EA01220283704721B1828A42F0B3
:109590002002828204E0828A4FF6DF731A408282C0
:1095A000704721B1828A42F01002828204E0828AEE
:1095B0004FF6EF731A4082827047828A4FF6FB7330
:1095C0001A408282828A0A438282704721B1828A4B
:1095D00042F00202828204E0828A4FF6FD731A4052
:1095E000828270471AB1838A0B43838202E0838AA6
:1095F0008B4383827047F0B5034600240026002584
:10960000002040F66A17B94200D100BF1846C1F3E6
:10961000421401F01F06012707FA06F5012C01D1BB
:109620000C3004E0022C01D1103000E014301AB1EB
:1096300007682F43076002E00768AF430760F0BD8B
:1096400002460020B1F5007F00D100BF13880B4017
:109650000BB1012000E00020704701F40072B2F568
:10966000007F00D100BFCA430280704770B5024638
:10967000002400230025002040F66A16B14200D1E4
:1096800000BFC1F3421501F01F03012606FA03F3E0
:10969000012D13D19689334017E0000000100140DE
:1096A0000044004000480040004C00400050004092
:1096B0000014014000780040007C0040022D02D1DF
:1096C000168A334001E0968A33400C12012606FACE
:1096D00004F41688344013B10CB1012000E00020DE
:1096E00070BD10B50022002340F66A14A14200D1DB
:1096F00000BF0A1201249440A3B2DC43048010BDD1
:1097000010B50446FE48844208D101210846FFF7FF
:10971000DEFC00210120FFF7DAFC9DE0B4F1804F70
:1097200008D101210846FFF7C1FC00210120FFF705
:10973000BDFC91E0F348844208D101210220FFF7EB
:10974000B5FC00210220FFF7B1FC85E0EE48844221
:1097500008D101210420FFF7A9FC00210420FFF714
:10976000A5FC79E0E948844208D101210820FFF7EF
:109770009DFC00210820FFF799FC6DE0E44884423D
:1097800008D101211020FFF791FC00211020FFF7E4
:109790008DFC61E0DF48844208D101212020FFF7E1
:1097A00085FC00212020FFF781FC55E0DA48844247
:1097B00008D101210220FFF78AFC00210220FFF7D7
:1097C00086FC49E0D548844209D101210804FFF70D
:1097D0007EFC00214FF48030FFF779FC3CE0D0485C
:1097E000844209D101214804FFF771FC00214FF4A4
:1097F0000030FFF76CFC2FE0CA48844209D10121F8
:109800008804FFF764FC00214FF48020FFF75FFC21
:1098100022E0C548844208D101214020FFF746FCE0
:1098200000214020FFF742FC16E0C048844208D1E6
:1098300001218020FFF73AFC00218020FFF736FC51
:109840000AE0BB48844207D101218015FFF72EFCB6
:109850000021A015FFF72AFC10BD00220288A84BAA
:1098600098420ED0AC4B98420BD0B0F1804F08D04C
:10987000A44B984205D0A44B984202D0A34B9842E7
:1098800004D14FF68F731A404B881A43A04B98426D
:1098900007D0A04B984204D04FF6FF431A400B89E3
:1098A0001A4302804B68C3620B880385944B98422D
:1098B00002D0994B984201D18B7A0386012383828F
:1098C00070474FF0FF3141600021018001814180EC
:1098D000817270470185828270470A4600210188A3
:1098E0004FF68F73194011430180704741627047F2
:1098F000C16270470146486A70470146088D70474B
:1099000021B1028842F00202028004E002884FF690
:10991000FD731A400280704721B1028842F00402B0
:10992000028004E002884FF6FB731A400280704701
:1099300021B1028842F08002028004E002884FF6E2
:109940007F731A400280704702884FF6F7731A40FF
:10995000028002880A430280704702884FF6FF4364
:109960001A40028002880A430280704721B10288AF
:1099700042F00102028004E002884FF6FE731A40B2
:109980000280704770B5002400220023058C4FF63A
:10999000FE7635400584028C8388048B4FF68F75E4
:1099A0002C40B51E2C400D882C43751E2A408D89F5
:1099B0002A434D882A43524DA84202D0564DA84210
:1099C00013D14FF6F7752A40CD892A434FF6FB7520
:1099D0002A408D882A434FF6FF652B404FF6FF55EE
:1099E0002B400D8A2B434D8A2B43838004838D6843
:1099F0004563028470BD70B5002400220023058CED
:109A00004FF6EF7635400584028C8388048B48F648
:109A1000FF752C404FF6FF452C400D884FF6FF7622
:109A200006EA05252C434FF6DF752A408D8906EAA4
:109A300005152A434D8806EA05152A43304DA842EC
:109A400002D0354DA8421DD14FF67F752A40CD89F1
:109A50004FF6FF7606EA05152A434FF6BF752A40F2
:109A60008D8806EA05152A434FF6FF352B404FF245
:109A7000FF752B400D8A06EA85052B434D8A06EAC1
:109A800085052B43838004838D688563028470BDC4
:109A900070B5002400220023058C4FF6FF66354088
:109AA0000584028C8388848B4FF68F752C404FF68B
:109AB000FC752C400D882C434FF6FF552A408D89AC
:109AC0004FF6FF7606EA05252A434D8806EA052566
:109AD0002A430B4DA84202D00F4DA84238D14FF275
:109AE000FF752A40CD894FF6FF7606EA05252A4301
:109AF0004FF6FF352A408D8806EA05252A4319E0EE
:109B0000000001400004004000080040000C00403C
:109B100000100040001400400004014000400140DB
:109B2000004401400048014000180040001C004073
:109B3000002000404EF6FF752B404DF6FF752B4080
:109B40000D8A06EA05152B434D8A06EA05152B43B7
:109B5000838084838D68C563028470BD70B50022E4
:109B600000230024058C4EF6FF7635400584038CD7
:109B70008488828B48F6FF752A404FF6FF452A40BD
:109B80000D884FF6FF7606EA05252A434DF6FF7548
:109B90002B408D8906EA05352B434D8806EA0535AD
:109BA0002B43FE4DA84202D0FD4DA84208D14BF6F2
:109BB000FF752C400D8A4FF6FF7606EA85152C437B
:109BC000848082838D680564038470BD00210180D8
:109BD0004180818081608181C181018241827047A1
:109BE00070B50346002000241846183001258D402A
:109BF000ACB21D8CA5431D8409B108290AD100EB24
:109C0000610005684FF68F7635400560056815439D
:109C100005600FE00D1FC5F34E052844056848F6A2
:109C2000FF763540056005684FF6FF7606EA0226A6
:109C30003543056070BD4163704781637047C16300
:109C40007047016470470A460021018B4FF68F73FD
:109C500019401143018370470A460021018B48F6E1
:109C6000FF7319404FF6FF7303EA02231943018380
:109C700070470A460021818B4FF68F7319401143BC
:109C8000818370470A460021818B48F6FF73194093
:109C90004FF6FF7303EA02231943818370470A4694
:109CA0000021018B4FF6F773194011430183704770
:109CB0000A460021018B4FF2FF7319404FF6FF73E4
:109CC00003EA02231943018370470A460021818B6E
:109CD0004FF6F77319401143818370470A460021FC
:109CE000818B4FF2FF7319404FF6FF7303EA022393
:109CF0001943818370470A460021018B4FF6FB739D
:109D000019401143018370470A460021018B4FF629
:109D1000FF3319404FF6FF7303EA0223194301830F
:109D200070470A460021818B4FF6FB73194011439F
:109D3000818370470A460021818B4FF6FF3319401B
:109D40004FF6FF7303EA02231943818370470A46E3
:109D50000021018B4FF67F73194011430183704737
:109D60000A460021018BC1F30E014FF6FF7303EA8F
:109D700002231943018370470A460021818B4FF665
:109D80007F7319401143818370470A460021818BFC
:109D9000C1F30E014FF6FF7303EA022319438183D7
:109DA00070470A460021018C4FF6FD73194011439C
:109DB000018470470A460021018C4FF6F773194061
:109DC0001143018470470A460021018C4FF6DF736E
:109DD00019404FF6FF7303EA0213194301847047D9
:109DE0000A460021018C4FF67F7319404FF6FF732E
:109DF00003EA02131943018470470A460021018CCB
:109E00004FF6FF5319404FF6FF7303EA022319433D
:109E1000018470470A460021018C4FF2FF731940FC
:109E20004FF6FF7303EA02231943018470470A4681
:109E30000021018C4DF6FF7319404FF6FF7303EAC2
:109E4000023319430184704730B5002301248C404C
:109E5000A3B2048C9C430484048C02FA01F5ADB2D5
:109E60002C43048430BD30B5002304248C40A3B2BD
:109E7000048C9C430484048C02FA01F5ADB22C439B
:109E8000048430BD828B4FF2FF331A408283828B71
:109E90004FF6FF7303EA01231A4382837047F0B53C
:109EA0000C461546002100220026078C4EF6FF7C4A
:109EB00007EA0C070784818B028C4FF6FF7707EACD
:109EC000043640F6FF4739404FF6FF7707EA05278B
:109ED00039434FF6FF7707EA0337394345F6FF77F3
:109EE0003A4046F480573A4381830284F0BD828B26
:109EF0004FF6F3731A408283828B0A438283704742
:109F0000F0B50C461546002100220026078C4FF6BE
:109F1000FF6C07EA0C070784818B028C4FF6FF77F2
:109F200007EA04264FF60C7739404FF6FF7707EA29
:109F300003172F4339434FF2FF573A4046F48077D7
:109F40003A4381830284F0BD028B4FF2FF331A4003
:109F50000283028B4FF6FF7303EA01231A43028345
:109F60007047F0B50C461546002100220026078CEC
:109F70004FF6EF7C07EA0C070784018B028C4FF643
:109F8000FF7707EA041640F6FF4739404FF6FF77A0
:109F900007EA033739434FF6FF7703E0000001403B
:109FA0000004014007EA052739434FF65F773A403E
:109FB00046F010073A4301830284F0BD028B4FF64E
:109FC000F3731A400283028B0A4302837047F0B591
:109FD0000C46154600210022068C4FF6FE773E40C7
:109FE0000684018B028C4FF60C7631407E1C06EA0B
:109FF00003162E4331434FF6F576324044F0010606
:10A00000324301830284F0BD70B505460C462088BA
:10A0100050B92389A28861882846FFF7D8FFE188D4
:10A020002846FFF7CBFF25E0208804280AD12389A2
:10A03000A28861882846FFF794FFE1882846FFF749
:10A0400083FF17E0208808280AD12389A288618825
:10A050002846FFF755FFE1882846FFF748FF09E04B
:10A060002389A28861882846FFF719FFE1882846DE
:10A07000FFF708FF70BD0021018041800121818030
:10A080000021C180018170472DE9F04105460C4651
:10A0900000260127608808B9022600E00026A08873
:10A0A000012801D1022700E001272088A0B92389D7
:10A0B000A28861882846FFF78AFFE1882846FFF7D3
:10A0C0007DFF23893A4631462846FFF74AFFE1885B
:10A0D0002846FFF739FF13E02389A28861882846C4
:10A0E000FFF73FFFE1882846FFF72EFF23893A4616
:10A0F00031462846FFF76BFFE1882846FFF75EFFF1
:10A10000BDE8F0810146486B70470146886B704797
:10A110000146C86B70470146086C70470A884B8837
:10A120001A438B881A43CB881A430B891A434B89ED
:10A130001A438B891A43A0F84420704700210180FC
:10A1400041808180C180018141818181704731B12D
:10A15000B0F8442042F40042A0F8442005E0B0F8F2
:10A160004420C2F30E02A0F84420704721B1828837
:10A1700042F00402828004E082884FF6FB731A40AA
:10A180008280704721B1828842F00102828004E01F
:10A1900082884FF6FE731A40828070471AB1838915
:10A1A0000B43838102E083898B43838170478182E3
:10A1B000704702460020138A0B400BB1012000E0DB
:10A1C00000207047CA430282704730B50246002023
:10A1D00000230024158A05EA0103958905EA010494
:10A1E00013B10CB1012000E0002030BDCA4302824F
:10A1F000704741EA0203A0F8483070471AB18389DA
:10A200000B43838102E083898B438381704721B1B3
:10A21000828842F00802828004E082884FF6F77359
:10A220001A408280704701894FF6F872114001810F
:10A2300070470A46002101894FF68F731940114378
:10A240000181704730B504460D4629462046FFF788
:10A25000F0FF208940F00700208130BD2DE9F0415A
:10A2600004460D4616461F46602D06D13B46012288
:10A2700031462046FFF775FE05E03B460122314698
:10A280002046FFF7A4FE29462046FFF7D2FF20898B
:10A2900040F007002081BDE8F08130B50C46002178
:10A2A0000189C9B24FF6FF7505EA03251543254319
:10A2B0002943018130BD2DE9F04105460E46174680
:10A2C0009846002443463A4631462846FFF7E5FFC4
:10A2D0002C894FF6F870044044F007044FF68F7055
:10A2E000044044F070042C81BDE8F081F0B50446D0
:10A2F0000D4616461F463B46324629462046FFF786
:10A30000CCFF208940F480402081F0BD82884FF648
:10A310008F731A40828082880A4382807047028944
:10A320004FF6F8731A40028102890A43028170478E
:10A3300002894FF67F731A40028102890A43028123
:10A340007047F0B50C4615461E460021002200233A
:10A350000189028B038C4FF6F877394021434FF681
:10A36000FC473A4040F201173A434FF6DD773B4055
:10A370004FF6FF7707EA06172F433B43018102831D
:10A380000384F0BD21B1828842F08002828004E023
:10A3900082884FF67F731A4082807047A0F8501071
:10A3A00070470000002041490860091D0860091D30
:10A3B0000860091D08603E483C4914310860704738
:10A3C00000213A498279002A3AD00A461268036885
:10A3D0009A430B461A600A1D126803689A430B1DC4
:10A3E0001A60027911440A6803681A430A602F4A06
:10A3F0000832126803689A432C4B08331A601A1DFE
:10A40000126803689A43294B0C331A604279102A68
:10A410000ED11A1F126803681A43244B08331A60BE
:10A420001A1D126803681A43204B0C331A600DE0A2
:10A430001E49427911440A6803681A430A6005E01C
:10A44000027911440A6803689A430A607047002140
:10A45000016001710C214171002181717047134924
:10A46000103109680143114A1032116070470146EA
:10A4700000200E4A143212680A400AB1012000E09E
:10A4800000207047094914310860704701460020D8
:10A49000064A143212680A400AB1012000E0002086
:10A4A000704702491431086070470000003C0140C9
:10A4B000FFFF7F0010B58CB004461E230BAA03A932
:10A4C000204600F0A9FE0090009810B101200CB0C9
:10A4D00010BD9DF82C00044400200B900EE0404875
:10A4E0009DF82C2050F8221003A800F0FDFD00B9C3
:10A4F00008E09DF82C00401CC0B20B909DF82C0089
:10A500000728ECD300BF9DF82C00072863D2DFE8B2
:10A5100000F004053C5E6564630000BF31A001F0FB
:10A52000CFF831A001F0CCF83FA001F0C9F84EA05F
:10A5300001F0C6F85CA001F0C3F86BA001F0C0F810
:10A5400079A001F0BDF886A001F0BAF88BA001F067
:10A55000B7F890A001F0B4F894A001F0B1F899A078
:10A5600001F0AEF89EA001F0ABF8A4A001F0A8F8AD
:10A57000B0A001F0A5F8BDA001F0A2F8C8A001F0BC
:10A580009FF8D4A001F09CF89AE216A001F098F888
:10A59000E0A001F095F800200B900EE0ED48006877
:10A5A0009DF82C2000EBC2004168EBA001F088F878
:10A5B0009DF82C00401CC0B20B90E648007D9DF831
:10A5C0002C108842EADC07A001F07AF878E205A0B6
:10A5D00001F076F8C4E171E245E219E2ECE1000035
:10A5E000780000200D0A00002D2D2D2D2D2D2D2D54
:10A5F0002D2D2D2D2D2D2D2D2D2D2D2D2D2D2D2D8B
:10A6000055534D4152542056332E312D2D2D2D2D85
:10A610002D2D2D2D2D2D2D2D2D2D2D2D2D2D2D2D6A
:10A620002D2D2D200D0A00002020202055534D41B6
:10A630005254AC4FA5D1414C49454E54454BB67D83
:10A64000B56FAABAA440ADD3C646A5A9AABAA6EAD0
:10A65000A466BDD5B8D5A4ACA5E6B2D5A5F32CB3F8
:10A6600071B94C200D0A0000A5A62CA741A569A52B
:10A6700048B371B94CA6EAA466A755A4E2BDD5A516
:10A68000CEB57BA7C7B8CCADB1AABAA5F4A6F3A83E
:10A69000E7BCC62CA8C3B0F5A6E62EA65DA6B92CCD
:10A6A000A741A5690D0A0000A548C048B74EA7F309
:10A6B000A7EFA8E7BCC6AABABFE9A44AB0D1BCC6F6
:10A6C00028A4E4ABF9BCC6A6722831302F3136B6C7
:10A6D00069A8EE29A142A672B2C5A6EAA142A8E7DE
:10A6E000BCC6A44A0D0A0000A466A661A77DB5A554
:10A6F000A740ACB0B0D1BCC6292CB3E6ADD3A8E717
:10A70000BCC6B3CCA668A4E4ABF93130ADD3BFE985
:10A71000A44AB0D1BCC62CA8C3A4E4ABF9A8E7BC3A
:10A72000C6AAF0200D0A0000A65EADC8C5E3A5DCF0
:10A730002EB773BC57B0D1BCC6C5E3A5DCB669A8BB
:10A74000EEB35DB86DA55CAFE02CB773BC57B669CE
:10A75000A8EEC2E0B4ABA55CAFE02E0D0A0000008D
:10A76000A7DEB34EA4E4ABF93A7777772E6F706526
:10A770006E6564762E636F6D0D0A000055534D4172
:10A780005254A6B337ADD3A874B2CEA952A54F3A4E
:10A790000D0A00003F3A202020202020C0F2A8FA15
:10A7A000C0B0A755AB48AEA70D0A000068656C7035
:10A7B0003A202020C0F2A8FAC0B0A755AB48AEA7F7
:10A7C0000D0A00006C6973743A202020A569A5CE9B
:10A7D000AABAA8E7BCC6A643AAED0D0A0A00000063
:10A7E00069643A2020202020A569A5CEA8E7BCC630
:10A7F000AABA4944A643AAED0D0A0A006865783A48
:10A8000020202020B0D1BCC63136B669A8EEC5E301
:10A81000A5DC2CABE1B8F2AAC5AEE62BBCC6A6728D
:10A82000A759B0F5A6E6B669A8EEC2E0B4AB0D0A2A
:10A830000A0000006465633A20202020B0D1BCC625
:10A840003130B669A8EEC5E3A5DC2CABE1B8F2AABD
:10A85000C5AEE62BBCC6A672A759B0F5A6E6B6698A
:10A86000A8EEC2E0B4AB0D0A0A00000072756E7467
:10A87000696D653A312CB67DB1D2A8E7BCC6B94244
:10A88000A6E6AD70AEC93B302CC3F6B3ACA8E7BCAE
:10A89000C6B942A6E6AD70AEC93B0D0A0A0000007B
:10A8A000BDD0ABF6B7D3B57BA7C7BD73BC67AEE66B
:10A8B000A6A1BFE9A44AA8E7BCC6A657A4CEB0D1BA
:10A8C000BCC6A8C3A548A65EA8AEC1E4B5B2A7F4AD
:10A8D0002E0D0A002D2D2D2D2D2D2D2D2D2D2D2D17
:10A8E0002D2D2D2D2D2D2D2D2D2D2D2D2D2D414C65
:10A8F00049454E54454B2D2D2D2D2D2D2D2D2D2DD6
:10A900002D2D2D2D2D2D2D2D2D2D2D2D2D2D2D2084
:10A910000D0A00002D2D2D2D2D2D2D2D2D2D2D2D04
:10A920002D2D2D2D2D2D2D2D2D2D2D2D2DA8E7BC93
:10A93000C6B24DB3E62D2D2D2D2D2D2D2D2D2D2DCA
:10A940002D2D2D2D2D2D2D2D2D2D2D2D2D2D2D2D37
:10A95000200D0A005401002025730D0A000000009C
:10A96000EEA000F0ADFE00200B901AE0FB49096854
:10A970009DF82C2001EBC20101AB02AA486803A993
:10A9800000F070FCF54800689DF82C1050F831205C
:10A9900003A9F3A000F094FE9DF82C00401CC0B267
:10A9A0000B90EE48007D9DF82C108842DEDCAFF263
:10A9B000CC3000F085FE83E0AFF2D83000F080FEAE
:10A9C0000BAA03A9204600F029FD9DF82C00C8B968
:10A9D000694603A800F0BBFB0B909DF82C0020B942
:10A9E000E4A0009900F06CFE0EE09DF82C00042815
:10A9F00001D002206BE5E2A000F062FE0120D74901
:10AA0000C87501E0022062E5DCA000F059FE57E0C5
:10AA1000DAA000F055FE0BAA03A9204600F0FEFCC8
:10AA20009DF82C00C8B9694603A800F090FB0B9074
:10AA30009DF82C0020B9D7A0009900F041FE0EE04F
:10AA40009DF82C00042801D0022040E5D4A000F09D
:10AA500037FE0020C149C87501E0022037E5C7A0D4
:10AA600000F02EFE2CE0C5A000F02AFE0BAA03A9E0
:10AA7000204600F0D3FC9DF82C00C8B9694603A815
:10AA800000F065FB0B909DF82C0078B9B349009855
:10AA900081F8EC00084690F8EC0018B1C5A000F071
:10AAA0000FFE07E0CAA000F00BFE03E002200EE557
:10AAB00002200CE5B1A000F003FE01E0012006E554
:10AAC00000BF002003E510B50121C848FFF77AFB5D
:10AAD0004FF6FF71C548FEF70BFF0021C348FEF794
:10AAE00005FF00209D49C1F8F00010BD10B50121FF
:10AAF000BE48FFF75EFB012808D19848D0F8F00067
:10AB00004FF6FF7108449549C1F8F000B748FEF7C9
:10AB1000F1FE9249D1F8F01008449049C1F8F000D4
:10AB20000846D0F8F00010BD10B50121AF48FFF77E
:10AB30004CFB01280AD18949086980470021AB48AC
:10AB4000FEF7D4FE6421A948FEF7D2FE0121A748F2
:10AB5000FFF74CFB10BD7FB504460D4601210420D4
:10AB6000FEF74FFAADF800500020ADF80200019456
:10AB7000ADF8080069469D48FEF76FFE01221146B8
:10AB80009A48FFF70BFB01219848FEF7EFFE1E20C5
:10AB90008DF80C0003208DF80D008DF80E000120BB
:10ABA0008DF80F0003A8FDF770FB7FBD10B50446BC
:10ABB00004EBC40000EB04100122C2EB800081B260
:10ABC0004FF47A70FFF7C7FF01206449C87510BDC4
:10ABD00030B595B0054613AB12AA09A9284600F076
:10ABE00041FB044614B1204615B030BD002014903E
:10ABF00026E05A4909689DF8502001EBC20113ABC9
:10AC000011AA486801A900F02DFB04460CB12046AA
:10AC1000EAE709A901A800F067FA60B99DF84400C5
:10AC20009DF84810884201DD0220DDE79DF85000C4
:10AC30004A4988750AE09DF85000401CC0B2149043
:10AC40004648007D9DF850108842D2DC00BF434842
:10AC5000007D9DF85010884201D10420C4E714A95A
:10AC6000284600F04CFC04460CB12046BCE79DF899
:10AC700050003A4948750020B6E72DE9F0419AB0F6
:10AC80003648847D007DA04202DC1AB0BDE8F08128
:10AC90003249096801EBC40106AB07AA486808A954
:10ACA00000F0E0FA08A952A000F00AFD0026B9E081
:10ACB0002A48008B0121B1400840D8B122214EA082
:10ACC00000F0FEFC304600F00DFC2449243147180A
:10ACD00039464AA000F0F4FC222147A000F0F0FC25
:10ACE000304600F0FFFB1D492431084410A941F80B
:10ACF00026008DE0304600F0F5FB18492431085855
:10AD000010A941F826001548C07D30B910A850F8A8
:10AD100026103BA000F0D4FC7AE073E02D2D2D2D01
:10AD20002D2D2D2D2D2D2D2D2D2D2D2D2D2D2D2D53
:10AD30002D2D2D2D2DA8E7BCC6204944202D2D2DCD
:10AD40002D2D2D2D2D2D2D2D2D2D2D2D2D2D2D2D33
:10AD50002D2D2D2D2D2D2D2D200D0A0054010020DF
:10AD600025732069642069733A0D0A3058253038FC
:10AD7000580D0A004845583A305825580D0A000029
:10AD80003136B669A8EEB0D1BCC6C5E3A5DC210D4D
:10AD90000A0000004445433A256C750D0A00000086
:10ADA0003130B669A8EEB0D1BCC6C5E3A5DC210D33
:10ADB0000A00000052756E2054696D652043616C75
:10ADC00063756C6174696F6E204F4E0D0A00000050
:10ADD00052756E2054696D652043616C63756C61BA
:10ADE00074696F6E204F46460D0A0000000800404F
:10ADF0000D0A25732800000025630000257300005C
:10AE0000256C750010A850F8261095A000F058FC8D
:10AE10009DF81C00401EB04202D093A000F050FCF0
:10AE2000701CC6B29DF81C008642FFF641AF8FA091
:10AE300000F046FCFFF747FE8D48407D0B280DD201
:10AE4000DFE800F0060D151E27323F4E5F728700C7
:10AE50008749096851F834008047054690E0844AE4
:10AE6000126852F8341010988847054688E0804BE5
:10AE70001B6853F83420DDE91001904705467FE058
:10AE80007B4F3F6857F8343010A807C898470546ED
:10AE900076E0DFF8DCC1DCF800C05CF8347010A8A4
:10AEA0000FC8B84705466BE01498DFF8C4C100909E
:10AEB000DCF800C05CF8347010A80FC8B84705462D
:10AEC0005EE0DDE91401DFF8A8C1CDE90001DCF89E
:10AED00000C05CF8347010A80FC8B84705464FE0B2
:10AEE000DDE914121698DFF888C1CDE9001202904E
:10AEF000DCF800C05CF8347010A80FC8B8470546ED
:10AF00003EE0DDE91423DDE91610DFF864C1CDE988
:10AF10000023CDE90210DCF800C05CF8347010A802
:10AF20000FC8B84705462BE0DDE91523DDE917100A
:10AF3000CDE90123CDE903101498DFF834C1009066
:10AF4000DCF800C05CF8347010A80FC8B84705469C
:10AF500016E0DDE91623DDE91810CDE90223CDE97D
:10AF60000410DDE91401DFF808C1CDE90001DCF8C7
:10AF700000C05CF8347010A80FC8B847054600BF81
:10AF800000BFFFF7B3FD9DF8180001280CD1384829
:10AF9000C07D20B9294637A000F092FB07E0294682
:10AFA00036A000F08DFB02E033A000F089FB3048B2
:10AFB00090F8EC0088B12E48D0F8F0000A21B0FBE0
:10AFC000F1F201FB12072A48D0F8F000B0FBF1F8CB
:10AFD0003A4641462CA000F073FB00BF55E670B521
:10AFE0003148008800F40040002833D02E4805780E
:10AFF00000202E4948551E4881682C488847044641
:10B000001CB91B49C868804721E02848FFF752FA5D
:10B010000546012D00D02C46CCB1012C06D0022CC7
:10B0200008D0032C0AD0042C10D10BE020A000F093
:10B0300047FB0BE021A000F043FB07E022A000F05B
:10B040003FFB03E023A000F03BFB00BF00BF00205C
:10B050001549088070BD0146086870470160704757
:10B0600030582558000000002C0000002900000086
:10B07000540100203D256C753B0D0A003D305825DC
:10B08000583B0D0A0000000046756E6374696F6ED0
:10B090002052756E2054696D653A25642E25316401
:10B0A0006D730D0A0000000064000020660200209D
:10B0B000A8E7BCC6BFF9BB7E210D0A00B0D1BCC653
:10B0C000BFF9BB7E210D0A00B0D1BCC6A4D3A668CF
:10B0D000210D0A00A5BCA7E4A8ECA4C7B074AABAC5
:10B0E000A8E7BCC6210D0A0002460AE010780B78DA
:10B0F000984201D001207047107800B902E0521C3C
:10B10000491CF3E700BF0020F5E706E002780A706B
:10B11000027802B902E0401C491CF7E700BF704703
:10B120000146002005E00A7802B903E0421CD0B2D3
:10B13000491CF8E700BF704710B50246012000E047
:10B1400050430B1EA1F10104E1B2F9D110BD2DE96C
:10B15000F04307460E4600254FF00A083C46002003
:10B1600030601FE02078392802DC207830280ADAA5
:10B170002078462802DC2078412804DA20785828F4
:10B1800009D1012D07D12078412801DB4FF01008AB
:10B19000681CC5B205E0207800B904E00120BDE8D4
:10B1A000F083641CDEE700BF3C46B8F1100F0FD1FE
:10B1B000032D01DA0220F2E72078302806D16078EA
:10B1C000582803D1A41CA81EC5B204E00320E6E75A
:10B1D0000DB90420E3E71BE00DB1681EC5B220786D
:10B1E000392806DC2078302803DB2078A0F13009EC
:10B1F00002E02078A0F1370929464046FFF79CFF7E
:10B20000316809FB00103060641C207800B900E050
:10B21000E2E700BF0020C2E710B50446002010702E
:10B220000BE020780870641C491C1078401C1070DA
:10B230001078984201DB012010BD2078202802D030
:10B2400020780028EDD10020087000BFF4E7014607
:10B25000491C00E0491C0878202801D10029F9D1B7
:10B26000087870472DE9FF4F85B080468946002752
:10B27000002004900390012002904FF0000B002565
:10B2800044461DE02078202816D005F07F000528D0
:10B2900012DA0DB945F0800505F07F00042803D1CE
:10B2A00020782A2800D00EE0207805F07F010DF8E4
:10B2B0000100681CC5B202E0852D00D103E0641CCA
:10B2C00020780028DED100BF8DB1002005F07F017D
:10B2D0000DF80100CBA16846FFF706FF18B9002161
:10B2E0000898017002E001210898017000254FF0D4
:10B2F000000A444614E0641C0AF1010000F0FF0A51
:10B300002078202802D020782A2809D12046FFF76B
:10B310009EFF0646282E03D02A2E01D0CDF810A07D
:10B320002078282802D020780028E4D144460498C8
:10B3300010B10498401C04444FF0000A002654E069
:10B34000207810B94FF0010A50E02078282803D166
:10B3500016B9781CC7B213E02078292808D13EB965
:10B3600017B1781EC7B201E04FF0010A47B93DE0BE
:10B370002078222804D10EB9012000E000200646E2
:10B3800047B9207820282FD0207889F8000009F1CB
:10B39000010929E020782C2804D101200290681CA2
:10B3A000C5B214E02078202811D0207828280ED0AB
:10B3B0004DB9BBF1050F06DA20780DF80B000BF143
:10B3C000010000F0FF0B0298401CC0B20290012F58
:10B3D0000AD10298022807D10298401CC0B20290FC
:10B3E0000398401CC0B20390641CA9E700BF0398F7
:10B3F000012809D100200DF80B0082A16846FFF753
:10B4000073FE08B900200390079903980870002084
:10B4100089F80000504609B0BDE8F08FF0B503464A
:10B420001546002000220026002455E01F782C2F0E
:10B4300001D104B901221F78292F01D01F780FB93B
:10B4400004B94AE0002E34D11F78302F02DB1F7878
:10B45000392F11DD1F78612F02DB1F78662F0BDD7E
:10B460001F78412F02DB1F78462F05DD1F78582FEC
:10B4700002D01F78782F0CD102B12EE01F78612FF7
:10B4800003DB1F78203F0F7001E01F780F70491C0D
:10B490001FE01F78222F04D102B11EE001260124F3
:10B4A00017E01F78202F14D01F782C2F11D0FF26E3
:10B4B00013E01F78222F00D1002402B10DE044B127
:10B4C0001F785C2F02D15B1C471CF8B21F780F70ED
:10B4D000491C471CF8B25B1CA8E700BF00270F708F
:10B4E0002E70F0BD02460020002105E0474B5B5C5A
:10B4F0000344D8B24B1CD9B29142F7DB70472DE917
:10B50000F043B5B005460F460024002604E00021B4
:10B510003E488155701CC6B20A2EF8DB06E06D1C51
:10B52000287818B9012035B0BDE8F083287828289C
:10B53000F5D16D1C61E034AA69462846FFF76EFF1D
:10B54000064635449DF8D00020B1012827D0FF28B9
:10B550004CD149E09DF8000000B333A96846FFF7DD
:10B56000F6FD06460EB10220DDE72046FFF7BAFFE2
:10B5700026490A31339A0A50A1F12400008B012197
:10B58000A140884321491A39088304211F480155E5
:10B59000601CC4B20A2C01DD0320C4E726E0684623
:10B5A000FFF7BEFD401C00F0FF082046FFF79AFFA2
:10B5B00016490A3100EB010949466846FFF7A5FD27
:10B5C00012481A38018B0120A040014388B20F496C
:10B5D0001A3908830D4800F80480601CC4B20A2C94
:10B5E00001DD03209FE701E002209CE700BF2878EF
:10B5F000292801D0287800B900E09CE700BF3C7002
:10B60000002090E7766F6964000000006E01002062
:10B61000704770B5064600F01FFA056806F10B008A
:10B6200020F00704B4429CBF002070BD2B466A681E
:10B63000BAB11068A04210D304F1080188423CBF9F
:10B640005068586007D35168101941601168091B90
:10B65000016058601460101D70BD13465268002AC6
:10B66000E7D12146284600F0FFF90028DED170BD61
:10B6700070B50446051F00F0EFF90068002C14BFF8
:10B68000446870BD002C18BFAC423CBF20466468C3
:10B69000F8D301680A18AA4218BF456003D12A6886
:10B6A00005461144016028684119A1421CBF6C6025
:10B6B00070BD6168696021680844286070BD000041
:10B6C0000FB4044910B503AA029800F091FA10BC17
:10B6D0005DF814FB6000002070B5044685690068C1
:10B6E000C10601D5302600E02026C00707D070BD76
:10B6F000D4E9012130469047206A401C20626D1E2B
:10B70000F6D570BD70B5044685690078C00707D1CD
:10B7100070BDD4E9012120209047206A401C20629E
:10B720006D1EF6D570BD70B50C460546012A05D0D4
:10B730002878800600D5EA69002302E0012305E0AD
:10B740005B1C934202D2E05C0028F9D1A869E6189C
:10B75000C01AA861286A184428622846FFF7BCFF6F
:10B7600004E0D5E9012114F8010B9047B442F8D365
:10B770002846FFF7C7FF70BD2DE9F04106460024BB
:10B7800010687529314616A510D0AFF30080002847
:10B7900002DA404213A507E031688A0701D512A5F5
:10B7A00002E0490704D511A5012401E0AFF30080B0
:10B7B00000210A2206F1240709E0B0FBF2FCB0FBED
:10B7C000F2F302FB1C00303078541846491C002864
:10B7D000F3D123462A463046BDE8F04100F099B93E
:10B7E000000000002D0000002B00000020000000E1
:10B7F00070B504460D4621461068AFF300802188DD
:10B80000090502D50F4A7A4402E00E4A7A440E3204
:10B81000002104F1240305E000F00F060009965D05
:10B820005E54491C0028F7D120780023000704D576
:10B83000702D02D009B1022311322046BDE87040BC
:10B8400000F067B9FA3A00002DE9F05F8946044636
:10B850004FF0000ADFF874B1FB44C0F820A0204686
:10B86000E1688847002874D0252806D0D4E9012152
:10B870009047206A401C2062F1E700265F46204680
:10B88000E16888472028054607DB312D05D2781965
:10B8900010F8200C08B10643F1E7B00701D526F0F7
:10B8A0000406C4F81CA00027C4F818A02A2D09D04B
:10B8B000284601F0B9F938B304EB8708303DC8F8E1
:10B8C000185019E059F8041B204604EB87029161D7
:10B8D000E1688847012F054618D1E069002820DA81
:10B8E00026F020061DE0D8F8180000EB800005EBDC
:10B8F00040003038C8F818002046E16888470546FF
:10B9000001F092F90028EED1012F0AD02E2D08D196
:10B910002046E16888477F1C0546022F46F0200636
:10B92000C4DBA069002803DA404246F00106A061AA
:10B93000F00701D026F010066C2D0BD0682D09D031
:10B940004C2D39D06A2D35D0742D35D07A2D33D089
:10B9500016E038E0E1682F4620468847B8420546A1
:10B9600009D16C2F26D04FF48060E1680643204651
:10B970008847054604E06C2F1AD04FF480700643C8
:10B980000DB3A5F14100192802D8203546F4006610
:10B990004A462946204626604E46F4F74FFC80B1C1
:10B9A00001280BD0F61D26F0070000F1080956E724
:10B9B0004020E4E78020D8E70020D6E706F104091C
:10B9C0004DE7284652E7206ABDE8F09FD03A0000D4
:10B9D0004FF0013C50F8042B51F8043B9A4221D11E
:10B9E000A2EB0C03934313EACC1317D150F8042BAA
:10B9F00051F8043B9A4215D1A2EB0C03934313EA8E
:10BA0000CC130BD150F8042B51F8043B9A4209D1C6
:10BA1000A2EB0C03934313EACC13DBD04FF00000EE
:10BA2000704700BFD01A01BAB1FA81F101F01801D4
:10BA300022FA01F0CB40C1F12001DBB2C0B2C01A42
:10BA40002CFA01F3D11A914311EAC311E6D17047E0
:10BA500070477047704770470048704738030020B0
:10BA6000704770477047704738B504460A46002053
:10BA70006946AFF30080002808BF38BD0246009930
:10BA8000204600F0CFF8012038BD012000F000B9B9
:10BA9000F8B5AFF30080054600200C46102000BF2B
:10BAA0000646A819A0420DD9324669460020AFF3D8
:10BAB0000080070008BF00F0EBF80098A04218BF14
:10BAC0000546C419FFF7C8FF05600746F01D20F0C2
:10BAD00007004619284600F00AF8B44208BFF8BD2E
:10BAE000A21B31463868BDE8F84000F09BB8002141
:10BAF0000160C0E9011070471020704710B500F0D8
:10BB00008DF8006810BD10B5044600F087F8046099
:10BB100010BD2DE9F0470D4699469246044600F1C6
:10BB200024080168880604D5E06921F0100121602D
:10BB300000E00120A84201DD471B00E00027A169C9
:10BB40007A1902EB0900081AA0612078C00602D415
:10BB50002046FFF7C1FD002608E0D4E901211AF8CC
:10BB600006009047206A401C761C20624E45F4DB9C
:10BB70002078C0060AD52046FFF7AEFD06E0D4E9DE
:10BB8000012130209047206A401C2062381EA7F116
:10BB90000107F4DC07E0D4E9012118F8050090471B
:10BBA000206A401C2062281EA5F10105F3DC204616
:10BBB000FFF7A8FD2078000602D50220BDE8F08737
:10BBC0000120FBE710B5436913B1AFF3008001E03A
:10BBD000FFF7A9FD012010BD127800F124010A70C1
:10BBE00000224A700122EDE711684FF0FF32E9E7C9
:10BBF000074B70B50D467B4400F033F804462846E9
:10BC000000F042F810B14FF0FF3070BD204670BD1B
:10BC1000FDC4FFFF00487047300300200048704714
:10BC200030030020034640688C46002818BF884235
:10BC30003CBF03464068F8D318681844884207D0D0
:10BC40000CF1030020F00700001D411A521A0146B2
:10BC5000081D0A60FFF70CBD01694A1C02610878E3
:10BC6000704700B58FB0CDE901310021059105493C
:10BC70007944CDE9031011466846FFF7E5FD0FB0A2
:10BC800000BD0000E5FFFFFF007B00F08000704773
:10BC900010B500F037F8BDE8104000F02EB875463A
:10BCA000FFF7B8FFAE4605006946534620F007008F
:10BCB000854618B020B5FCF7D1FABDE820404FF01A
:10BCC00000064FF000074FF000084FF0000B21F086
:10BCD0000701AC46ACE8C009ACE8C009ACE8C00953
:10BCE000ACE8C0098D46704710B50446AFF300803C
:10BCF0002046BDE81040F4F7C5BA002801D0FCF793
:10BD0000F7B9704710B5012805D0002103A000F055
:10BD100021F8012010BD09A1F8E70000534947525E
:10BD2000544D454D3A204F7574206F66206865610B
:10BD300070206D656D6F7279000000003A204865D3
:10BD40006170206D656D6F727920636F72727570AE
:10BD50007465640070B505460C460A2000E06D1C51
:10BD6000FCF7D4F935B128780028F8D102E0641C3A
:10BD7000FCF7CCF914B120780028F8D1BDE8704068
:10BD80000A20FCF7C3B903B401984100009850EAB7
:10BD9000C12018BF04204A0D18BF40F0010040F236
:10BDA000FF72B2EB515F08BF40F00200012808BFEC
:10BDB000052002B0704700002DE9F04D2DED040B79
:10BDC0002DED0E8B96B0DDE92550279CDDF890A077
:10BDD00025F0004624F00048BAF1000F14BF0121FD
:10BDE000002101EB4502FC4953184A1093422AD323
:10BDF000002814BF0123002303EB44030B44F7493D
:10BE00008B4220D358EA00019FEDF59B76D0DFF8F6
:10BE1000D8B35D4503D1BAF1000F05D188E0BAF17E
:10BE2000000F08BF002100D0012101EB450111F5F1
:10BE3000001F08D8002814BF0121002101EB440194
:10BE400011F5001F0BD99DED261B9DED240B16B09F
:10BE5000BDEC0E8B04B0BDE8F04D00F0A9BE00278C
:10BE6000002DBCBFE149884521DAE1498845A8BFDA
:10BE700002271CDAC3451ADCDE4901EB28511429DC
:10BE800008DDC1F1340220FA02F101FA02F2824225
:10BE90000DD108E058B9C1F1140228FA02F101FAF3
:10BEA00002F2424503D101F00101C1F1020756EA55
:10BEB0000A0124D1002C22DA002D18BF022F01D054
:10BEC000012F0AD00220FFF71EFE16B0BDEC0E8B2C
:10BED00004B0BDE8F04D00F053BE0220FFF713FEA2
:10BEE00000F04EFE51EC100B00F0E8FE41EC100BA0
:10BEF00016B0BDEC0E8B04B0BDE8F08D18E09FEDE0
:10BF0000BEAB9FEDBF8B002871D1B848804522D1D0
:10BF100005F1804010F5801008BFBAF1000F07D07E
:10BF2000B3450ADC002CA8BF9DED260BE0DA0DE03E
:10BF3000B0EE490AF0EE690ADAE7002C06DA9DED68
:10BF4000260B51EC100B00F0B9FE6FE0AE487844C0
:10BF500090ED000BCCE7D8454DD1002C48DA2EB13E
:10BF600086423AD1BAF1000F42D126E0BAF1000F71
:10BF700013D00220FFF7C7FD00F036FE8DED020B57
:10BF80009DED240B8DED000B10EE900A039961F3EB
:10BF90001E0003909DED020BAAE78DED02AB9DED17
:10BFA000240B1AEE901A10EE900A8DED000B61F33F
:10BFB0001E0003909DED020B9AE78DED028B9DED27
:10BFC000240B18EE901A10EE900A8DED000B61F321
:10BFD0001E0003909DED020B8AE709DA9DED240B0C
:10BFE00051EC190B53EC102B00F030FF1EE020E059
:10BFF0009DED240B7CE786421BDAB4F1804F0DD017
:10C00000A4F10050B0F1FF5013D1002D11DB9DEDD4
:10C01000240B51EC100B00F01AFE07E09DED240BF1
:10C0200053EC102B51EC100B00F0C2BC41EC100B88
:10C030005EE79DED240B51EC100B00F0FCFDBAF116
:10C04000000FCDE90E0142D19FED710B46B3A6F171
:10C05000E040B0F17F600CD05E4538D1002D00DAB1
:10C06000A7B3022F0CBF01204FF0FF3001F0A3F85F
:10C07000DCE7002D01DD002C0DDA002D01DD002CA8
:10C080001FDB002D16DA002C14DB012F08BF9FEDFB
:10C09000620B3FF42DAFB0EE4A0AF0EE6A0A27E7D2
:10C0A000022F18BF002D0CD0012F0AD1002DFFF652
:10C0B0001FAF06E0002DB8BF002C08DA012F3FF4B7
:10C0C00017AFB0EE480AF0EE680A11E71BE0012056
:10C0D00000EBE57050EA070115D0791EB0EE498AF1
:10C0E000F0EE698A084308BF9FED4D8B4E4800254E
:10C0F000804570DD4D494E48884514DDB0420DDB6A
:10C10000002C19DB2FE00120FFF7FDFC16B0BDEC81
:10C110000E8B04B0BDE8F04D00F056BDB34502DC17
:10C12000002C09DC1FE0864202DA002C1BDA03E057
:10C130005E452BDD002C16DD0220FFF7E4FC00F04D
:10C1400053FD8DED020B53EC1A2B51EC180B01F043
:10C1500099F8CDE900010399019861F31E0003905D
:10C160009DED020BC4E60220FFF7CDFC00F04CFD74
:10C1700010EE901A18EE900A8DED020B8DED008BEB
:10C1800061F31E0003909DED020BB1E69DED0E0BD9
:10C1900053EC192B51EC100B01F080FA9FED260B9C
:10C1A000CDE9080153EC102B9DED080B51EC100B61
:10C1B00001F068F89FED221B53EC112B01F096F96A
:10C1C0009DED081B53EC112B01F05CF89FED1E1B3D
:10C1D00053EC112B3CE08CE0FFFF1F00FFFF0F0032
:10C1E000000000000000F03F0000F03F0000F07F82
:10C1F0000000404301FCFFFF000000000000F07F52
:10C200000000000000000000763400000000000084
:10C210000000000000000080000000000000F0FFAF
:10C22000000000000000F0BF0000E0410000F0430B
:10C23000FFFFEF3F00000000000000000000D03FC3
:10C24000555555555555D53F000000000000E03FBD
:10C2500001F04CF99DED080B41EC1A0B53EC102B3F
:10C2600051EC100B01F00EF853EC1A2B01F00AF808
:10C2700041EC1A0B9FEDFE0B53EC102B9DED080BC0
:10C2800051EC100B00F0FEFF41EC1B0B9FEDFA0B85
:10C2900051EC1A0B53EC102B00F0F4FF41EC1A0B8D
:10C2A0009FEDF70B53EC102B9DED080B51EC100B91
:10C2B00000F0E8FF53EC1A2B01F0F0F941EC1A0BF7
:10C2C00051EC1B0B53EC1A2B00F004FD0690CDE94A
:10C2D00006519DED060B53EC1B2B51EC100B01F09E
:10C2E000DDF953EC1A2B01F001F941EC100B00F0D1
:10C2F000A1B90020B6F5801F0EDA9FEDE30B53ECD9
:10C30000102B9DED0E0B51EC100B00F0BBFFCDE997
:10C310000E016FF034000E4600EB2650A0F2FF37FE
:10C32000C6F31300DA4940F07F6646F04056884273
:10C33000D8BF002408DDD7498142C8BF012403DCEF
:10C340000024A6F580167F1CD348784400EBC40077
:10C350000F9690ED00CB9DED0E0B53EC1C2B51EC8A
:10C36000100B01F09BF99DED0E0B41EC1B0B53ECF8
:10C370001C2B51EC100B00F0ADFC41EC100B51EC00
:10C38000190B53EC102B00F061FD41EC1D0B51EC2F
:10C390001B0B53EC1D2B00F075FF41EC1A0BBF4833
:10C3A0008DED10AB7844109590ED000B4FF00050E0
:10C3B00040EA660000EB84408DED080B00F500209C
:10C3C00009909DED080B53EC1C2B51EC100B01F068
:10C3D00065F99DED0E1B53EC112B01F087F841EC34
:10C3E000100B53EC102B9DED100B51EC100B00F0CB
:10C3F00049FF9DED080B41EC1C0B53EC102B9DED00
:10C40000100B51EC100B00F03DFF53EC1B2B01F017
:10C410006DF853EC1C2B01F041F953EC1D2B00F08F
:10C4200031FF41EC1C0B53EC1A2B51EC1A0B00F0B2
:10C4300029FF41EC1B0B9A480621B0EE4B0AF0EEA7
:10C440006B0A784400F01DFBB0EE401AF0EE601A63
:10C45000B0EE41DAF0EE61DA53EC1B2B51EC1B0B22
:10C4600000F010FF53EC1D2B00F00CFF9DED100BA6
:10C4700041EC1B0B53EC1A2B51EC100B00F02AFC77
:10C4800053EC1C2B00F0FEFE53EC1B2B00F022FCA7
:10C490009DED100B41EC1B0B53EC102B51EC100BD2
:10C4A00000F0F0FE41EC1D0B9FED7FEB53EC1E2BDB
:10C4B00000F010FC53EC1B2B00F00CFC0890CDE9B5
:10C4C00008519DED080B53EC1E2B51EC100B01F0A5
:10C4D000E5F853EC1D2B01F0E1F853EC1B2B01F0B8
:10C4E00005F89DED080B41EC1D0B53EC102B9DED59
:10C4F000100B51EC100B00F0C5FE41EC1B0B53EC84
:10C500001A2B51EC1D0B00F0BDFE9DED080B41EC0C
:10C510001A0B53EC102B51EC1C0B00F0B3FE53EC38
:10C520001A2B00F0D7FB41EC1A0B51EC1B0B53EC10
:10C530001A2B00F0CFFB0C90CDE90C519DED0C0BAC
:10C5400053EC1B2B51EC100B01F0A8F853EC1A2BF9
:10C5500000F0CCFF41EC1B0B9FED550B53EC102B67
:10C560009DED0C0B51EC100B00F08CFE41EC1A0B06
:10C570009FED510B51EC1B0B53EC102B00F082FE86
:10C5800041EC1B0B9FED4E0B53EC102B9DED0C0B58
:10C5900051EC100B00F076FE53EC1B2B00F09AFBD5
:10C5A00041EC100B4848784400EBC40090ED001BB0
:10C5B00051EC100B53EC112B00F08CFB41EC1B0BDE
:10C5C000384600F0F8FDCDE9080153EC1B2B51EC87
:10C5D0001A0B00F07FFB41EC100B3C48784400EB59
:10C5E000C40090ED00CB51EC100B53EC1C2B00F071
:10C5F00071FB9DED081B53EC112B00F06BFB0690BB
:10C60000CDE906519DED080B53EC102B9DED060B6B
:10C6100051EC100B01F042F853EC1C2B01F03EF8EA
:10C6200053EC1A2B01F03AF853EC1B2B00F05EFF91
:10C6300041EC100B9DED261B53EC102B8DED001BD8
:10C6400000959DED260B51EC100B00F01BFE9DEDAF
:10C65000000B41EC1A0B53EC102B9DED260B51EC0B
:10C66000100B01F01BF89DED061B53EC112B2FE076
:10C67000000000604715F73FFE822B654715F73F26
:10C6800044DF5DF80BAE543E000000000000404364
:10C690008E9803007AB60B00F22F000020300000C5
:10C6A0002A2F0000000000000000000000000840E9
:10C6B000000000E009C7EE3FFD033ADC09C7EE3F8A
:10C6C000F5015B14E02F3EBEB62D0000702D00007A
:10C6D00000F0D8FD53EC1A2B00F0FCFA9DED060B90
:10C6E00041EC1A0B53EC102B9DED000B51EC100B91
:10C6F00000F0C8FDCDE90C019DED0C0B51EC1A0BBF
:10C7000053EC102B00F0E6FACDE902010C46AA49E1
:10C710008C422FDB611A084318D19DED0C0B53ECB2
:10C72000102B9DED020B51EC100B00F0B7FF41EC0C
:10C730001B0B9FEDA30B51EC1A0B53EC102B00F0CD
:10C74000C9FA53EC1B2B00F09BFE2DD20220FFF701
:10C75000DAF900F049FA10EE901A18EE900A8DED11
:10C76000020B8DED008B61F31E0003909DED020B1B
:10C77000FFF7BEBB944A24F00041914214D3934981
:10C78000214408437FF4EFAC9DED0C0B53EC102BD0
:10C790009DED020B51EC100B00F080FF53EC1A2BB7
:10C7A00000F06EFE7FF6DFAC24F000408849894A35
:10C7B000002601EB205182422BDA481C4FF48011F5
:10C7C00021FA00F02044844AC0F30A517A44A1F2CD
:10C7D000FF3192ED000B814A8DED080BCA4020EA33
:10C7E0000202C0F3130040F48010C1F1140120FADA
:10C7F00001F60992002CB8BF76429DED080B53EC70
:10C80000102B9DED0C0B51EC100B00F047FFCDE908
:10C810000C019DED0C0B51EC1A0B53EC102B00F09E
:10C8200059FA9FED6F0B0890CDE9085153EC102B8E
:10C830009DED080B51EC100B00F024FD41EC1B0B9F
:10C840009FED690B53EC102B9DED080B51EC100B79
:10C8500000F018FD9DED0C0B41EC1C0B53EC102B64
:10C860009DED080B51EC100B00F018FF53EC1A2B48
:10C8700000F03CFE9FED5E1B53EC112B00F002FD1F
:10C8800053EC1C2B00F026FA41EC1A0B51EC1B0B5D
:10C8900053EC1A2B00F01EFACDE902019DED020BBC
:10C8A00053EC1B2B51EC100B00F0F8FE53EC1A2B41
:10C8B00000F01CFE9DED020B41EC1A0B53EC102B0B
:10C8C00051EC100B00F0DEFCCDE908014A489DED6B
:10C8D000080B0521784400F0D4F89DED081B51ECBD
:10C8E000100B53EC112B00F0CDFC9DED021B53EC13
:10C8F000112B00F0FBFDCDE906019DED020B53EC81
:10C900001A2B51EC100B00F0BDFC53EC1A2B00F06D
:10C91000E1F99FED3B0B41EC1A0B53EC102B9DED15
:10C92000060B51EC100B00F0B9FE9DED060B41EC2F
:10C930001B0B53EC102B9DED020B51EC100B00F078
:10C94000A1FC53EC1B2B00F081FA53EC1A2B00F0E6
:10C95000A5FE9DED021B53EC112B00F09FFE53EC46
:10C96000192B00F0C3FDCDE9020101EB06500115C2
:10C970000029C8BF039015DC9DED020B324651EC37
:10C98000100B01F01DF8FFF7FEF9042808BF00F0B6
:10C990003BF932469DED020B51EC100B01F010F803
:10C9A000CDE902019DED020B51EC180B53EC102B5D
:10C9B00000F068FCFFF73ABB000090400000000068
:10C9C000FE822B654715973C00CC904000346F3FAA
:10C9D00001FCFFFF0000E03FF82B0000FFFF0F000D
:10C9E00000000000432EE63F396CA80C615C20BEBD
:10C9F000EF39FAFE422EE63FC82A00000000000090
:10CA0000000000000000004000B52DED048BB0EEEA
:10CA1000409AF0EE609A83B051EC190B00F072FD71
:10CA200041EC180B18EE100A18EE901A8DED008BE1
:10CA3000002818BF0120084320F00040C0F17F60AB
:10CA400000F1E040C00F14D019EE101A19EE900A50
:10CA50008DED009B002918BF0121084320F0004004
:10CA6000C0F17F6000F1E040C00F04BF0120FFF77C
:10CA70004AF8B0EE480A03B0F0EE680ABDEC048B49
:10CA800000BD70B504462DED028B4D1E00EBC500B8
:10CA9000B0EE408AF0EE608A90ED000B35F00600B3
:10CAA00017D053EC182B51EC100B00F0EBFB41ECC2
:10CAB000100B6D1E04EBC50090ED001B51EC100B2C
:10CAC00053EC112B00F006F941EC100B35F0060089
:10CAD000E7D1022D36D0042D1CD0062D1CBFBDEC95
:10CAE000028B70BD53EC182B51EC100B00F0CAFBFD
:10CAF00094ED0A1B53EC112B00F0ECF853EC182BBF
:10CB000000F0C0FB94ED081B53EC112B00F0E2F891
:10CB100041EC100B53EC182B51EC100B00F0B2FB56
:10CB200094ED061B53EC112B00F0D4F853EC182BAA
:10CB300000F0A8FB94ED040B53EC102B00F0CAF8A6
:10CB400041EC100B53EC182B51EC100B00F09AFB3E
:10CB500094ED021B53EC112B00F0BCF853EC182B96
:10CB600000F090FB94ED001B53EC112B00F0B2F899
:10CB7000BDEC028B41EC100B70BD0000000000000A
:10CB80009FED070B10B553EC102B9FED070B51ECED
:10CB9000100B00F05BF941EC100B10BD0000000021
:10CBA0000000000000000000000000000000F03F56
:10CBB00010B553EC112B51EC100B00F08BF841EC3D
:10CBC000100B10BD000000009FED050B10B553ECDD
:10CBD000102B51EC100B00F039F941EC100B10BD8B
:10CBE00000000000000000009FED050B10B553ECA5
:10CBF000102B51EC100B00F045FB41EC100B10BD5D
:10CC000000000000000000709FED050B10B553EC14
:10CC1000102B51EC100B00F035FB41EC100B10BD4C
:10CC2000000000000000001030380A2801D2012066
:10CC300070470020704782B0CDE9000121F000402C
:10CC400001909DED000B02B051EC100B704700B548
:10CC50002DED048B83B041EC190B00F053FC41EC3B
:10CC6000180B18EE100A18EE901A8DED008B0028A4
:10CC700018BF0120084320F00040C0F17F6000F1A0
:10CC8000E040C00F14D019EE101A19EE900A8DED85
:10CC9000009B002918BF0121084320F00040C0F18B
:10CCA0007F6000F1E040C00F04BF0120FEF72BFFC2
:10CCB00051EC180B03B0BDEC048B00BD81F00041BA
:10CCC000704780F00040704721F00041704720F02D
:10CCD0000040704710B591EA030F48BF83F000434E
:10CCE00000F1E484841A71EB030C05D2121943EBB2
:10CCF0000C03001B61EB0C01DFF824E14FEA115437
:10CD0000A4EB135C1EEA430F18BF9EEA445F73D086
:10CD100023EA0E03DCF1200E21EA045143F48013D0
:10CD200032D322FA0CFE10EB0E0023FA0CFE41EB7C
:10CD30000E01CCF1200E03FA0EFE10EB0E0051F1A5
:10CD40000001B1F5801FCCF1200E32D201EB04516D
:10CD500012FA0EF2BDE8104058BF7047401C38BFB1
:10CD60005FEA420218BF7047002814BF20F001009C
:10CD700041F100014FEA410313F5001F38BF70472E
:10CD8000A1F1C04100F076BB012A43EB0302ACF1F4
:10CD9000200CDCF11F0E32BF4FF0000E23FA0CF313
:10CDA00010EB030041EB0451B4EB115FD0D0A1EBC9
:10CDB000045101F5801149085FEA300001EB04518C
:10CDC0000ED350F1000038BF12FA0EFE08D1BDE8B4
:10CDD0001040C9E7401C38BF5FEA4202CAD1C3E72E
:10CDE000BDE810404FEA410313F5001F38BF7047FC
:10CDF000A1F1C04100F03EBB9EEA445F08D011EAB9
:10CE00005E0FBDE8104004BF01F0004100207047F4
:10CE1000BDE8104070B500F0DFFA00BF64FBBE3E15
:10CE20000000E0FF02494FF0000000F097BD00BF96
:10CE30000000F87F491058BFC1F140415B1058BF56
:10CE4000C3F140438B42EFF3008070472DE9C041AE
:10CE500030B4DFF8A0C23CEA111418BF3CEA131446
:10CE600000F0EC8081EA03051CEA111444EAD57451
:10CE700018BF1CEA131500F0C780A4EB05044FF09F
:10CE8000004545EAC12145EAC32341EA505143EA3E
:10CE9000525304F17F74994204F500344FEAC020E4
:10CEA0004FEAC22208BF904200F09C804FEA13650F
:10CEB0000FF24016765D4FEA134506FB05F7C7F102
:10CEC000807706FB07F74FEAD737A7FB0368764260
:10CED000C8F58038A7FB06CE38BFA8F1010807FBCC
:10CEE00008E64FF0000EA6FB028CE6FB03CEDCF159
:10CEF000000CCEF1004E38BFAEF1010EA6FB0C586F
:10CF00004FF000074FF00005E6FB0E87A1FB08C6B7
:10CF1000A0FB07CE16EB0E0645F10005E1FB076509
:10CF200015F1E04E7EBFA4F580345FEA46066D4100
:10CF300016F1800745F100054FEA17274FEA06660C
:10CF400047EA0567A6F1DE46B6F1805F4FEA152590
:10CF50001FD9384624F0010C05EBC471BCF1FE6FFB
:10CF600001EB0C1102D8F0BCBDE8008124425CBF8B
:10CF700001F5801E9EEAC47F02D4F0BCBDE80081AA
:10CF8000244238D4F0BCA1F1C041BDE8004100F01A
:10CF900071BA4FEAD22242EA43524FEAD323A7FBA7
:10CFA00002864FEAD02040EA415007FB03661EEAA2
:10CFB0000E0F4FEAD12105FB026658BFA6EB0056C3
:10CFC000B6EB00564FEA520E4EEAC37E18EB0E0E39
:10CFD00056EB530EBDD518EB02085E417F1C55F190
:10CFE0000005B6E74FF480154FF000074FF000063C
:10CFF0004FF00008ADE7F0BC4FF0000001F1C04178
:10D0000001F00041BDE8008111EA0C1F0CEA131584
:10D0100000D00CE013EA0C1F00F025804FF0000058
:10D02000F0BC81EA030101F00041BDE80081F0BCE1
:10D03000BDE8004181EA030100F01CBAF0BCBDE884
:10D04000004170B500F0C8F9097EFC3E00F007B859
:10D0500081EA03014FF0000001F00041704781EACE
:10D06000030100F007BAF0BCBDE800414FF000003A
:10D0700021497047FFFDFBF9F7F5F4F2F0EEEDEB17
:10D08000E9E8E6E4E3E1E0DEDDDBDAD8D7D5D4D3C6
:10D09000D1D0CFCDCCCBCAC8C7C6C5C4C2C1C0BF12
:10D0A000BEBDBCBBBAB9B8B7B6B5B4B3B2B1B0AF18
:10D0B000AEADACABAAA9A8A8A7A6A5A4A3A3A2A1FC
:10D0C000A09F9F9E9D9C9C9B9A99999897979695B7
:10D0D00095949393929191908F8F8E8E8D8C8C8B53
:10D0E0008B8A8989888887878685858484838382DB
:10D0F000828181800000FF070000F87F4FEA410332
:10D100004FEA5353A3F58063D3F11E03C8BFD3F195
:10D11000210C0CDD4FF0004242EAC12242EA50529B
:10D1200032FA03FC8CEAE17CACEBE1707047102B27
:10D13000C4BF0020704703F5787CBCF1FF3F04D0EA
:10D140006FF0004282EA2100704770B500F044F9A8
:10D150004992248000207047F2E700004FEA115303
:10D16000A3F58063D3F11E03A8BFD3F1200C08DB25
:10D170004FF0004242EAC12252EA505232FA03F022
:10D18000704709420BD4102BC4BF0020704703F531
:10D19000787CBCF1FF3F05D04FF0FF3070474FF077
:10D1A0000000704770B500F017F900BF4992248065
:10D1B00000207047F0E710F0004248BF4042B0FA4C
:10D1C00080F310FA03F10AD0C3F11D0303F5806365
:10D1D0004FEA415002EB035202EBD12170474FF06E
:10D1E00000007047B0FA80F310FA03F10AD0C3F1DF
:10D1F0001D0303F580634FEA41504FEA035202EBEF
:10D20000D12170474FF000007047000051EA030C35
:10D2100017D41CF5801F58BFBCF5801F00F1068095
:10D22000994218BF704708BF9042704707D711F561
:10D23000801F58BF13F5801F19D499427047894247
:10D2400070471CF5801F08D5BCF5801FF7D58B42B1
:10D2500018BF704708BF824270474FF4001C1CEB98
:10D26000410F38BF1CEB430F01D28B42704770B5A2
:10D2700000F0B2F8922449004FF000514FF0805373
:10D28000FFF7D8BDDFF848C170B51CEA111E1EBFFC
:10D290001CEA13159EEA0C0F95EA0C0F00F06F8044
:10D2A00081EA030423EA4C134EEAD47E21EA4C11AE
:10D2B00041F4801143F48013AE44A1FB024CA0FB67
:10D2C0000365AEF17F7E361955EB0C05A1FB034CCF
:10D2D0004CF10003A0FB021C16EB0C06654153F158
:10D2E0000003094218BF46F0010613F4007F0BD17A
:10D2F0004FEA03314FEA0530340341EA155140EA61
:10D3000016506FF003020AE04FEAC3214FEAC5202E
:10D31000F40241EA555140EA56506FF0020202EB26
:10D320002E4201EB025585EACE710AD05FEA440C29
:10D3300018BF24F0004450F1000041F1000120EA40
:10D34000D47040F2FE7C624500D270BDA84214BF8A
:10D350004FF080444FF04044002E08BF0024BEF13F
:10D36000806FA8BFA1F1C041BDE8704080F282800B
:10D370004FF0000001F1C04101F0004170479EEA0A
:10D380000C0F0CEA131518BF95EA0C0F06D04FF0DE
:10D39000000081EA030E0EF0004170BD00F01CF8A1
:10D3A0008900013E00F007B800F009B84FEA430CCD
:10D3B0005FEA5C5C08D081EA030100F05BB84FEAE9
:10D3C000410C5FEA5C5CF6D14FF000000149704708
:10D3D0000000FF070000F87F0EF1020E2EF0030E92
:10D3E0005EF8046B364205D4012A43EB030515F5BC
:10D3F000001F12D8012841EB010C1CF5001F0CD8AE
:10D400000ED14FEAD17C15F5001F0CEB4C0C0CF142
:10D41000020C08BF4CEBD37C04E04FF0080C01E099
:10D420004FEAD37C0CEB4C0526FA05F606F007060E
:10D43000B6F1040C06D20EEB860CBDE870404CF041
:10D44000010C6047DFE80CF0090B02024FF00041CD
:10D450004FF00000A1F5002170BD194610460128CB
:10D4600051EB010418BFD4F5001484BF002001F073
:10D47000004170BD0808A0F500114FEA3101704766
:10D4800053EA010C17D41CF5801F58BFBCF5801F50
:10D4900000F106808B4218BF704708BF8242704778
:10D4A00007D713F5801F58BF11F5801F19D48B4281
:10D4B00070479B4270471CF5801F08D5BCF5801F44
:10D4C000F7D5994218BF704708BF904270474FF494
:10D4D000001C1CEB430F38BF1CEB410F01D29942DB
:10D4E00070470FB40CBC03BCFFF7C1BE91EA030F39
:10D4F00010B581F000413FF5F5AB83F0004300F03B
:10D50000D5B800002DE9F04101F5801CBCF5001FE5
:10D51000C0F2A9804FEA115C21EA0C510CF1FD0C1C
:10D5200041F480115FEA5C0C0CF5C07C01D3400033
:10D53000494130A4890241EA905187028E0E0A0CBB
:10D54000A45D04FB04F602FB06F6C6F14046A4FB0C
:10D550000662F60D46EA422606FB06F4A4FB01230A
:10D560005242C3F1404338BF5B1EA6FB0242002477
:10D57000E6FB0324D20B42EA4446A6FB0623A1FBAA
:10D5800002E2A3FB07E4E3FB61426442C2F1404EC6
:10D5900038BFAEF1010EA6FB04234FF00002E6FBFC
:10D5A0000E32A2FB03463400E2FB6264A1FB06E6F6
:10D5B000A4FB07E8E4FB61687642C8F1405838BF35
:10D5C000A8F10108A2FB06E4A3FB08E5E2FB68540E
:10D5D000A1FB05E6A7FB04E8E1FB648618F1200542
:10D5E00056F10006A809A8F11B08B10908F03F0888
:10D5F000B8F10A0F40EA86601CD901EB0C51BDE876
:10D60000F08100BFFCF5EEE8E2DDD8D3CFCBC7C395
:10D61000C0BDB9B6B4B1AEACA9A7A5A3A19F9D9B4F
:10D620009A9896959392908F8D8C8B898887868512
:10D6300084838281A0FB006800FB01F208EB4208B2
:10D64000B8EB872807D5341858EB0104D5D5401C12
:10D6500051F10001D1E7341A78EB0104CDD4401E1A
:10D6600071F10001C9E75FEA4C0C5FEA9C5C0DD1E7
:10D6700005D34FF0000001F00041BDE8F081BDE8A6
:10D68000F04170B5FFF7A8FE6DDBFFBEBDE8F041CD
:10D690004FF00000004970470000F87F10B591EA94
:10D6A000030F48BF83F000433FF51CAB841A71EBB6
:10D6B000030C07D212198CF0004C43EB0C03001B37
:10D6C00061EB0C01DFF8A4E14FEA1154A4EB135C09
:10D6D0001EEA430F18BF9EEA445F00F0B08023EAC1
:10D6E0006E03524221EA0451C3EB6E0338BF5B1E46
:10D6F000DCF1200E25D322FA0CFE10EB0E0043FACB
:10D700000CFE41EB0E01CCF1200E03FA0EFE10EBE5
:10D710000E0051F10001CCF1200E29D412FA0EF2C4
:10D7200001EB0451BDE8104058BF7047401C1CBFBE
:10D73000B2F1004F704700280CBF491C20F00100D7
:10D74000704712EB020E43EB030218BF4FF0010EBD
:10D750004EEA4202ACF1200CDCF11E0E54D943FA21
:10D760000CFE10EB0E0051F1FF31CCF11E0ED5D5A1
:10D770000EF1010E12FA0EFE404141EB010101EBE8
:10D78000445C5FEA5C5C10D910EBDE7001EB045185
:10D7900038BFBEF1004FBDE8104018BF70470028E9
:10D7A0000CBF491C20F00100704730D24FEAD42C46
:10D7B00011F5001124F400641BD0B1FA81F20B3A88
:10D7C000A41AA41ED2F12003914030FA03F31943A6
:10D7D000904001EBCC71002C01EB0451BDE81040EE
:10D7E000A8BF704701F1C0414FF0000001F00041B7
:10D7F0007047B0FA80F310FA03F100D110BDE41ABB
:10D80000173C4805C90AE4E701EB045110BD491073
:10D8100001EB0451BDE810404FEA300002E04FF048
:10D82000000170474A0008BF0042F8D0B2F5001F5F
:10D8300028BF704701F000414FF0000070479EEA9A
:10D84000445F07D011EA5E0FBDE8104004BF00211D
:10D8500000207047BDE8104070B5FFF7BDFD00BF68
:10D8600040DFF63E83F00041104670470000E0FFC5
:10D8700043004FEAD30C4FEA3C0C43401FBF400724
:10D880000CF1605113F0FE4F70471CF0006F03D194
:10D8900000200CF0004170470CF0004343EA507048
:10D8A00010B540EACC0000F00EF800BF0000009276
:10D8B0004FEA0001FFF7DEBD4FF000414FF00000DE
:10D8C000A1F5002170470EF1020E2EF0030E5EF856
:10D8D000044B244204D44FEA4102B2F17F4F11D8E5
:10D8E0004FEA4003B3F17F4F0CD80ED14FEAD07C02
:10D8F000B2F17F4F0CEB4C0C0CF1020C08BF4CEB5F
:10D90000D17C04E04FF0080C01E04FEAD17C0CEB35
:10D910004C0324FA03F404F00704B4F1040C06D217
:10D920000EEB840CBDE810404CF0010C6047DFE8C2
:10D930000CF0070802024FF00040A0F5800010BD77
:10D940000846420018BFD2F1807288BF00F0004044
:10D9500010BD4FF04070E1EE100A70470CF00F035D
:10D96000092B08BF082000F059800A2B0BD0082B88
:10D9700018BF704708BF1CF0400F0AD04FF00000DE
:10D980004FF0000170471CF0400F18BF4FF00040EF
:10D9900070471CF0100F08D020F0704300F07F4259
:10D9A00042EAD3014FEA4370704700F0604021F033
:10D9B0007F4242EA000201F07F4040EA7270704705
:10D9C0004FF0FF0C4CF4E06C1CEA11531CBF9CEAB6
:10D9D000030C9445C2BFDA4201EB02517047002BA1
:10D9E0000DD0BCF1000F0FD0002A01F00041A4BF00
:10D9F00041F0E04141F07F614FF00000704701F0DD
:10DA000000414FF00000704750EA01334FF09B0C8B
:10DA100018BF4CF0806C7FF405AA70471CF4801F7F
:10DA200011D01CF4E02F03D06FEACC3149007047CD
:10DA30004FF04050EFF3008222F0704242EA0002C1
:10DA400082F3008870474FF000007047000000002C
:10DA50000000000000000000000000003F40000047
:10DA600000000000000030004000300040000000D6
:10DA700009000BC03D000BC03D00090018C0244048
:10DA80007FE0224031800000180024C01B000D8080
:10DA90003240018003801C4027401C80074000402A
:10DAA0001000600000000000000000000000000006
:10DAB00000001F80204040200000402020401F80A8
:10DAC00000000000090006001F8006000900000099
:10DAD000040004003F800400040000000010006007
:10DAE0000000000000000000040004000400040026
:10DAF00004000000000000400000000000000000E2
:10DB0000002001C006003800400000001F802040B7
:10DB1000204020401F800000000010403FC0004017
:10DB20000000000018C0214022402440184000009E
:10DB300010802040244024401B80000002000D0083
:10DB400011003FC0014000003C802440244024409C
:10DB5000238000001F8024402440344003800000C4
:10DB60003000200027C03800200000001B80244027
:10DB7000244024401B8000001C0022C02240224080
:10DB80001F800000000000000840000000000000AE
:10DB9000000000000460000000000000000004001D
:10DBA0000A00110020804040090009000900090016
:10DBB0000900000000004040208011000A0004001D
:10DBC0001800200023402400180000001F8020407F
:10DBD000274029401F400000004007C039000F00C7
:10DBE00001C0004020403FC0244024401B80000072
:10DBF0001F802040204020403080000020403FC057
:10DC0000204020401F80000020403FC024402E4084
:10DC100030C0000020403FC024402E0030000000F3
:10DC20000F001080204022403380020020403FC07F
:10DC3000040004003FC02040204020403FC020405E
:10DC4000204000000060202020203FC02000200055
:10DC500020403FC024400B0030C0204020403FC047
:10DC600020400040004000C03FC03C0003C03C00DA
:10DC70003FC0000020403FC00C4023003FC02000B8
:10DC80001F802040204020401F80000020403FC0D7
:10DC900024402400180000001F802140214020E083
:10DCA0001FA0000020403FC02440260019C00040B3
:10DCB00018C0244024402240318000003000204021
:10DCC0003FC020403000000020003F800040004066
:10DCD0003F80200020003E0001C0070038002000E7
:10DCE000380007C03C0007C038000000204039C0A1
:10DCF000060039C0204000002000384007C03840EE
:10DD000020000000304021C02640384020C00000E4
:10DD1000000000007FE04020402000000000700074
:10DD20000C000380004000000000402040207FE005
:10DD30000000000000002000400020000000000063
:10DD40000010001000100010001000100000000073
:10DD50004000000000000000000002800540054077
:10DD600003C0004020003FC0044004400380000086
:10DD700000000380044004400640000000000380CF
:10DD8000044024403FC0004000000380054005409F
:10DD900003400000000004401FC024402440200035
:10DDA000000002E0055005500650042020403FC00E
:10DDB0000440040003C000400000044027C00040AD
:10DDC0000000000000100010041027E00000000018
:10DDD00020403FC00140070004C0044020402040D4
:10DDE0003FC000400040000007C0040007C004001E
:10DDF00003C00000044007C00440040003C000400A
:10DE0000000003800440044003800000041007F079
:10DE100004500440038000000000038004400450CC
:10DE200007F00010044007C0024004000400000096
:10DE3000000006400540054004C00000000004004A
:10DE40001F800440004000000400078000400440A0
:10DE500007C000400400070004C001800600040061
:10DE6000060001C0070001C006000000044006C013
:10DE7000010006C0044000000410071004E0018007
:10DE8000060004000000044005C0064004400000F5
:10DE90000000000004007BE04020000000000000C3
:10DEA0000000FFF000000000000040207BE00400C4
:10DEB00000000000400080004000200020004000E2
:10DEC0000000000000000000000000000000000052
:10DED0000000000000001FCC000C0000000000004B
:10DEE0000000080030006000080030006000000002
:10DEF000022003FC1E20022003FC1E200220000042
:10DF000000000E1811043FFF10840C780000000080
:10DF10000F0010840F3800C00778188400780000C4
:10DF200000780F8410C411240E9800E400840008C7
:10DF30000800680070000000000000000000000001
:10DF400000000000000007E0181820044002000054
:10DF5000000040022004181807E000000000000044
:10DF60000240024001800FF00180024002400000A8
:10DF70000080008000800FF800800080008000009A
:10DF80000001000D000E0000000000000000000075
:10DF90000000008000800080008000800080008001
:10DFA0000000000C000C0000000000000000000059
:10DFB0000000000600180060018006001800200024
:10DFC000000007F0080810041004080807F000001B
:10DFD0000000080408041FFC000400040000000006
:10DFE00000000E0C10141024104411840E0C0000BC
:10DFF00000000C1810041104110412880C700000A9
:10E00000000000E00320042408241FFC002400007A
:10E0100000001F9810841104110410881070000073
:10E02000000007F00888110411041888007000002F
:10E0300000001C00100010FC13001C001000000069
:10E0400000000E3811441084108411440E38000072
:10E0500000000700088C10441044088807F00000F6
:10E06000000000000000030C030C00000000000092
:10E070000000000000010106000000000000000098
:10E080000000008001400220041008081004000075
:10E090000220022002200220022002200220000092
:10E0A0000000100408080410022001400080000055
:10E0B00000000E001200100C106C10800F00000009
:10E0C00003E00C1813E4142417C4082807D0000038
:10E0D0000004003C03C41C40074000E4001C000492
:10E0E00010041FFC1104110411040E8800700000BC
:10E0F00003E00C1810041004100410081C10000099
:10E1000010041FFC100410041004080807F000009D
:10E1100010041FFC1104110417C410040818000097
:10E1200010041FFC1104110017C0100008000000AB
:10E1300003E00C181004100410441C780040000088
:10E1400010041FFC10840080008010841FFC100449
:10E150000000100410041FFC100410040000000054
:10E1600000030001100110011FFE1000100000004C
:10E1700010041FFC110403801464181C1004000018
:10E1800010041FFC1004000400040004000C000034
:10E1900010041FFC1F0000FC1F001FFC10040000E7
:10E1A00010041FFC0C04030000E010181FFC1000FA
:10E1B00007F00808100410041004080807F0000015
:10E1C00010041FFC10841080108010800F000000CD
:10E1D00007F0081810241024101C080A07F2000089
:10E1E00010041FFC1104110011C011300E0C0004AA
:10E1F00000000E1C11041084108410441C38000010
:10E200001800100010041FFC10041000180000007B
:10E2100010001FF810040004000410041FF8100080
:10E2200010001E0011E0001C007013801C00100084
:10E230001FC0103C00E01F0000E0103C1FC00000A9
:10E240001004180C163401C001C01634180C100448
:10E2500010001C00130400FC13041C00100000003C
:10E260000804101C1064108413041C04101800000F
:10E270000000000000007FFE40024002400200005B
:10E28000000030000C0003800060001C0003000050
:10E2900000004002400240027FFE0000000000003B
:10E2A000000000002000400040004000200000006E
:10E2B0000001000100010001000100010001000156
:10E2C00000004000400020000000000000000000AE
:10E2D00000000098012401440144014400FC0004B2
:10E2E00010001FFC00880104010400880070000079
:10E2F000000000700088010401040104008800008F
:10E300000000007000880104010411081FFC0004D3
:10E31000000000F8014401440144014400C8000029
:10E320000000010401040FFC110411041100180085
:10E33000000000D601290129012901C901060000B8
:10E3400010041FFC008401000100010400FC000413
:10E3500000000104190419FC00040004000000007E
:10E360000000000300010101190119FE0000000076
:10E3700010041FFC0024004001B4010C0104000043
:10E380000000100410041FFC000400040000000042
:10E39000010401FC0104010001FC0104010000FC76
:10E3A000010401FC008401000100010400FC0004E0
:10E3B000000000F8010401040104010400F8000059
:10E3C000010101FF008501040104008800700000C4
:10E3D00000000070008801040104010501FF000134
:10E3E0000104010401FC008401040100018000001B
:10E3F000000000CC01240124012401240198000024
:10E4000000000100010007F8010401040000000001
:10E41000010001F8000400040004010801FC0004EC
:10E42000010001800170000C0010016001800100FA
:10E4300001F0010C003001C00030010C01F00100BE
:10E4400000000104018C00740170018C01040000C3
:10E45000010101810171000E0018016001800100BD
:10E4600000000184010C013401440184010C00000E
:10E47000000000000000000001003EFC40024002DD
:10E480000000000000000000FFFF0000000000008E
:10E490000000400240023EFC0100000000000000BD
:10E4A000000060008000800040004000200020004C
:10E4B000000000000000000000000000000000005C
:10E4C000000000000000000000000000000000004C
:10E4D000000000000000000000000000000000003C
:10E4E0000000000F80380FFE380F80380000000059
:10E4F000000000000000000000000000000001001B
:10E50000000600000C00003800003100000600008A
:10E510000C00003800003000000000000000000087
:10E5200061800067F807F980006180006180006108
:10E53000800061800067F807F980006180000000BA
:10E5400000000000000001C0E003E0F00630080415
:10E5500018081FFFFE040E080787F00381E0000083
:10E560000000000001F000060C00040408060C7016
:10E5700001F9C0000E00003BE000EC180708080499
:10E580000C180003E00000000001E00007F003F8B1
:10E5900018041C0804170807E1D003C0E00023B0EA
:10E5A000003C0800200800001000000000000001EE
:10E5B00000003100003200001C00000000000000DC
:10E5C000000000000000000000000000000000004B
:10E5D000000000000000000000000000000000003B
:10E5E0007F0001FFC00780F00C001810000420001D
:10E5F000020000000000002000021000040C0018BF
:10E600000780F001FFC0007F000000000000000054
:10E610000000000000000000000000004200006652
:10E6200000006600003C0000180003FFC000180056
:10E63000003C000066000066000042000000000090
:10E64000080000080000080000080000080001FFA2
:10E65000C0000800000800000800000800000800D2
:10E6600000000000000100003100003200001C002A
:10E67000000000000000000000000000000000009A
:10E680000000000000000000080000080000080072
:10E690000008000008000008000008000008000052
:10E6A000080000080000000000000000000000005A
:10E6B00038000038000038000000000000000000B2
:10E6C000000000000000000000000000000000004A
:10E6D000000600001C000070000180000E000038E1
:10E6E0000000C0000700001C000030000000000017
:10E6F000000000007F8001FFE00380700600180426
:10E70000000804000806001803807001FFE0007F85
:10E710008000000000000000000001000801000867
:10E7200001000803FFF807FFF800000800000800D8
:10E73000000800000000000000000001C03802C016
:10E7400058040098040118040218040418061C1840
:10E7500003F81801E0F800000000000000000001CC
:10E76000C0E003C0F0040008040808040808061804
:10E770000803F41801E7F00001E0000000000000C9
:10E78000000000000300000D000011000061000007
:10E79000810803010807FFF80FFFF80001080001D6
:10E7A000080000000000000000E007FCD006080898
:10E7B000061008061008061008061838060FF0069E
:10E7C00007C0000000000000000000003F8001FFC3
:10E7D000E00384300208180410080410080410082C
:10E7E000071810030FF00007C00000000000000031
:10E7F000000003C0000700000600000600F806073E
:10E80000F806180006E000070000060000000000FF
:10E8100000000001E1E003F7F006341004180804DA
:10E820001808040C08040C0806161803F3F001C1BC
:10E83000E000000000000000F80003FC3003063890
:10E840000402080402080402080404100308F0018A
:10E85000FFC0007F0000000000000000000000007A
:10E8600000000000000000007038007038007038B0
:10E870000000000000000000000000000000000098
:10E88000000000000000000000000000301A00300E
:10E890001C0000000000000000000000000000005C
:10E8A000000000000000000800001400002200002A
:10E8B0004100008080010040020020040010080098
:10E8C00008000000000000002100002100002100DD
:10E8D0000021000021000021000021000021000093
:10E8E00021000021000000000000000000000800DE
:10E8F0000804001002002001004000808000410058
:10E9000000220000140000080000000000000003C6
:10E91000C00004C000040000080038080F380808D0
:10E92000380810000C300007E00003C000000000B1
:10E93000000000003F8000FFE0038070020F10061F
:10E94000708804C088048308047F8802C090030193
:10E950002000FE400000080000180001F8003E08FA
:10E9600001C20007020007E20000FE00001FC8000D
:10E9700001F800003800000804000807FFF807FF4E
:10E98000F804080804080804080804080806180819
:10E9900003F41801E7F00001E000000000000000AF
:10E9A0003F8001FFE00380700200180400080400AB
:10E9B000080400080400100600200780C0000000C2
:10E9C00004000807FFF807FFF80400080400080423
:10E9D000000804001802001003807001FFE0007FAF
:10E9E0008000000004000807FFF807FFF80408088B
:10E9F000040808040808040808043E08040008067F
:10EA0000001801006000000004000807FFF807FF7D
:10EA1000F8040808040800040800040800043E0084
:10EA20000600000600000180000000000000000059
:10EA30003F8001FFE0038070060018040008040214
:10EA4000080402080203F00783F00002000002003D
:10EA500004000807FFF807FFF80408080008000092
:10EA6000080000080000080004080807FFF807FF76
:10EA7000F80400080000000000000400080400087A
:10EA800004000807FFF807FFF80400080400080462
:10EA90000008000000000000000000000006000068
:10EAA0000700000104000104000104000307FFFE49
:10EAB00007FFFC0400000400000400000400080735
:10EAC000FFF807FFF8040C08001800003E0004C718
:10EAD000800503C80600F804003804001800000888
:10EAE00004000807FFF807FFF8040008000008000A
:10EAF00000080000080000080000080000180000DE
:10EB00006000000004000807FFF807800807FC0009
:10EB1000007FC00003F80007C000780007800807E6
:10EB2000FFF807FFF804000804000807FFF80700D3
:10EB30000803C00000E000003800001E00000700CD
:10EB40000001C00400F007FFF8040000000000000E
:10EB50007F8001FFE00380700600180400080400B5
:10EB60000806001803003001FFE0007F800000006D
:10EB700004000807FFF807FFF80404080404000471
:10EB80000400040400040400060C0003F80001F073
:10EB900000000000000000007F8001FFE0038070A3
:10EBA0000600880400880400C806003C03003E01FB
:10EBB000FFE6007F8400000004000807FFF807FF5D
:10EBC000F8040808040800040C00040F00040BC03B
:10EBD0000610F003F03801E0080000080000000112
:10EBE000E0F803F030063010041808041808040C8C
:10EBF00008040C080206180207F00781E000000074
:10EC00000180000600000400000400000400080762
:10EC1000FFF807FFF80400080400000400000600E5
:10EC20000001800004000007FFE007FFF004001867
:10EC300000000800000800000800000800000804A8
:10EC4000001007FFE004000004000006000007E0D9
:10EC50000007FE00041FE00001F80000380001E09A
:10EC6000043E0007C0000600000400000400000786
:10EC7000E00007FFC0041FF80007C007F80007FF07
:10EC800080043FF80007C004F800070000040000FB
:10EC900000000004000806001807C07805F1C8004D
:10ECA0003E00001F800463E80780F8060018040097
:10ECB0000800000004000006000007800007E008CC
:10ECC000047C08001FF80007F800180804E0080793
:10ECD000000006000004000000000001000806001B
:10ECE000380400F80403E8040F08047C0805F00861
:10ECF00007C00807001804006000000000000000C2
:10ED000000000000000000000000003FFFFE2000A7
:10ED10000220000220000220000220000200000069
:10ED200000000000000008000007000000C0000014
:10ED300038000006000001C000003000000E000096
:10ED4000010000000000000000002000022000027E
:10ED50002000022000022000023FFFFE0000000011
:10ED600000000000000000000000000000000000A3
:10ED700000080000100000300000200000300000FB
:10ED8000100000080000000000000000000001006A
:10ED9000000100000100000100000100000100006E
:10EDA000010000010000010000010000010000015D
:10EDB0000000000000000000002000002000001003
:10EDC0000000100000000000000000000000000033
:10EDD000000000000000000000F00019F8001B18FF
:10EDE000002208002608002408002410003FF80034
:10EDF0001FF800000800001800000004000007FFD2
:10EE0000F80FFFF000181800100800200800200874
:10EE1000003018001FF0000FC000000000000000CC
:10EE200007C0001FF0001830002008002008002054
:10EE300008003C08001C10000060000000000000FA
:10EE40000000000007C0001FF00038180020080074
:10EE5000200800200804101007FFF80FFFF0000042
:10EE6000100000000000000000000007C0001FF0BC
:10EE70000012300022180022080022080032080088
:10EE80001E10000E200000000000000020000020E6
:10EE90000800200801FFF803FFF8062008042008F6
:10EEA000042008072000030000000000000000000C
:10EEB000000E000E6E001FF30031B10020B10020E3
:10EEC000B1003191001F13002E1E00200E003000F3
:10EED00000000004000807FFF80FFFF8001008000A
:10EEE0002000002000002008003FF8001FF800006C
:10EEF00008000000000000000000002008002008BA
:10EF0000002008063FF8063FF8000008000008004F
:10EF100000080000000000000000000000000000E9
:10EF200003000003002001002001002003063FFE33
:10EF3000063FFC000000000000000000000000048C
:10EF4000000807FFF80FFFF8000188000300002FFA
:10EF5000C00038F800203800200800000800000039
:10EF60000000000000000400080400080400080776
:10EF7000FFF80FFFF800000800000800000800007C
:10EF800000000000002008003FF8003FF8001008D3
:10EF9000002000003FF8003FF800100800200000AB
:10EFA0003FF8003FF8000008000000002008003F84
:10EFB000F8003FF8001008001000002000002008B2
:10EFC000003FF8001FF800000800000000000000EB
:10EFD00007C0000FF00018300030080020080020A3
:10EFE00008003008001830000FF00007C0000000D3
:10EFF000000000002001003FFF003FFF0010110053
:10F000002009002008002008003038001FF0000F01
:10F01000C00000000000000007C0001FF00038180A
:10F02000002008002008002009001011001FFF0028
:10F030003FFF000001000000002008002008002021
:10F0400008003FF8003FF8000808001008002008FA
:10F050000020000030000030000000000000000030
:10F060000000000C78001E1800330800230800215F
:10F07000080021880021980030F00038600000006E
:10F0800000000000200000200000200000FFF0032E
:10F09000FFF80020080020080020080000300000D1
:10F0A00000000000000000002000003FF0007FF89A
:10F0B000000018000008000008002010003FF800C1
:10F0C0007FF0000010000000000000002000003071
:10F0D00000003C00003F800023F00000780000703A
:10F0E000002380003C0000300000200000200000D1
:10F0F0003C00003FE00023F80000E0002700003E55
:10F1000000003FE00021F80001E0003E0000200088
:10F11000000000002008002008003838003E680089
:10F1200027800003C8002CF8003838002018002081
:10F1300008000000000000002000003003003C0137
:10F14000003F830023EC000070002380003C00009F
:10F150002000002000000000000000000000003837
:10F16000080020380020F80023E8002F88003E081F
:10F1700000380800201800007000000000000000A7
:10F180000000000000000000000000000800001463
:10F19000001FF7FC30000620000200000000000005
:10F1A000000000000000000000000000000000005F
:10F1B0000000FFFFFF000000000000000000000052
:10F1C00000000000000000000000200002300006E7
:10F1D0001FF7FC0014000008000000000000000001
:10F1E00000000000000000000000001800006000A7
:10F1F0000040000040000020000010000008000057
:10F200000400000400000C000010000060E0012079
:10F210000305350002081E08503C0F050000FF677B
:10F22000500000181A1E1489280A302EBB0A030049
:10F230000002331D000000000000003200002A1C04
:10F240005A94C50207000000B51F009028007732CD
:10F2500000623F0052500052000000000000000019
:10F260000000000000000000000000000000000F8F
:10F270000F03061042F80F14000000001A181614AD
:10F2800012100E0C0A080000000000000000000030
:10F290000000000000000000000029282422201F98
:10F2A0001E1D0E0C0A080605040200FF00000000E7
:10F2B00000000000000000FFFFFFFFFFFFFFFFFF57
:10F2C000FFFFFFFF508158816081688170810001DC
:10F2D0000005001000140018030009000F001500BD
:10F2E0001B000000D0F300080F0000000F0000001A
:10F2F000FF0000000F0000000F0000000F000000E2
:10F30000000000003031323334353637383941426D
:10F310004344454640305800303132333435363777
:10F320003839616263646566403078000400000823
:10F3300000000000000000020001000010000000BA
:10F34000000000000000F03F000000000000F83F57
:10F3500000000000000000000000004003B8E23F91
:10F36000000000000000000006D0CF43EBFD4C3E43
:10F37000033333333333E33FFFAB6FDBB66DDB3F38
:10F380004D268F515555D53F01411DA96074D13F80
:10F3900065DBC9934A86CD3FEF4E454A287ECA3F7A
:10F3A0003E5555555555C53F93BDBE166CC166BFFC
:10F3B0002CDE25AF6A56113FF16BD2C541BDBBBEF5
:10F3C000D0A4BE726937663E000000000000000055
:10F3D000506C656173652075736520746865207372
:10F3E00074796C757320636C69636B207468652035
:10F3F00063726F7373206F6E20746865207363721D
:10F4000065656E2E5468652063726F73732077692B
:10F410006C6C20616C77617973206D6F76652075F7
:10F420006E74696C207468652073637265656E2004
:10F4300061646A7573746D656E7420697320636F9F
:10F440006D706C657465642E000000003F00000064
:10F45000646563006964000072756E74696D6500AF
:10F4600068656C70000000006C6973740000000037
:10F4700068657800766F6964204C43445F4472612C
:10F480007752656374616E676C65287531362078D4
:10F49000312C207531362079312C20753136207889
:10F4A000322C20753136207932290000766F69645C
:10F4B000204C43445F447261774C696E6528753116
:10F4C000362078312C207531362079312C20753159
:10F4D000362078322C207531362079322900000010
:10F4E000766F69642064726177506F696E744F6ED5
:10F4F0004C434428766F696429000000766F696484
:10F5000020647261774F6E4C434428766F6964299A
:10F5100000000000766F6964207072696E74477233
:10F52000696428766F69642900000000766F696459
:10F53000206472617748616C6F436972636C6528FF
:10F54000766F696429000000766F69642073686FC4
:10F5500077416C6C436F6C6F7228766F6964290019
:10F56000766F696420636C6561725061696E74289E
:10F57000766F696429000000766F6964204C43440B
:10F580005F53686F77784E756D2875313620782C0B
:10F5900075313620792C753332206E756D2C7538A7
:10F5A000206C656E2C75382073697A652C7538204F
:10F5B0006D6F646529000000766F6964206368617F
:10F5C0006E6765436F6C6F7228626F6F6C206D6F32
:10F5D00064652900766F6964204C43445F53686F0B
:10F5E000774E756D2875313620782C753136207937
:10F5F0002C753332206E756D2C7538206C656E2C31
:10F6000075382073697A652900000000766F696497
:10F610002077726974655F61646472287533322083
:10F62000616464722C7533322076616C29000000AD
:10F63000766F6964206D6F76655061696E742862BB
:10F640006F6F6C2900000000766F6964204C4344A2
:10F650005F53686F77537472696E6728753136200F
:10F66000782C75313620792C7531362077696474A1
:10F67000682C753136206865696768742C75382088
:10F6800073697A652C7538202A702900766F696451
:10F6900020447261775F436972636C652875313607
:10F6A0002078302C7531362079302C75382072292D
:10F6B0000000000075333220726561645F6164642C
:10F6C000722875333220616464722900766F696430
:10F6D000204C43445F446973706C61795F44697284
:10F6E000287538206469722900000000766F69640B
:10F6F000204C43445F436C6561722875313620436A
:10F700006F6C6F7229000000766F6964204C43446F
:10F710005F46696C6C2875313620787374612C757E
:10F72000313620797374612C7531362078656E64BA
:10F730002C7531362079656E642C75313620636FF7
:10F740006C6F722900000000766F6964204C43449E
:10F750005F466173745F44726177506F696E74289D
:10F7600075313620782C75313620792C753136205C
:10F77000636F6C6F72290000766F69642064656C3A
:10F7800061795F6D7328753136206E6D73290000C5
:10F79000766F69642064656C61795F757328753371
:10F7A00032206E75732900007531362063616C4319
:10F7B0006F6C6F722875313620782C2075313620A9
:10F7C00079290000753136204C43445F52656164ED
:10F7D000506F696E742875313620782C753136205B
:10F7E0007929000004F80008000000204802000009
:10F7F000C401000800F90008480200204855010033
:10F800002002000811847A030A3009010203040669
:10F8100007080942F854FFFF0113937D1408F170A3
:10F820001408A1740228080310D090295E8962137D
:10F830004CF41B0860041A68041A54041A70041A61
:10F8400050041A58041357B01408B4F61B085D0886
:10F850001A0C0813B180140878F71B0821081A90B5
:10F860000813B91C1B08EC181369561B0808101361
:10F8700081571B08AC381331581B0874081A6D08DF
:10F880001A8C20132B5A1408D4F514089B5B1B0800
:10F8900048101BFF1608193013D3111B08C4081396
:10F8A000DB181B08CC181ABF281A782813BB071BB3
:10F8B00008E04013770A1B082C10131B0C1B08FCD4
:10F8C000101393061B0814101A6F201A60081A2FC1
:10F8D000101AA8401A5B081A48101A1D181AB808FE
:10F8E000134B0D1B08305022941420ADAB1B08D1D4
:10F8F00004137BAC1408DFAF23081802DC010000FE
:040000050800018965
:00000001FF
