:020000040800F2
:10000000A80700205D7B00081507000817070008F7
:100010001B0700081F070008230700080000000056
:10002000000000000000000000000000270700089A
:1000300029070008000000002B0700082D07000812
:10004000777B0008777B0008777B0008777B0008C8
:10005000777B0008777B0008777B0008777B0008B8
:10006000777B0008777B0008777B0008777B0008A8
:10007000777B0008777B0008777B0008777B000898
:10008000777B0008777B0008777B0008777B000888
:10009000777B0008777B0008777B0008777B000878
:1000A000777B0008777B0008777B0008777B000868
:1000B000777B0008777B0008777B0008777B000858
:1000C000777B0008777B0008777B0008777B000848
:1000D000777B0008D17A0008777B0008777B0008DF
:1000E000777B0008777B0008777B0008777B000828
:1000F000777B0008777B0008777B0008777B000818
:10010000777B0008777B0008777B0008777B000807
:10011000777B0008777B0008777B0008777B0008F7
:10012000777B0008777B0008777B0008777B0008E7
:10013000777B0008777B0008777B0008777B0008D7
:10014000777B0008777B0008777B0008777B0008C7
:10015000777B0008777B0008777B0008777B0008B7
:10016000777B0008777B0008777B0008777B0008A7
:10017000777B0008777B0008777B0008777B000897
:10018000777B0008777B000800F002F800F047F862
:100190000AA090E8000C82448344AAF10107DA45E2
:1001A00001D100F03CF8AFF2090EBAE80F0013F0ED
:1001B000010F18BFFB1A43F00103184700B50000F8
:1001C00020B50000103A24BF78C878C1FAD8520789
:1001D00024BF30C830C144BF04680C6070470000C1
:1001E0000023002400250026103A28BF78C1FBD840
:1001F000520728BF30C148BF0B607047642908F020
:100200002F87782908F06887732909F04B80002030
:1002100070471FB509F09BFD1FBD10B510BD09F05B
:100220007BF81146FFF7F5FF00F0DAF909F099F8CD
:1002300003B4FFF7F2FF03BC07F0EAFB1CB5002094
:1002400001F02CFA1F20FD490880FDA01021CDE906
:100250000010FC490988183988B21023C8220021EF
:1002600005F09BF94FF47840F44908801CBDF8B5BF
:1002700005460E4614461F4604B9F8BD2819401E0F
:1002800082B2334631462846009704F0EDFE00BFA7
:10029000F3E72DE9F05F0746884616469A4640F296
:1002A000C32070434FF47A71B0FBF1F000F1010903
:1002B00006FB06F000EB560B344671040A0CB91B22
:1002C00088B253464146FFF7D2FF012535E005FBD2
:1002D00005F004FB040058451AD94C4517D96B1E8C
:1002E0005B041A0C08EB040399B27B1B5B1C98B2ED
:1002F0005346FFF7BCFF6B1E5B041A0CA8EB04030C
:1003000099B27B1B5B1C98B25346FFF7B0FF641E8B
:1003100063041A0C08EB050399B23B1B98B25346D1
:10032000FFF7A5FF63041A0CA8EB050399B23B1B6A
:1003300098B25346FFF79BFF6D1C4D45C7D9BDE8EA
:10034000F09F02468A4202DD501A80B27047881A36
:1003500080B2FBE72DE9FF4F85B080468946129FAA
:10036000002003900290B84507DB0798B84204DBF1
:10037000B94502DB0898B84202DA09B0BDE8F08F4F
:100380000798A0EB08040898A0EB0905CDF80480B5
:10039000CDF80090002C02DD4FF0010A06E014B900
:1003A0004FF0000A02E04FF0FF3A6442002D02DDF8
:1003B0004FF0010B06E015B94FF0000B02E04FF0D3
:1003C000FF3B6D42AC4201DD264600E02E46002098
:1003D000049023E0009A91B2019A90B23A46139B9E
:1003E000FFF757FF03982044039002982844029097
:1003F0000398B04205DD0398801B03900198504498
:1004000001900298B04205DD0298801B029000988E
:10041000584400900498401C80B20490711C0498C9
:100420008842D7DD00BFA8E700254EE0002005F098
:1004300005F904468448416800208847824890F8BE
:10044000200000F0800008B37F4880897D4909883A
:1004500088421EDA7C48C08A7A494988884218DA7C
:1004600079488189774800881838814206DD7648C6
:10047000C08A102802DAFFF7E1FE0AE0724AD18A48
:1004800090894FF4784206F018FB02E00A2007F04A
:100490009FFA012C09D14FF6FF7001F0FFF806F02A
:1004A000FFFC06F09FFBFFF7C9FE681CC5B21420D5
:1004B00095FBF0F100FB115038B96448006808B9A9
:1004C000012000E0002061490860AFE788B0002407
:1004D000002584E05C48416800208847002469E0EA
:1004E000594890F820000121A140084000285AD026
:1004F00055480C3030F8140052490988884257DAC0
:100500005148163030F814004E49498888424FDA75
:1005100003A830F824004FF6FF7188420DD14A48F5
:100520000C3030F8140003A921F824004648163096
:1005300030F8140001EB84014880454830F814007D
:100540000221414E1636CDE9001036F814300A3E2D
:1005500036F8142003AE06EB8406718803AE36F835
:100560002400FFF7F7FE38480C3030F8140003A9D8
:1005700021F824003448163030F8140001EB8401CF
:10058000488031480C3030F814102E480088183854
:1005900081420DDD2C48163030F81400142807DA9B
:1005A000FFF74CFE04E04FF6FF7003A921F824008A
:1005B000601CC4B2052C93DB052007F009FA681C07
:1005C000C5B2142095FBF0F100FB115038B91F485B
:1005D000006808B9012000E000201C49086079E7A4
:1005E0001CB54FF4A06007F0D9FAA82007F08EF9E7
:1005F0004FF4E13007F01AFA00F0A2F901F080F8A8
:1006000004F0FEFF1049086880474FF478400B491A
:10061000088010A010210B46C822CDE9001032211D
:100620001E2004F0BAFF10A010210B46C822CDE90D
:10063000001046211E2004F0B0FF1BE01400002033
:1006400052535400700000201C000020A48242423B
:10065000589D00084578706C6F7265722053544D38
:100660003332463400000000544F5543482054456F
:100670005354000019A010210B46C822CDE90010E8
:100680005A211E2004F089FF18A010210B46C82211
:10069000CDE900106E211E2004F07FFF164890F86F
:1006A0003000FF2809D015A010210B46C822CDE943
:1006B000001082211E2004F070FF40F2DC5007F091
:1006C00087F9FFF7BBFD0C4890F8300000F0800080
:1006D00008B1FFF7FBFEFFF7A7FE000041544F4DA6
:1006E00040414C49454E54454B00000032303134B6
:1006F0002F352F37000000001C000020507265735A
:1007000073204B45593020746F2041646A757374AF
:1007100000000000704700BFFEE700BFFEE700BF1B
:10072000FEE700BFFEE77047704770477047000064
:100730000CB50020019000907648006840F48030AD
:100740007449086000BF7348006800F400300090EE
:100750000198401C0190009818B90198B0F5A04F7D
:10076000F1D16C48006800F4003010B10120009015
:1007700001E0002000900098012846D165484030F3
:10078000006840F08050634940310860624800686A
:1007900040F44040604908605E48083000685D49A8
:1007A000083108600846006840F4004008600846C8
:1007B000006840F4A05008605848091F0860081FEE
:1007C000006840F08070091F086000BF5148006851
:1007D00000F000700028F9D040F205705049086020
:1007E0004C480830006820F003004A49083108608E
:1007F0000846006840F00200086000BF4548083025
:10080000006800F00C000828F8D10CBD10B5454870
:10081000006840F47000434908603E48006840F0BA
:1008200001003C49086000203A4908310860394815
:1008300000683D490840374908603C48091D086088
:10084000081F006820F48020091F0860002031493B
:100850000C310860FFF76CFF4FF0006031498039C0
:10086000086010BD70B50020002202230024022180
:10087000284D08352D6805F00C0020B1042806D05D
:10088000082834D107E02A4D2A4E356033E02A4D3E
:10089000284E35602FE01F4D2D1D2D68C5F3805467
:1008A0001C4D2D1D2D6805F03F0154B1224DB5FBA7
:1008B000F1F5184E361D3668C6F3881605FB06F2AC
:1008C00009E01B4DB5FBF1F5124E361D3668C6F337
:1008D000881605FB06F20F4D2D1D2D68C5F3014549
:1008E0006D1C6B00B2FBF3F5124E356003E0104D4A
:1008F000104E356000BF00BF064D08352D68C5F3AA
:1009000003150E4E705D0B4D2D68C540094E3560C8
:1009100070BD0000003802400070004008544007DD
:10092000003C024088ED00E0FFFFF6FE103000249E
:100930000024F4000000002000127A0004000020CF
:100940001CB50121202007F0A1FF4FF4C0600090EA
:1009500001208DF8040000208DF8060003208DF89A
:10096000050001208DF807006946044807F00CFADD
:100970004FF4C061014807F083FA1CBD0014024027
:1009800001B5BDF800000090BDF80000F8490880EE
:1009900008BD01B5BDF800000090BDF80000F449A5
:1009A000891C088008BD08B5F148801C00880090AB
:1009B000BDF8000008BDEE4A10804FF0D842A2F802
:1009C0008010704710B504462046FFF7D9FF052078
:1009D00006F0B6FFFFF7E7FF10BDE6480089E449DF
:1009E00008807047E249891C0880704730B501468D
:1009F00001F01F04C1F34513CA0AE50205EB4315D4
:100A00001544A8B230BD00BF011EA0F10102D0B252
:100A1000FAD1704730B504460D46D648808849F271
:100A20004131884205D0D348808845F21031884250
:100A300014D1D0494889FFF7A3FF2012FFF7A9FF7F
:100A4000E0B2FFF7A6FFCB498889FFF799FF28128C
:100A5000FFF79FFFE8B2FFF79CFFABE0C548808837
:100A600046F6040188421DD1C2488079012804D18C
:100A7000C0480088401E001B84B2BE494889FFF769
:100A80007FFF2012FFF785FFE0B2FFF782FFB94931
:100A90008889FFF775FF2812FFF77BFFE8B2FFF7A1
:100AA00078FF87E0B348808841F66311884247D1D8
:100AB000B0488079A8B9AF480088401E001B84B2B6
:100AC000AC494889FFF75CFF0020FFF762FF002078
:100AD000FFF75FFF2012FFF75CFFE0B2FFF759FF5F
:100AE00016E0A4494889FFF74BFF2012FFF751FF9A
:100AF000E0B2FFF74EFF9F490988491EC1F30F205E
:100B0000FFF747FF9B490978491EC8B2FFF741FF2D
:100B100098498889FFF734FF2812FFF73AFFE8B2B7
:100B2000FFF737FF93494988491EC1F30F20FFF7AC
:100B300030FF90498978491EC8B2FFF72AFF39E093
:100B40008C48808845F21051884220D189494889D3
:100B5000FFF716FF2012FFF71CFF86494989491C41
:100B600088B2FFF70DFFE0B2FFF713FF81498889D4
:100B7000FFF706FF2812FFF70CFF7E498989491C01
:100B800088B2FFF7FDFEE8B2FFF703FF12E07948F5
:100B90008079012804D177480088401E001B84B268
:100BA000744948892146FFF706FF7249888929461A
:100BB000FFF701FF30BD2DE9F04105460E46002448
:100BC0000027A0466B480088A84203DD694840889A
:100BD000B04202DC0020BDE8F08131462846FFF734
:100BE00019FF6448808849F24131884211D0614838
:100BF000808846F6040188420BD05E48808845F222
:100C00001031884205D05B48808841F663118842E4
:100C100003D12E20FFF7B4FE0DE05648808845F240
:100C20001051884204D14FF43850FFF7A9FE02E07A
:100C30002220FFF7A5FE4F48808849F220318842E4
:100C400002D10220FFF7DFFEFFF7ADFE0446494860
:100C5000808841F66311884201D12046BBE702201B
:100C6000FFF7D1FEFFF79FFE04464248808849F215
:100C7000413188420BD03F48808845F2103188428C
:100C800005D03C48808845F2105188420AD10220A4
:100C9000FFF7B9FEFFF787FE8046E7B24FF6FF7019
:100CA00000EA07273348808849F22531884216D068
:100CB0003048808844F23551884210D02D488088D1
:100CC000091F88420BD02B4880884BF2055188427F
:100CD00005D0284880884CF20551884201D1204631
:100CE00079E72448808849F2413188420BD0214875
:100CF000808845F21031884205D01E48808845F230
:100D00001051884207D1E012C002B91240EA4110E6
:100D100040EAE8205FE72046FFF768FE5BE700B5A2
:100D20001448808849F24131884211D011488088A6
:100D300046F6040188420BD00E48808845F21031F7
:100D4000884205D00B48808841F66311884203D160
:100D50002920FFF715FE14E00648808845F210515F
:100D6000884209D14FF42450FFF70AFE09E0000041
:100D70007E00006C7000002040F273110720FFF726
:100D80001AFE00BD00B5FD48808849F24131884215
:100D900011D0FA48808846F6040188420BD0F74803
:100DA000808845F21031884205D0F448808841F6A9
:100DB0006311884203D12820FFF7E2FD0EE0EF48DF
:100DC000808845F21051884204D14FF42050FFF73B
:100DD000D7FD03E000210720FFF7EDFD00BDF0B5D2
:100DE000054600240027E548807901280BD1E34817
:100DF000808846F60401884205D0E048808841F6A4
:100E00006311884208D1DD488079F0B9DB488088D9
:100E100041F66311884218D1082D15D2DFE805F09C
:100E20000406080A0C0E101206250DE007250BE03B
:100E3000042509E0052507E0012505E0002503E07C
:100E4000032501E0022500BF00BFCC48808849F29D
:100E50004131884217D0C948808846F6040188424B
:100E600011D0C648808845F2103188420BD0C34863
:100E7000808845F21051884205D0C048808841F6EC
:100E8000631188427ED1082D1CD2DFE805F00406EC
:100E9000090C0F12151800BF14E044F0800411E093
:100EA00044F040040EE044F0C0040BE044F02004A1
:100EB00008E044F0600405E044F0A00402E044F0DF
:100EC000E00400BF00BFAD48808845F21051884261
:100ED00002D14FF4585700E03627A848808845F2E1
:100EE000103188420DD0A548808845F210518842C3
:100EF00007D0A248808841F66311884201D044F0AF
:100F000008049E48808846F60401884201D144F0D6
:100F1000020421463846FFF74EFD9848808841F686
:100F2000631188421DD004F0200068B19348008806
:100F300092494988884214DA9048068840888F4947
:100F40000880084646800CE08C4800888B49498818
:100F5000884206DD89480688408888490880084616
:100F600046808648808845F21051884254D1834992
:100F70004889FFF705FD0020FFF70BFD7F494989F0
:100F8000491C00E077E088B2FFF7FAFC0020FFF789
:100F900000FD7A494989891C88B2FFF7F1FC77493D
:100FA0000988491EC1F30F20FFF7F3FC73494989F3
:100FB000C91C88B2FFF7E4FC70490978491EC8B221
:100FC000FFF7E7FC6D498889FFF7DAFC0020FFF79F
:100FD000E0FC6A498989491C88B2FFF7D1FC0020EE
:100FE000FFF7D7FC65498989891C88B2FFF7C8FCDF
:100FF00062494988491EC1F30F20FFF7CAFC5F49C7
:101000008989C91C88B2FFF7BBFC5C498978491EF5
:10101000C8B2FFF7BEFC55E058494889FFF7B0FC5D
:101020000020FFF7B6FC0020FFF7B3FC5349098806
:10103000491EC1F30F20FFF7ACFC50490978491E47
:10104000C8B2FFF7A6FC4D498889FFF799FC00203C
:10105000FFF79FFC0020FFF79CFC48494988491E88
:10106000C1F30F20FFF795FC44498978491EC8B2A7
:10107000FFF78FFC26E0082D1CD2DFE805F00407FF
:101080000A0D0F12151844F0300413E044F0100458
:1010900010E044F020040DE000BF0BE044F0380401
:1010A00008E044F0280405E044F0180402E044F0AD
:1010B000080400BF00BF032744F48054214638468B
:1010C000FFF779FCF0BD30B504460D4629462046B1
:1010D000FFF7A0FCFFF781FC294800882949088018
:1010E00030BD70B504460D4616462448808849F246
:1010F0004131884205D02148808845F2103188422C
:1011000014D11E494889FFF73BFC2012FFF741FC30
:10111000E0B2FFF73EFC19498889FFF731FC28123D
:10112000FFF737FCE8B2FFF734FC93E01348808800
:1011300045F21051884227D110494889FFF720FC19
:101140002012FFF726FC0D494989491C88B2FFF798
:1011500017FCE0B2FFF71DFC08498889FFF710FC77
:101160002812FFF716FC05498989491C88B2FFF748
:1011700007FCE8B2FFF70DFC6CE0000070000020F7
:10118000140000208000006CFE48808841F6631146
:10119000884228D1FB48807920B9FA480088401E4F
:1011A000001B84B2F7494889FFF7EAFB2012FFF7DA
:1011B000F0FBE0B2FFF7EDFB2012FFF7EAFBE0B235
:1011C000FFF7E7FBEF498889FFF7DAFB2812FFF703
:1011D000E0FBE8B2FFF7DDFB2812FFF7DAFBE8B22D
:1011E000FFF7D7FB36E0E748808846F604018842DF
:1011F0001DD1E4488079012804D1E2480088401ECE
:10120000001B84B2DF494889FFF7BAFB2012FFF7C1
:10121000C0FBE0B2FFF7BDFBDA498889FFF7B0FBFE
:101220002812FFF7B6FBE8B2FFF7B3FB12E0D54890
:101230008079012804D1D3480088401E001B84B265
:10124000D04948892146FFF7B6FBCE49888929460F
:10125000FFF7B1FBCB480089CB4908804FF0D8405D
:10126000A0F8806070BD70B52DED048B0446BE20E3
:10127000FFF786FB0520FFF78CFB204608F0B0F94E
:1012800041EC190B9FEDC10B53EC102B08F0F8F952
:1012900041EC180B08F060F985B22846FFF779FB9E
:1012A0000120FFF776FBFF20FFF773FB0020FFF71D
:1012B00070FB0020FFF76DFBBDEC048B70BD10B51B
:1012C0000446002C66D1AF498871F02008804FF4A5
:1012D000A07048800846808849F2413188420BD08E
:1012E000A848808846F60401884205D0A548808831
:1012F00045F2103188421AD12C20A24908812A20B7
:1013000048812B2088810846808846F6040188425F
:1013100005D09C48808845F21031884206D14FF4B0
:10132000A070984908804FF4F0704880A1E095487B
:10133000808845F21051884210D14FF430509149C5
:1013400008814FF4285048814FF42C5088814FF485
:10135000F07008804FF4487048808AE0894880889F
:1013600041F6631188420DD12C20864908812B203B
:1013700048812A2088814FF4F07008804FF448702B
:10138000488076E022207F49088120204881212062
:1013900088816EE001207B4988714FF4A07008803D
:1013A000F02048800846808849F24131884205D0C3
:1013B0007448808845F21031884207D12C20714949
:1013C00008812A2048812B2088813FE06D48808851
:1013D00046F60401884207D12C206A4908812B2057
:1013E00048812A20888131E06648808845F2105182
:1013F000884210D14FF43050624908814FF4285090
:1014000048814FF42C5088814FF4487008804FF485
:10141000F07048801AE05B48808841F6631188428A
:101420000DD12C20574908812A2048812B20888102
:101430004FF4487008804FF4F070488006E0222096
:101440005049088121204881202088814D4880888A
:1014500046F60401884205D04A48808845F210319A
:10146000884206D14FF4F070464908804FF4A070CE
:1014700048800020FFF7B3FC10BD2DE9F04F86B087
:1014800004460D469046994604EB0800401E86B27D
:1014900005EB0900401E87B23A48808849F2413185
:1014A000884215D03748808845F2103188420FD0E5
:1014B0003448808846F60401884209D03148807952
:1014C000012826D12F48808841F66311884220D117
:1014D0002C494889FFF754FA2012FFF75AFAE0B274
:1014E000FFF757FA3012FFF754FAF0B2FFF751FA4C
:1014F00024498889FFF744FA2812FFF74AFAE8B22C
:10150000FFF747FA3812FFF744FAF8B2FFF741FA4B
:10151000C1E01C48808841F6631188423DD11948DA
:101520000088A0EB0800001B84B205EB0900401EF8
:101530001FFA80F913494889FFF722FA2012FFF7B2
:1015400028FAE0B2FFF725FA04EB0801491EC1F3BF
:101550000F20FFF71EFA04EB0801491EC8B2FFF77F
:1015600018FA08498889FFF70BFA2812FFF711FAD1
:10157000E8B2FFF70EFA4FEA2920FFF70AFA09F05E
:10158000FF0007E0700000207E00006C6666666663
:1015900066660440FFF7FDF97DE0FE48808845F26D
:1015A0001051884244D1FB494889FFF7E9F92012DC
:1015B000FFF7EFF9F7494989491C88B2FFF7E0F9CD
:1015C000E0B2FFF7E6F9F3494989891C88B2FFF7D1
:1015D000D7F93012FFF7DDF9EE494989C91C88B205
:1015E000FFF7CEF9F0B2FFF7D4F9EA498889FFF79F
:1015F000C7F92812FFF7CDF9E6498989491C88B255
:10160000FFF7BEF9E8B2FFF7C4F9E2498989891CFE
:1016100088B2FFF7B5F93812FFF7BBF9DD498989C0
:10162000C91C88B2FFF7ACF9F8B2FFF7B2F932E0A3
:10163000D848807901280ED1AA46BB46D5480088F3
:10164000801B401E80B20190D2480088001B401EC3
:1016500080B2009003E0A246B34601950097502067
:10166000059051200490522003905320029051463F
:101670000598FFF7A0F959460498FFF79CF90199DE
:101680000398FFF798F900990298FFF794F9294613
:101690002046FFF7BFF906B0BDE8F08F70B50446ED
:1016A0000026BC48058840884543BA48808846F6ED
:1016B0000401884216D1B7488079012812D1002050
:1016C000B44988712A2048812B208881002108464E
:1016D000FFF7A0F90120AF4988712B2048812A200B
:1016E000888103E000210846FFF794F9FFF775F9B8
:1016F000002602E0A8480480761CAE42FAD370BDF2
:1017000000B5A1B00020209001217A2007F0BEF89A
:101710000121084607F0F2F84FF400401E90012026
:101720008DF87C0000208DF87E0002208DF87D0071
:1017300001208DF87F001EA9984806F025FB4CF289
:1017400033701E9002208DF87C0000208DF87E0002
:1017500003208DF87D0001208DF87F001EA99048A0
:1017600006F012FB4FF680701E9002208DF87C0070
:1017700000208DF87E0003208DF87D0001208DF87B
:101780007F001EA9874806F0FFFA4FF480501E9094
:1017900002208DF87C0000208DF87E0003208DF85B
:1017A0007D0001208DF87F001EA97F4806F0ECFA2D
:1017B0004FF480501E9002208DF87C0000208DF8A0
:1017C0007E0003208DF87D0001208DF87F001EA98A
:1017D000764806F0D9FA0C220021714806F05FFB2A
:1017E0000C2201216E4806F05AFB0C2204216C48A1
:1017F00006F055FB0C220521694806F050FB0C222F
:101800000821674806F04BFB0C220921644806F0CA
:1018100046FB0C220A21624806F041FB0C220E21F5
:101820005F4806F03CFB0C220F215D4806F037FBB9
:101830000C2207215B4806F032FB0C220821594894
:1018400006F02DFB0C220921564806F028FB0C223D
:101850000A21544806F023FB0C220B21514806F0C4
:101860001EFB0C2211464F4806F019FB0C220D21DD
:101870004C4806F014FB0C220E214A4806F00FFBE0
:101880000C220F21474806F00AFB0C22114646485D
:1018900006F005FB0C221146444806F000FB0F2021
:1018A0000890002009903C200A9000200B900C909A
:1018B0000D900E90092001900020029008200390C6
:1018C0000020049005900690079006200F900020BD
:1018D00010901190102012900020139015901490E9
:1018E000169017904FF480501890002019904FF4E4
:1018F00080401A9000201B9008A81C9001A81D9001
:101900000FA806F020FB0121062006F0A7FB3220DD
:1019100006F05EF801210020FFF74DF8322006F0B6
:1019200057F80020FFF74EF81A498880084680884B
:10193000FF280ADB084680884FF6FF71884204D0F2
:1019400014488088B0F5134F7ED1D320FFF718F8E4
:10195000FFF729F80F498880FFF725F80D4988809F
:10196000FFF721F80B498880084680884FF6FF7101
:1019700001EA002007498880FFF715F805498988A2
:101980000843044988800846808849F241318842EA
:101990005AD00DE0700000208000006C000402406E
:1019A000000C0240001002400014024000180240E7
:1019B000BF20FEF7E5FFFEF7F6FFFE498880FEF741
:1019C000F2FFFC498880FEF7EEFFFA498880FEF7B7
:1019D000EAFFF8498880084680884FF6FF7101EADF
:1019E0000020F4498880FEF7DEFFF2498988084329
:1019F000F04988800846808846F6040188427AD0FB
:101A0000D420FEF7BDFFFEF7CEFFEA498880FEF73F
:101A1000CAFFE8498880FEF7C6FFE6498880084685
:101A200080884FF6FF7101EA0020E2498880FEF7C6
:101A3000BAFFE04989880843DE49888008468088E3
:101A400045F21031884200E055E054D04FF45A403E
:101A5000FEF796FFFEF7A7FFD64988804FF45B405C
:101A6000FEF78EFFFEF79FFFD249888008468088E8
:101A70004FF6FF7101EA0020CE4988804FF45C40A8
:101A8000FEF77EFFFEF78FFFCA4989880843C949E0
:101A9000888008468088B0F5004F02D145F210508A
:101AA0008880C448808845F21051884223D0A12004
:101AB000FEF766FFFEF777FFBE498880FEF773FFEB
:101AC000BC498880084680884FF6FF7101EA0020F3
:101AD000B8498880FEF767FFB64989880843B54949
:101AE00088800846808845F26171884203D141F6BA
:101AF0006310B0498880AF48808849F241318842FC
:101B000011D0AC48808845F2103188420BD0A948EA
:101B1000808845F21051884205D0A648808841F659
:101B2000631188421DD1A448006820F00F004FF0D7
:101B30002041C1F81C010846D0F81C0120F4706057
:101B4000C1F81C010846D0F81C0140F00300C1F8A0
:101B50001C010846D0F81C0140F40070C1F81C01BB
:101B600028E09448808846F60401884205D09148D0
:101B700080884CF2055188421CD18F48006820F0C3
:101B80000F004FF02041C1F81C010846D0F81C019D
:101B900020F47060C1F81C010846D0F81C0140F028
:101BA0000A00C1F81C010846D0F81C0140F440604E
:101BB000C1F81C017F48818880A007F0E7F97D48C3
:101BC000808849F2413188427ED1CF20FEF7D8FE8D
:101BD0000020FEF7DEFEC120FEF7DBFE3020FEF720
:101BE000D8FEED20FEF7CCFE6420FEF7D2FE0320E7
:101BF000FEF7CFFE1220FEF7CCFE8120FEF7C9FED5
:101C0000E820FEF7BDFE8520FEF7C3FE1020FEF79C
:101C1000C0FE7A20FEF7BDFECB20FEF7B1FE3920D4
:101C2000FEF7B7FE2C20FEF7B4FE0020FEF7B1FE53
:101C30003420FEF7AEFE0220FEF7ABFEF720FEF7E3
:101C40009FFE2020FEF7A5FEEA20FEF799FE002069
:101C5000FEF79FFE0020FEF79CFEC020FEF790FEE0
:101C60001B20FEF796FEC120FEF78AFE0120FEF73C
:101C700090FEC520FEF784FE3020FEF78AFE30205D
:101C8000FEF787FEC720FEF77BFEB720FEF781FE3A
:101C90003620FEF775FE4820FEF77BFE3A20FEF761
:101CA0006FFE5520FEF775FEB120FEF769FE00209D
:101CB000FEF76FFE1A20FEF76CFEB620FEF760FE00
:101CC0000A20FEF766FE00E0A5E0A220FEF761FE16
:101CD000F220FEF755FE0020FEF75BFE2620FEF701
:101CE0004FFE0120FEF755FEE020FEF749FE0F20D3
:101CF000FEF74FFE2A20FEF74CFE2820FEF749FE95
:101D00000820FEF746FE0E20FEF743FE0820FEF7F1
:101D100040FE5420FEF73DFEA920FEF73AFE432088
:101D2000FEF737FE0A20FEF734FE0F20FEF731FEE5
:101D30000020FEF72EFE0020FEF72BFE0020FEF70F
:101D400028FE0020FEF725FEE120FEF719FE002008
:101D5000FEF71FFE1520FEF71CFE1720FEF719FEEA
:101D60000720FEF716FE1120FEF713FE0620FEF7F1
:101D700010FE2B20FEF70DFE5620FEF70AFE3C203B
:101D8000FEF707FE0520FEF704FE1020FEF701FE19
:101D90000F20FEF7FEFD3F20FEF7FBFD3F20FEF784
:101DA000F8FD0F20FEF7F5FD2B20FEF7E9FD0020E2
:101DB0000CE00000700000201C0100A0204C4344F7
:101DC0002049443A25780D0A00000000FEF7E1FDA5
:101DD0000020FEF7DEFD0120FEF7DBFD3F20FEF7D1
:101DE000D8FD2A20FEF7CCFD0020FEF7D2FD002012
:101DF000FEF7CFFD0020FEF7CCFDEF20FEF7C9FD7A
:101E00001120FEF7BDFD782005F0E2FD2920FEF748
:101E1000B7FD03F01DB9FE48808846F604018842EC
:101E20007ED11120FEF7ACFD142005F0D1FDD020AD
:101E3000FEF7A6FD0720FEF7ACFD4220FEF7A9FD48
:101E40001D20FEF7A6FDD120FEF79AFD0020FEF72B
:101E5000A0FD1A20FEF79DFD0920FEF79AFDD22075
:101E6000FEF78EFD0120FEF794FD2220FEF791FD86
:101E7000C020FEF785FD1020FEF78BFD3B20FEF70E
:101E800088FD0020FEF785FD0220FEF782FD11206F
:101E9000FEF77FFDC520FEF773FD0320FEF779FDF9
:101EA000C820FEF76DFD0020FEF773FD2520FEF72C
:101EB00070FD2120FEF76DFD0520FEF76AFD002074
:101EC000FEF767FD0A20FEF764FD6520FEF761FD61
:101ED0002520FEF75EFD7720FEF75BFD5020FEF724
:101EE00058FD0F20FEF755FD0020FEF752FDF820AB
:101EF000FEF746FD0120FEF74CFDFE20FEF740FDFB
:101F00000020FEF746FD0220FEF743FD2020FEF7ED
:101F100037FD3620FEF734FD0820FEF73AFD00E0DD
:101F20002AE03A20FEF72CFD5520FEF732FD2B204B
:101F3000FEF726FD0020FEF72CFD0020FEF729FD10
:101F40000120FEF726FD3F20FEF723FD2A20FEF7A5
:101F500017FD0020FEF71DFD0020FEF71AFD0120F1
:101F6000FEF717FDDF20FEF714FD782005F030FDA9
:101F70002920FEF705FD4CE7A548808845F2103181
:101F8000884240F07C87ED20FEF7FAFC0120FEF746
:101F900000FDFE20FEF7FDFCEE20FEF7F1FCDE204A
:101FA000FEF7F7FC2120FEF7F4FCF120FEF7E8FC39
:101FB0000120FEF7EEFCDF20FEF7E2FC1020FEF72A
:101FC000E8FCC420FEF7DCFC8F20FEF7E2FCC62014
:101FD000FEF7D6FC0020FEF7DCFCE220FEF7D9FC81
:101FE000E220FEF7D6FCE220FEF7D3FCBF20FEF78E
:101FF000C7FCAA20FEF7CDFCB020FEF7C1FC0D20E7
:10200000FEF7C7FC0020FEF7C4FC0D20FEF7C1FC64
:102010000020FEF7BEFC1120FEF7BBFC0020FEF7FF
:10202000B8FC1920FEF7B5FC0020FEF7B2FC212019
:10203000FEF7AFFC0020FEF7ACFC2D20FEF7A9FC5C
:102040000020FEF7A6FC3D20FEF7A3FC0020FEF7D3
:10205000A0FC5D20FEF79DFC0020FEF79AFC5D20B1
:10206000FEF797FC0020FEF794FCB120FEF788FCF9
:102070008020FEF78EFC0020FEF78BFC8B20FEF705
:1020800088FC0020FEF785FC9620FEF782FC0020ED
:10209000FEF77FFCB220FEF773FC0020FEF779FC10
:1020A0000020FEF776FC0220FEF773FC0020FEF70E
:1020B00070FC0320FEF76DFC0020FEF76AFCB320E5
:1020C000FEF75EFC0020FEF764FC0020FEF761FCDA
:1020D0000020FEF75EFC0020FEF75BFC0020FEF710
:1020E00058FC0020FEF755FC0020FEF752FC0020B3
:1020F000FEF74FFC0020FEF74CFC0020FEF749FCE9
:102100000020FEF746FC0020FEF743FC0020FEF70F
:1021100040FC0020FEF73DFC0020FEF73AFC0020CA
:10212000FEF737FC0020FEF734FC0020FEF731FC00
:102130000020FEF72EFC0020FEF72BFC0020FEF70F
:1021400028FC0020FEF725FC0020FEF722FC0020E2
:10215000FEF71FFCB420FEF713FC8B20FEF719FCE2
:102160000020FEF716FC9620FEF713FC0020FEF779
:1021700010FCA120FEF70DFC0020FEF70AFCB520A4
:10218000FEF7FEFB0220FEF704FC0020FEF701FC38
:102190000320FEF7FEFB0020FEF7FBFB0420FEF70A
:1021A000F8FB0020FEF7F5FBB620FEF7E9FB002068
:1021B000FEF7EFFB0020FEF7ECFBB720FEF7E0FB9D
:1021C0000020FEF7E6FB0020FEF7E3FB3F20FEF7D2
:1021D000E0FB0020FEF7DDFB5E20FEF7DAFB0020CF
:1021E000FEF7D7FB6420FEF7D4FB0020FEF7D1FBFF
:1021F0008C20FEF7CEFB0020FEF7CBFBAC20FEF7D9
:10220000C8FB0020FEF7C5FBDC20FEF7C2FB01E0A7
:10221000700000200020FEF7BCFB7020FEF7B9FB29
:102220000020FEF7B6FB9020FEF7B3FB0020FEF780
:10223000B0FBEB20FEF7ADFB0020FEF7AAFBDC2095
:10224000FEF7A7FB0020FEF7A4FBB820FEF798FBE3
:102250000020FEF79EFB0020FEF79BFB0020FEF710
:1022600098FB0020FEF795FB0020FEF792FB002074
:10227000FEF78FFB0020FEF78CFB0020FEF789FBAA
:10228000BA20FEF77DFB2420FEF783FB0020FEF73B
:1022900080FB0020FEF77DFB0020FEF77AFBC120CB
:1022A000FEF76EFB2020FEF774FB0020FEF771FBAB
:1022B0005420FEF76EFB0020FEF76BFBFF20FEF7BD
:1022C00068FB0020FEF765FBC220FEF759FB0A20E1
:1022D000FEF75FFB0020FEF75CFB0420FEF759FBD6
:1022E0000020FEF756FBC320FEF74AFB3C20FEF71A
:1022F00050FB0020FEF74DFB3A20FEF74AFB002082
:10230000FEF747FB3920FEF744FB0020FEF741FBB8
:102310003720FEF73EFB0020FEF73BFB3C20FEF79C
:1023200038FB0020FEF735FB3620FEF732FB00209D
:10233000FEF72FFB3220FEF72CFB0020FEF729FBD7
:102340002F20FEF726FB0020FEF723FB2C20FEF7B4
:1023500020FB0020FEF71DFB2920FEF71AFB0020C2
:10236000FEF717FB2620FEF714FB0020FEF711FBFB
:102370002420FEF70EFB0020FEF70BFB2420FEF7C7
:1023800008FB0020FEF705FB2320FEF702FB0020E0
:10239000FEF7FFFA3C20FEF7FCFA0020FEF7F9FA00
:1023A0003620FEF7F6FA0020FEF7F3FA3220FEF7A9
:1023B000F0FA0020FEF7EDFA2F20FEF7EAFA0020EF
:1023C000FEF7E7FA2C20FEF7E4FA0020FEF7E1FA28
:1023D0002920FEF7DEFA0020FEF7DBFA2620FEF7C2
:1023E000D8FA0020FEF7D5FA2420FEF7D2FA002012
:1023F000FEF7CFFA2420FEF7CCFA0020FEF7C9FA48
:102400002320FEF7C6FA0020FEF7C3FAC420FEF729
:10241000B7FA6220FEF7BDFA0020FEF7BAFA0520EF
:10242000FEF7B7FA0020FEF7B4FA8420FEF7B1FAFF
:102430000020FEF7AEFAF020FEF7ABFA0020FEF720
:10244000A8FA1820FEF7A5FA0020FEF7A2FAA420A9
:10245000FEF79FFA0020FEF79CFA1820FEF799FA83
:102460000020FEF796FA5020FEF793FA0020FEF7C0
:1024700090FA0C20FEF78DFA0020FEF78AFA17205A
:10248000FEF787FA0020FEF784FA9520FEF781FA1E
:102490000020FEF77EFAF320FEF77BFA0020FEF71D
:1024A00078FAE620FEF775FA0020FEF772FAC520EA
:1024B000FEF766FA3220FEF76CFA0020FEF769FAA2
:1024C0004420FEF766FA0020FEF763FA6520FEF767
:1024D00060FA0020FEF75DFA7620FEF75AFA002037
:1024E000FEF757FA8820FEF754FA0020FEF751FA5B
:1024F000C620FEF745FA2020FEF74BFA0020FEF733
:1025000048FA1720FEF745FA0020FEF742FA0120AC
:10251000FEF73FFA0020FEF73CFAC720FEF730FA3C
:102520000020FEF736FA0020FEF733FA0020FEF70F
:1025300030FA0020FEF72DFAC820FEF721FA00201D
:10254000FEF727FA0020FEF724FA0020FEF721FA12
:102550000020FEF71EFAC920FEF712FA0020FEF74F
:1025600018FA0020FEF715FA0020FEF712FA0020F4
:10257000FEF70FFA0020FEF70CFA0020FEF709FA2A
:102580000020FEF706FA0020FEF703FA0020FEF70F
:1025900000FA0020FEF7FDF90020FEF7FAF900200E
:1025A000FEF7F7F90020FEF7F4F90020FEF7F1F945
:1025B0000020FEF7EEF90020FEF7EBF9E020FEF731
:1025C000DFF91620FEF7E5F90020FEF7E2F91C20FE
:1025D000FEF7DFF90020FEF7DCF92120FEF7D9F93C
:1025E0000020FEF7D6F93620FEF7D3F90020FEF7DB
:1025F000D0F94620FEF7CDF90020FEF7CAF95220A7
:10260000FEF7C7F90020FEF7C4F96420FEF7C1F910
:102610000020FEF7BEF97A20FEF7BBF90020FEF796
:10262000B8F98B20FEF7B5F90020FEF7B2F9992032
:10263000FEF7AFF90020FEF7ACF9A820FEF7A9F9E4
:102640000020FEF7A6F9B920FEF7A3F90020FEF757
:10265000A0F9C420FEF79DF90020FEF79AF9CA20E0
:10266000FEF797F90020FEF794F9D220FEF791F9D2
:102670000020FEF78EF9D920FEF78BF90020FEF737
:1026800088F9E020FEF785F90020FEF782F9F320B3
:10269000FEF77FF90020FEF77CF9E120FEF770F9E4
:1026A0001620FEF776F90020FEF773F91C20FEF7DE
:1026B00070F90020FEF76DF92220FEF76AF900207C
:1026C000FEF767F93620FEF764F90020FEF761F99E
:1026D0004520FEF75EF90020FEF75BF95220FEF779
:1026E00058F90020FEF755F96420FEF752F9002052
:1026F000FEF74FF97A20FEF74CF90020FEF749F972
:102700008B20FEF746F90020FEF743F99920FEF7EB
:1027100040F90020FEF73DF9A820FEF73AF9002025
:10272000FEF737F9B920FEF734F90020FEF731F94A
:10273000C420FEF72EF90020FEF72BF9CA20FEF781
:1027400028F90020FEF725F9D220FEF722F9002013
:10275000FEF71FF9D820FEF71CF90020FEF719F943
:10276000E020FEF716F90020FEF713F9F320FEF73C
:1027700010F90020FEF70DF9E220FEF701F905201F
:10278000FEF707F90020FEF704F90B20FEF701F928
:102790000020FEF7FEF81B20FEF7FBF80020FEF7F6
:1027A000F8F83420FEF7F5F80020FEF7F2F84420A0
:1027B000FEF7EFF80020FEF7ECF84F20FEF7E9F8FF
:1027C0000020FEF7E6F86120FEF7E3F80020FEF7B0
:1027D000E0F87920FEF7DDF80020FEF7DAF888202F
:1027E000FEF7D7F80020FEF7D4F89720FEF7D1F8CF
:1027F0000020FEF7CEF8A620FEF7CBF80020FEF76B
:10280000C8F8B720FEF7C5F80020FEF7C2F8C220CE
:10281000FEF7BFF80020FEF7BCF8C720FEF7B9F8B6
:102820000020FEF7B6F8D120FEF7B3F80020FEF73F
:10283000B0F8D620FEF7ADF80020FEF7AAF8DD20AC
:10284000FEF7A7F80020FEF7A4F8F320FEF7A1F8A2
:102850000020FEF79EF8E320FEF792F80520FEF731
:1028600098F80020FEF795F80A20FEF792F800206D
:10287000FEF78FF81C20FEF78CF80020FEF789F891
:102880003320FEF786F80020FEF783F84420FEF799
:1028900080F80020FEF77DF85020FEF77AF800203F
:1028A000FEF777F86220FEF774F80020FEF771F863
:1028B0007820FEF76EF80020FEF76BF88820FEF710
:1028C00068F80020FEF765F89720FEF762F8002010
:1028D000FEF75FF8A620FEF75CF80020FEF759F837
:1028E000B720FEF756F80020FEF753F8C220FEF797
:1028F00050F80020FEF74DF8C720FEF74AF80020F8
:10290000FEF747F8D120FEF744F80020FEF741F823
:10291000D520FEF73EF80020FEF73BF8DD20FEF75D
:1029200038F80020FEF735F8F320FEF732F80020E3
:10293000FEF72FF8E420FEF723F80120FEF729F830
:102940000020FEF726F80120FEF723F80020FEF70E
:1029500020F80220FEF71DF80020FEF71AF82A20C2
:10296000FEF717F80020FEF714F83C20FEF711F8E8
:102970000020FEF70EF84B20FEF70BF80020FEF7C4
:1029800008F85D20FEF705F80020FEF702F8742035
:10299000FDF7FFFF0020FDF7FCFF8420FDF7F9FFA6
:1029A0000020FDF7F6FF9320FDF7F3FF0020FDF771
:1029B000F0FFA220FDF7EDFF0020FDF7EAFFB320B6
:1029C000FDF7E7FF0020FDF7E4FFBE20FDF7E1FF84
:1029D0000020FDF7DEFFC420FDF7DBFF0020FDF740
:1029E000D8FFCD20FDF7D5FF0020FDF7D2FFD32083
:1029F000FDF7CFFF0020FDF7CCFFDD20FDF7C9FF7D
:102A00000020FDF7C6FFF320FDF7C3FF0020FDF710
:102A1000C0FFE520FDF7B4FF0020FDF7BAFF00205E
:102A2000FDF7B7FF0020FDF7B4FF0020FDF7B1FF71
:102A30000220FDF7AEFF0020FDF7ABFF2920FDF7D8
:102A4000A8FF0020FDF7A5FF3C20FDF7A2FF002016
:102A5000FDF79FFF4B20FDF79CFF0020FDF799FF3E
:102A60005D20FDF796FF0020FDF793FF7420FDF732
:102A700090FF0020FDF78DFF8420FDF78AFF0020E6
:102A8000FDF787FF9320FDF784FF0020FDF781FF0E
:102A9000A220FDF77EFF0020FDF77BFFB320FDF7AE
:102AA00078FF0020FDF775FFBE20FDF772FF0020C4
:102AB000FDF76FFFC420FDF76CFF0020FDF769FFF5
:102AC000CD20FDF766FF0020FDF763FFD320FDF763
:102AD00060FF0020FDF75DFFDC20FDF75AFF0020BE
:102AE000FDF757FFF320FDF754FF0020FDF751FFDE
:102AF000E620FDF745FF1120FDF74BFF0020FDF715
:102B000048FF3420FDF745FF0020FDF742FF562027
:102B1000FDF73FFF0020FDF73CFF7620FDF739FF72
:102B20000020FDF736FF7720FDF733FF0020FDF78B
:102B300030FF6620FDF72DFF0020FDF72AFF8820DB
:102B4000FDF727FF0020FDF724FF9920FDF721FF67
:102B50000020FDF71EFFBB20FDF71BFF0020FDF747
:102B600018FF9920FDF715FF0020FDF712FF6620E2
:102B7000FDF70FFF0020FDF70CFF5520FDF709FFC3
:102B80000020FDF706FF5520FDF703FF0020FDF7AD
:102B900000FF4520FDF7FDFE0020FDF7FAFE432073
:102BA000FDF7F7FE0020FDF7F4FE4420FDF7F1FEEF
:102BB0000020FDF7EEFEE720FDF7E2FE3220FDF7F4
:102BC000E8FE0020FDF7E5FE5520FDF7E2FE0020BF
:102BD000FDF7DFFE7620FDF7DCFE0020FDF7D9FED5
:102BE0006620FDF7D6FE0020FDF7D3FE6720FDF737
:102BF000D0FE0020FDF7CDFE6720FDF7CAFE0020C5
:102C0000FDF7C7FE8720FDF7C4FE0020FDF7C1FEDB
:102C10009920FDF7BEFE0020FDF7BBFEBB20FDF7AF
:102C2000B8FE0020FDF7B5FE9920FDF7B2FE0020AA
:102C3000FDF7AFFE7720FDF7ACFE0020FDF7A9FE03
:102C40004420FDF7A6FE0020FDF7A3FE5620FDF769
:102C5000A0FE0020FDF79DFE2320FDF79AFE002038
:102C6000FDF797FE3320FDF794FE0020FDF791FE5F
:102C70004520FDF78EFE0020FDF78BFEE820FDF7D6
:102C80007FFE0020FDF785FE0020FDF782FE9920E3
:102C9000FDF77FFE0020FDF77CFE8720FDF779FE23
:102CA0000020FDF776FE8820FDF773FE0020FDF77B
:102CB00070FE7720FDF76DFE0020FDF76AFE6620AE
:102CC000FDF767FE0020FDF764FE8820FDF761FE3A
:102CD0000020FDF75EFEAA20FDF75BFE0020FDF759
:102CE00058FEBB20FDF755FE0020FDF752FE99204F
:102CF000FDF74FFE0020FDF74CFE6620FDF749FE74
:102D00000020FDF746FE5520FDF743FE0020FDF7AD
:102D100040FE5520FDF73DFE0020FDF73AFE442021
:102D2000FDF737FE0020FDF734FE4420FDF731FEAD
:102D30000020FDF72EFE5520FDF72BFE0020FDF7AD
:102D400028FEE920FDF71CFEAA20FDF722FE002048
:102D5000FDF71FFE0020FDF71CFE0020FDF719FE09
:102D60000020FDF70DFEAA20FDF713FECF20FDF792
:102D700007FE0020FDF70DFE0020FDF70AFE0020F3
:102D8000FDF707FE0020FDF704FE0020FDF701FE21
:102D90000020FDF7FEFD0020FDF7FBFD0020FDF704
:102DA000F8FD0020FDF7F5FD0020FDF7F2FD002005
:102DB000FDF7EFFD0020FDF7ECFD0020FDF7E9FD3C
:102DC0000020FDF7E6FD0020FDF7E3FD0020FDF704
:102DD000E0FD0020FDF7DDFDF020FDF7D1FD002036
:102DE000FDF7D7FD5020FDF7D4FD0020FDF7D1FD04
:102DF0000020FDF7CEFD0020FDF7CBFDF320FDF711
:102E0000BFFD0020FDF7C5FDF920FDF7B9FD062047
:102E1000FDF7BFFD1020FDF7BCFD2920FDF7B9FD32
:102E20000020FDF7B6FD3A20FDF7AAFD5520FDF77D
:102E3000B0FD1120FDF7A4FD642004F0C9FD292098
:102E4000FDF79EFD3520FDF79BFD0020FDF7A1FD60
:102E50005120FDF795FDFF20FDF79BFD5320FDF769
:102E60008FFD2C20FDF795FD5520FDF789FD822073
:102E7000FDF78FFD2C20FDF783FD02F0E9B8FE4839
:102E8000808845F2105188427ED155214FF4704020
:102E9000FDF791FDAA214FF20100FDF78CFD5221B3
:102EA0004FF20200FDF787FD08214FF20300FDF706
:102EB00082FD01214FF20400FDF77DFD0D214FF44D
:102EC0003040FDF778FD0D214BF20100FDF773FD59
:102ED0000D214BF20200FDF76EFD34214FF4364018
:102EE000FDF769FD34214BF20160FDF764FD3421EB
:102EF0004BF20260FDF75FFD0D214FF43140FDF70D
:102F00005AFD0D214BF20110FDF755FD0D214BF23D
:102F10000210FDF750FD34214FF43740FDF74BFD13
:102F200034214BF20170FDF746FD34214BF2027063
:102F3000FDF741FD00214FF43240FDF73CFD00213B
:102F40004BF20120FDF737FD00214BF20220FDF787
:102F500032FD24214FF43840FDF72DFD24214BF69E
:102F60000100FDF728FD24214BF60200FDF723FDAB
:102F700001214FF43F40FDF71EFD0F214FF4334078
:102F8000FDF719FD0F2100E0FEE34BF20130FDF7E4
:102F900012FD0F214BF20230FDF70DFD34214FF4ED
:102FA0003940FDF708FD34214BF60110FDF703FD14
:102FB00034214BF60210FDF7FEFC08214FF435409A
:102FC000FDF7F9FC08214BF20150FDF7F4FC082154
:102FD0004BF20250FDF7EFFC03214FF44240FDF7A6
:102FE000EAFC24214FF43A40FDF7E5FC24214BF69E
:102FF0000120FDF7E0FC24214BF60220FDF7DBFC6D
:1030000000214FF43C40FDF7D6FC78214BF60140FF
:10301000FDF7D1FC00214BF60240FDF7CCFC00216E
:103020004FF43D40FDF7C7FC78214BF60150FDF70A
:10303000C2FC00214BF60250FDF7BDFC00214FF40D
:103040003E40FDF7B8FC64214BF60160FDF7B3FC90
:1030500000214FF45140FDF7AEFC33214DF2011039
:10306000FDF7A9FC00214DF20210FDF7A4FC34216C
:103070004DF20310FDF79FFC00214DF20410FDF707
:103080009AFC3A214DF20510FDF795FC00214DF216
:103090000610FDF790FC4A214DF20710FDF78BFC5E
:1030A00000214DF20810FDF786FC5C214DF209105D
:1030B000FDF781FC00214DF20A10FDF77CFC812117
:1030C0004DF20B10FDF777FC00214DF20C10FDF7CF
:1030D00072FCA6214DF20D10FDF76DFC00214DF2A2
:1030E0000E10FDF768FCE5214DF20F10FDF763FCB3
:1030F00001214DF21010FDF75EFC13214DF211106D
:10310000FDF759FC01214DF21210FDF754FC54213A
:103110004DF21310FDF74FFC01214DF21410FDF795
:103120004AFC82214DF21510FDF745FC01214DF2BC
:103130001610FDF740FCCA214DF21710FDF73BFCBD
:1031400002214DF21810FDF736FC00214DF2191046
:10315000FDF731FC02214DF21A10FDF72CFC012184
:103160004DF21B10FDF727FC02214DF21C10FDF75C
:1031700022FC34214DF21D10FDF71DFC02214DF201
:103180001E10FDF718FC67214DF21F10FDF713FC10
:1031900002214DF22010FDF70EFC84214DF221108A
:1031A000FDF709FC02214DF22210FDF704FCA421D9
:1031B0004DF22310FDF7FFFB02214DF22410FDF725
:1031C000FAFBB7214DF22510FDF7F5FB02214DF278
:1031D0002610FDF7F0FBCF214DF22710FDF7EBFB9A
:1031E00002214DF22810FDF7E6FBDE214DF22910F9
:1031F000FDF7E1FB02214DF22A10FDF7DCFBF22185
:103200004DF22B10FDF7D7FB02214DF22C10FDF7EC
:10321000D2FBFE214DF22D10FDF7CDFB03214DF227
:103220002E10FDF7C8FB10214DF22F10FDF7C3FB48
:1032300003214DF23010FDF7BEFB33214DF231106A
:10324000FDF7B9FB03214DF23210FDF7B4FB6D2100
:103250004DF23310FDF7AFFB00214FF45240FDF764
:10326000AAFB33214DF20120FDF7A5FB00214DF211
:103270000220FDF7A0FB01E07000002034214DF298
:103280000320FDF798FB00214DF20420FDF793FB8E
:103290003A214DF20520FDF78EFB00214DF206206C
:1032A000FDF789FB4A214DF20720FDF784FB002141
:1032B0004DF20820FDF77FFB5C214DF20920FDF760
:1032C0007AFB00214DF20A20FDF775FB81214DF2BA
:1032D0000B20FDF770FB00214DF20C20FDF76BFB7E
:1032E000A6214DF20D20FDF766FB00214DF20E20C8
:1032F000FDF761FBE5214DF20F20FDF75CFB01219D
:103300004DF21020FDF757FB13214DF21120FDF770
:1033100052FB01214DF21220FDF74DFB54214DF2DD
:103320001320FDF748FB01214DF21420FDF743FB6C
:1033300082214DF21520FDF73EFB01214DF21620B2
:10334000FDF739FBCA214DF21720FDF734FB0221AE
:103350004DF21820FDF72FFB00214DF21920FDF74B
:103360002AFB02214DF21A20FDF725FB01214DF227
:103370001B20FDF720FB02214DF21C20FDF71BFB5B
:1033800034214DF21D20FDF716FB02214DF21E20C7
:10339000FDF711FB67214DF21F20FDF70CFB022109
:1033A0004DF22020FDF707FB84214DF22120FDF78F
:1033B00002FB02214DF22220FDF7FDFAA4214DF27D
:1033C0002320FDF7F8FA02214DF22420FDF7F3FA4D
:1033D000B7214DF22520FDF7EEFA02214DF226200D
:1033E000FDF7E9FACF214DF22720FDF7E4FA02219B
:1033F0004DF22820FDF7DFFADE214DF22920FDF7FE
:10340000DAFA02214DF22A20FDF7D5FAF2214DF227
:103410002B20FDF7D0FA02214DF22C20FDF7CBFA3C
:10342000FE214DF22D20FDF7C6FA03214DF22E208C
:10343000FDF7C1FA10214DF22F20FDF7BCFA032150
:103440004DF23020FDF7B7FA33214DF23120FDF770
:10345000B2FA03214DF23220FDF7ADFA6D214DF2A3
:103460003320FDF7A8FA00214FF45340FDF7A3FAEB
:1034700033214DF20130FDF79EFA00214DF202306A
:10348000FDF799FA34214DF20330FDF794FA00214B
:103490004DF20430FDF78FFA3A214DF20530FDF779
:1034A0008AFA00214DF20630FDF785FA4A214DF2E5
:1034B0000730FDF780FA00214DF20830FDF77BFA66
:1034C0005C214DF20930FDF776FA00214DF20A3009
:1034D000FDF771FA81214DF20B30FDF76CFA0021F6
:1034E0004DF20C30FDF767FAA6214DF20D30FDF7D5
:1034F00062FA00214DF20E30FDF75DFAE5214DF242
:103500000F30FDF758FA01214DF21030FDF753FA54
:1035100013214DF21130FDF74EFA01214DF2123018
:10352000FDF749FA54214DF21330FDF744FA012119
:103530004DF21430FDF73FFA82214DF21530FDF7C0
:103540003AFA01214DF21630FDF735FACA214DF253
:103550001730FDF730FA02214DF21830FDF72BFA43
:1035600000214DF21930FDF726FA02214DF21A30F2
:10357000FDF721FA01214DF21B30FDF71CFA022163
:103580004DF21C30FDF717FA34214DF21D30FDF7D6
:1035900012FA02214DF21E30FDF70DFA67214DF2AD
:1035A0001F30FDF708FA02214DF22030FDF703FA33
:1035B00084214DF22130FDF7FEF902214DF2223037
:1035C000FDF7F9F9A4214DF22330FDF7F4F90221BA
:1035D0004DF22430FDF7EFF9B7214DF22530FDF71C
:1035E000EAF902214DF22630FDF7E5F9CF214DF23F
:1035F0002730FDF7E0F902214DF22830FDF7DBF925
:10360000DE214DF22930FDF7D6F902214DF22A30A4
:10361000FDF7D1F9F2214DF22B30FDF7CCF9022163
:103620004DF22C30FDF7C7F9FE214DF22D30FDF79C
:10363000C2F903214DF22E30FDF7BDF910214DF2F4
:103640002F30FDF7B8F903214DF23030FDF7B3F913
:1036500033214DF23130FDF7AEF903214DF2323016
:10366000FDF7A9F96D214DF23330FDF7A4F90021E2
:103670004FF45440FDF79FF933214DF20140FDF71F
:103680009AF900214DF20240FDF795F934214DF2EF
:103690000340FDF790F900214DF20440FDF78BF94E
:1036A0003A214DF20540FDF786F900214DF2064022
:1036B000FDF781F94A214DF20740FDF77CF9002121
:1036C0004DF20840FDF777F95C214DF20940FDF716
:1036D00072F900214DF20A40FDF76DF981214DF29A
:1036E0000B40FDF768F900214DF20C40FDF763F93E
:1036F000A6214DF20D40FDF75EF900214DF20E407E
:10370000FDF759F9E5214DF20F40FDF754F901217C
:103710004DF21040FDF74FF913214DF21140FDF726
:103720004AF901214DF21240FDF745F954214DF2BD
:103730001340FDF740F901214DF21440FDF73BF92C
:1037400082214DF21540FDF736F901214DF2164068
:10375000FDF731F9CA214DF21740FDF72CF902218E
:103760004DF21840FDF727F900214DF21940FDF701
:1037700022F902214DF21A40FDF71DF901214DF207
:103780001B40FDF718F900E004E302214DF21C4054
:10379000FDF711F934214DF21D40FDF70CF902211E
:1037A0004DF21E40FDF707F967214DF21F40FDF76E
:1037B00002F902214DF22040FDF7FDF884214DF27F
:1037C0002140FDF7F8F802214DF22240FDF7F3F811
:1037D000A4214DF22340FDF7EEF802214DF22440E2
:1037E000FDF7E9F8B7214DF22540FDF7E4F8022195
:1037F0004DF22640FDF7DFF8CF214DF22740FDF7CF
:10380000DAF802214DF22840FDF7D5F8DE214DF21D
:103810002940FDF7D0F802214DF22A40FDF7CBF800
:10382000F2214DF22B40FDF7C6F802214DF22C405B
:10383000FDF7C1F8FE214DF22D40FDF7BCF8032144
:103840004DF22E40FDF7B7F810214DF22F40FDF755
:10385000B2F803214DF23040FDF7ADF833214DF2BF
:103860003140FDF7A8F803214DF23240FDF7A3F8EF
:103870006D214DF23340FDF79EF800214FF4554085
:10388000FDF799F833214DF20150FDF794F800212E
:103890004DF20250FDF78FF834214DF20350FDF741
:1038A0008AF800214DF20450FDF785F83A214DF2D7
:1038B0000550FDF780F800214DF20650FDF77BF82A
:1038C0004A214DF20750FDF776F800214DF20850DD
:1038D000FDF771F85C214DF20950FDF76CF80021FD
:1038E0004DF20A50FDF767F881214DF20B50FDF7BC
:1038F00062F800214DF20C50FDF75DF8A6214DF263
:103900000D50FDF758F800214DF20E50FDF753F819
:10391000E5214DF20F50FDF74EF801214DF2105008
:10392000FDF749F813214DF21150FDF744F801213C
:103930004DF21250FDF73FF854214DF21350FDF7B0
:103940003AF801214DF21450FDF735F882214DF27D
:103950001550FDF730F801214DF21650FDF72BF808
:10396000CA214DF21750FDF726F802214DF21850EA
:10397000FDF721F800214DF21950FDF71CF8022146
:103980004DF21A50FDF717F801214DF21B50FDF7CB
:1039900012F802214DF21C50FDF70DF834214DF2C2
:1039A0001D50FDF708F802214DF21E50FDF703F8F7
:1039B00067214DF21F50FCF7FEFF02214DF220500F
:1039C000FCF7F9FF84214DF22150FCF7F4FF0221AE
:1039D0004DF22250FCF7EFFFA4214DF22350FCF7EB
:1039E000EAFF02214DF22450FCF7E5FFB7214DF22A
:1039F0002550FCF7E0FF02214DF22650FCF7DBFFDB
:103A0000CF214DF22750FCF7D6FF02214DF228506E
:103A1000FCF7D1FFDE214DF22950FCF7CCFF02214B
:103A20004DF22A50FCF7C7FFF2214DF22B50FCF764
:103A3000C2FF02214DF22C50FCF7BDFFFE214DF2DA
:103A40002D50FCF7B8FF03214DF22E50FCF7B3FFC9
:103A500010214DF22F50FCF7AEFF03214DF23050F4
:103A6000FCF7A9FF33214DF23150FCF7A4FF0321ED
:103A70004DF23250FCF79FFF6D214DF23350FCF7B1
:103A80009AFF00214FF45640FCF795FF33214DF289
:103A90000160FCF790FF00214DF20260FCF78BFF04
:103AA00034214DF20360FCF786FF00214DF20460E3
:103AB000FCF781FF3A214DF20560FCF77CFF002105
:103AC0004DF20660FCF777FF4A214DF20760FCF7E4
:103AD00072FF00214DF20860FCF76DFF5C214DF292
:103AE0000960FCF768FF00214DF20A60FCF763FFF4
:103AF00081214DF20B60FCF75EFF00214DF20C605E
:103B0000FCF759FFA6214DF20D60FCF754FF002190
:103B10004DF20E60FCF74FFFE5214DF20F60FCF710
:103B20004AFF01214DF21060FCF745FF13214DF2D1
:103B30001160FCF740FF01214DF21260FCF73BFFE2
:103B400054214DF21360FCF736FF01214DF2146051
:103B5000FCF731FF82214DF21560FCF72CFF0121AB
:103B60004DF21660FCF727FFCA214DF21760FCF7F3
:103B700022FF02214DF21860FCF71DFF00214DF2DB
:103B80001960FCF718FF02214DF21A60FCF713FFD1
:103B900001214DF21B60FCF70EFF02214DF21C606B
:103BA000FCF709FF34214DF21D60FCF704FF0221F0
:103BB0004DF21E60FCF7FFFE67214DF21F60FCF71F
:103BC000FAFE02214DF22060FCF7F5FE84214DF251
:103BD0002160FCF7F0FE02214DF22260FCF7EBFEC3
:103BE000A4214DF22360FCF7E6FE02214DF2246091
:103BF000FCF7E1FEB7214DF22560FCF7DCFE022167
:103C00004DF22660FCF7D7FECF214DF22760FCF77E
:103C1000D2FE02214DF22860FCF7CDFEDE214DF2EE
:103C20002960FCF7C8FE02214DF22A60FCF7C3FEB2
:103C3000F2214DF22B60FCF7BEFE02214DF22C600A
:103C4000FCF7B9FEFE214DF22D60FCF7B4FE032116
:103C50004DF22E60FCF7AFFE10214DF22F60FCF705
:103C6000AAFE03214DF23060FCF7A5FE33214DF290
:103C70003160FCF7A0FE03214DF23260FCF79BFEA1
:103C80006D214DF23360FCF796FE55214FF47040E4
:103C9000FCF791FEAA214FF20100FCF78CFE5221A5
:103CA0004FF20200FCF787FE08214FF20300FCF7F9
:103CB00082FE00214FF20400FCF77DFECC214FF480
:103CC0003140FCF778FE00214BF20110FCF773FE47
:103CD00005214FF43640FCF76EFE70214FF437405B
:103CE000FCF769FE70214BF20170FCF764FE0121C4
:103CF0004FF43840FCF75FFE03214BF60100FCF760
:103D00005AFE03214BF60200FCF755FE03214BF649
:103D10000300FCF750FE02214FF43C40FCF74BFE41
:103D200000214BF60140FCF746FE00214BF6024015
:103D3000FCF741FED0214FF44940FCF73CFE022144
:103D40004CF60110FCF737FE50214CF60210FCF740
:103D500032FE50214CF60310FCF72DFE50214CF69C
:103D60000410FCF728FE00214FF45450FCF723FE0A
:103D700055214FF46850FCF71EFE4FF48850FCF7B5
:103D8000FFFD782003F0DCFD4FF42450FCF7F8FD34
:103D900001F05EB9FE48808849F2253188427DD124
:103DA00047F6F001E520FCF706FE4FF48071012094
:103DB000FCF701FE4FF4E0610220FCF7FCFD41F24C
:103DC00030010320FCF7F7FD00210420FCF7F3FD90
:103DD00040F202210820FCF7EEFD00210920FCF74B
:103DE000EAFD00210A20FCF7E6FD00210C20FCF78B
:103DF000E2FD00210D20FCF7DEFD00210F20FCF785
:103E0000DAFD00211020FCF7D6FD07211120FCF778
:103E1000D2FD00211220FCF7CEFD00211320FCF77B
:103E2000CAFD00210720FCF7C6FD41F29061102079
:103E3000FCF7C1FD40F227211120FCF7BCFD9D21BC
:103E40001220FCF7B8FD4FF4C8511320FCF7B3FD66
:103E500025212920FCF7AFFD0D212B20FCF7ABFD20
:103E600007213020FCF7A7FD40F203313120FCF799
:103E7000A2FD03213220FCF79EFD40F206213520F1
:103E8000FCF799FD08213620FCF795FD40F206412C
:103E90003720FCF790FD4FF4417100E058E03820E6
:103EA000FCF789FD07213920FCF785FD40F202610E
:103EB0003C20FCF780FD08213D20FCF77CFD002123
:103EC0005020FCF778FDEF215120FCF774FD002114
:103ED0005220FCF770FD40F23F115320FCF76BFDC0
:103EE0004FF427416020FCF766FD01216120FCF7BB
:103EF00062FD00216A20FCF75EFD00218020FCF7B6
:103F00005AFD00218120FCF756FD00218220FCF79C
:103F100052FD00218320FCF74EFD00218420FCF798
:103F20004AFD00218520FCF746FD10219020FCF77A
:103F300042FD4FF4C0619220FCF73DFD40F2331189
:103F40000720FCF738FD22210020FCF734FD1FE795
:103F50008F48808849F2283188427DD141F28F0113
:103F6000EC20FCF728FD41F23421EF20FCF723FD83
:103F70004FF480710120FCF71EFD4FF4E061022038
:103F8000FCF719FD41F230010320FCF714FD00217C
:103F90000420FCF710FD40F202210820FCF70BFD85
:103FA00000210920FCF707FD00210A20FCF703FD92
:103FB00001210C20FCF7FFFC00210D20FCF7FBFC8D
:103FC00000210F20FCF7F7FC00211020FCF7F3FC88
:103FD00007211120FCF7EFFC00211220FCF7EBFC7D
:103FE00000211320FCF7E7FC01210720FCF7E3FC8C
:103FF000322003F0EDFC41F290411020FCF7DBFC95
:1040000040F227211120FCF7D6FC322003F0E0FC1F
:104010008A211220FCF7CFFC322003F0D9FC4FF4A8
:10402000D0511320FCF7C7FC06212920FCF7C3FC64
:104030000D212B20FCF7BFFC322003F0C9FC00212E
:104040002020FCF7B8FC00212120FCF7B4FC322032
:1040500003F0BEFC002100E075E03020FCF7ABFC73
:1040600040F204613120FCF7A6FC40F20531322019
:10407000FCF7A1FC00213520FCF79DFC40F609412E
:104080003620FCF798FC4FF401713720FCF793FCC5
:1040900040F201313820FCF78EFC40F207713920E4
:1040A000FCF789FC00213C20FCF785FC40F60A2146
:1040B0003D20FCF780FC322003F08AFC00215020D8
:1040C000FCF779FCEF215120FCF775FC0021522010
:1040D000FCF771FC40F23F115320FCF76CFC4FF4ED
:1040E00027416020FCF767FC01216120FCF763FC9D
:1040F00000216A20FCF75FFC00218020FCF75BFCBC
:1041000000218120FCF757FC00218220FCF753FCA2
:1041100000218320FCF74FFC00218420FCF74BFC9E
:1041200000218520FCF747FC10219020FCF743FC80
:104130004FF4C0619220FCF73EFC40F2331107209F
:10414000FCF739FC24E61248808849F22031884285
:104150007ED100210846FCF72EFC4FF4807101202F
:10416000FCF729FC4FF4E0610220FCF724FC41F24B
:1041700030010320FCF71FFC00210420FCF71BFC8E
:1041800040F202210820FCF716FC0021092001E082
:1041900070000020FCF70FFC00210A20FCF70BFC4C
:1041A00001210C20FCF707FC00210D20FCF703FC8B
:1041B00000210F20FCF7FFFB322003F009FC40F246
:1041C00001110720FCF7F7FB322003F001FC4FF44C
:1041D00086511020FCF7EFFB07211120FCF7EBFBC9
:1041E0004FF488711220FCF7E6FB4FF43061132086
:1041F000FCF7E1FB00212920FCF7DDFB44F2100174
:104200002B20FCF7D8FB00215020FCF7D4FBEF213A
:104210005120FCF7D0FB00215220FCF7CCFB40F2F0
:104220003F115320FCF7C7FB4FF41C516020FCF7F3
:10423000C2FB01216120FCF7BEFB00216A20FCF7D4
:10424000BAFB00218020FCF7B6FB0021812000E0B2
:1042500030E0FCF7B0FB00218220FCF7ACFB002132
:104260008320FCF7A8FB00218420FCF7A4FB00219D
:104270008520FCF7A0FB10219020FCF79CFB00217F
:104280009220FCF798FB01219320FCF794FB4FF45C
:1042900088719520FCF78FFB00219720FCF78BFBA2
:1042A00000219820FCF787FB40F273110720FCF7F0
:1042B00082FB6DE5FE48808849F2313188427DD12C
:1042C00041F21401E720FCF776FB4FF480710120E6
:1042D000FCF771FB4FF400710220FCF76CFB41F21C
:1042E00038010320FCF767FB40F202210820FCF7AD
:1042F00062FB00210920FCF75EFB00210A20FCF78D
:104300005AFB00210C20FCF756FB00210D20FCF786
:1043100052FB00210F20FCF74EFB00211020FCF780
:104320004AFB07211120FCF746FB00211220FCF775
:1043300042FB00211320FCF73EFBC82003F048FBA2
:1043400041F290611020FCF736FB40F2272111204A
:10435000FCF731FB322003F03BFB0C211220FCF771
:104360002AFB322003F034FB4FF400611320FCF7EA
:1043700022FB11212920FCF71EFB0B212B20FCF72F
:104380001AFB322003F024FB00212020FCF713FB52
:1043900040F23F112120FCF70EFB00213020FCF7FA
:1043A0000AFB4FF483713120FCF705FB002132201A
:1043B000FCF701FB4FF40171352000E064E0FCF7ED
:1043C000FAFA41F20A613620FCF7F5FA40F2077179
:1043D0003720FCF7F0FA4FF483713820FCF7EBFA42
:1043E00040F207713920FCF7E6FA40F202413C2026
:1043F000FCF7E1FA40F60F413D20FCF7DCFA002122
:104400005020FCF7D8FAEF215120FCF7D4FA002114
:104410005220FCF7D0FA40F23F115320FCF7CBFAC0
:104420004FF41C516020FCF7C6FA01216120FCF713
:10443000C2FA00216A20FCF7BEFA00218020FCF7B6
:10444000BAFA00218120FCF7B6FA00218220FCF79D
:10445000B2FA00218320FCF7AEFA00218420FCF799
:10446000AAFA00218520FCF7A6FA10219020FCF77B
:10447000A2FA4FF4C0619220FCF79DFA40F233118A
:104480000720FCF798FA83E48948808845F20841C0
:1044900088427DD14FF480710120FCF78CFA4FF4F3
:1044A000E0610220FCF787FA41F230010320FCF7BB
:1044B00082FA00210420FCF77EFA40F2072108204E
:1044C000FCF779FA00210920FCF775FA00210A208F
:1044D000FCF771FA00210C20FCF76DFA00210D2089
:1044E000FCF769FA00210F20FCF765FA142003F0AD
:1044F0006FFA41F2B0611020FCF75DFA0121112042
:10450000FCF759FA01211720FCF755FA4FF49C717A
:104510001220FCF750FA4FF400611320FCF74BFA1D
:1045200009212920FCF747FA09212A20FCF743FA40
:104530000021A420FCF73FFA00215020FCF73BFAB1
:10454000EF215120FCF737FA00215220FCF733FA13
:1045500040F23F115320FCF72EFA4FF41C5160201B
:10456000FCF729FA01216120FCF725FA00216A20D5
:10457000FCF721FA00218020FCF71DFA00218120A0
:10458000FCF719FA00218220FCF715FA002100E05F
:1045900024E08320FCF70FFA00218420FCF70BFABB
:1045A00000218520FCF707FA13219020FCF703FA7D
:1045B00000219220FCF7FFF903219320FCF7FBF97F
:1045C0004FF488719520FCF7F6F940F2731107203B
:1045D000FCF7F1F9322003F0FBF9B8E434488088A5
:1045E00041F2055188427DD100210720FCF7E3F913
:1045F000322003F0EDF94FF48E711220FCF7DBF955
:104600000121A420FCF7D7F90F210820FCF7D3F9EA
:1046100008210A20FCF7CFF908210D20FCF7CBF97F
:1046200040F207713020FCF7C6F907213120FCF772
:10463000C2F940F203613220FCF7BDF94FF4E061AA
:104640003320FCF7B8F940F202213420FCF7B3F92B
:1046500002213520FCF7AFF941F60F713620FCF747
:10466000AAF940F207713720FCF7A5F9002138209C
:10467000FCF7A1F900213920FCF79DF940F2077100
:104680003A20FCF798F900213B20FCF794F9072128
:104690003C20FCF790F900213D20FCF78CF93220FA
:1046A00003F096F901210720FCF785F9012101E0CB
:1046B000700000201720FCF77EF9322003F088F903
:1046C0004FF4BD511020FCF776F940F2172111206C
:1046D000FCF771F94FF48F711220FCF76CF94FF46D
:1046E000706100E098E01320FCF765F900212A20B2
:1046F000FCF761F90A212920FCF75DF94FF49F715D
:104700001220FCF758F900215020FCF754F9EF2152
:104710005120FCF750F900215220FCF74CF940F2EF
:104720003F115320FCF747F94FF41C516020FCF770
:1047300042F901216120FCF73EF900216A20FCF7D3
:104740003AF900218020FCF736F900218120FCF79E
:1047500032F900218220FCF72EF900218320FCF79A
:104760002AF900218420FCF726F900218520FCF796
:1047700022F913219020FCF71EF94FF4407192208A
:10478000FCF719F905219320FCF715F90021952074
:10479000FCF711F900219720FCF70DF90021982072
:1047A000FCF709F94FF480710120FCF704F94FF48C
:1047B000E0610220FCF7FFF841F238010320FCF72A
:1047C000FAF800210420FCF7F6F800210C20FCF791
:1047D000F2F800210F20FCF7EEF800212020FCF772
:1047E000EAF800212120FCF7E6F821210720FCF758
:1047F000E2F8142003F0ECF861210720FCF7DBF865
:10480000142003F0E5F840F273110720FCF7D3F809
:10481000142003F0DDF895E4FE4880884BF2055142
:1048200088427CD100210846FCF7C5F800210846E3
:10483000FCF7C1F800210846FCF7BDF80021084646
:10484000FCF7B9F80121A420FCF7B5F8142003F017
:10485000BFF84FF41C516020FCF7ADF840F2022184
:104860000820FCF7A8F84FF405713020FCF7A3F8F6
:1048700043F215713120FCF79EF840F204613220BA
:10488000FCF799F840F616613320FCF794F842F2F1
:1048900011213420FCF78FF84FF4A8513520FCF794
:1048A0008AF848F207513620FCF785F841F20741B3
:1048B0003720FCF780F841F203413820FCF77BF801
:1048C00020213920FCF777F81A219020FCF773F8A3
:1048D00000211020FCF76FF807211120FCF76BF87E
:1048E00000211220FCF767F800211320FCF763F881
:1048F000142003F06DF84FF4E6611020FCF75BF82C
:1049000040F237111120FCF756F8142003F060F83C
:104910004FF4DC711220FCF74EF8142000E085E023
:1049200003F056F84FF470611320FCF744F880212F
:104930002A20FCF740F848212920FCF73CF81420F5
:1049400003F046F84FF480710120FCF734F84FF47F
:10495000E0610220FCF72FF841F238010320FCF758
:104960002AF840F202210820FCF725F800210A204D
:10497000FCF721F800210C20FCF71DF800210D2088
:10498000FCF719F830210E20FCF715F80021502013
:10499000FCF711F8EF215120FCF70DF8002152200F
:1049A000FCF709F840F23F115320FCF704F84FF4EC
:1049B0001C516020FBF7FFFF01216120FBF7FBFF8B
:1049C00000216A20FBF7F7FF11219020FBF7F3FF8E
:1049D0004FF4C0619220FBF7EEFF40F202419320BA
:1049E000FBF7E9FF02219420FBF7E5FF142002F01A
:1049F000EFFF01210720FBF7DEFF142002F0E8FFA4
:104A000061210720FBF7D7FF40F273110720FBF766
:104A1000D2FF00212020FBF7CEFF00212120FBF751
:104A2000CAFF22210020FBF7C6FF11E379488088E6
:104A30004CF2055188427CD100210846FBF7BBFFB0
:104A400000210846FBF7B7FF142002F0C1FF002148
:104A50000846FBF7B0FF00210846FBF7ACFF00213A
:104A60000846FBF7A8FF00210846FBF7A4FF012139
:104A7000A420FBF7A0FF142002F0AAFF4FF41C5162
:104A80006020FBF798FF40F606010820FBF793FF34
:104A900040F203713020FBF78EFF01213120FBF73C
:104AA0008AFF04213220FBF786FF4FF48171332007
:104AB000FBF781FF4FF440713420FBF77CFF40F29D
:104AC00003113520FBF777FF1F213620FBF773FF1B
:104AD00040F203713720FBF76EFF01213820FBF70E
:104AE0006AFF04213920FBF766FF15219020FBF7B0
:104AF00062FF4FF482611020FBF75DFF40F2472117
:104B00001120FBF758FF4FF4DE711220FBF753FF23
:104B10004FF460611320FBF74EFF782002F058FF3E
:104B20004FF480710120FBF746FF4FF40071022023
:104B300000E052E0FBF73FFF41F230010320FBF7BA
:104B40003AFF08210A20FBF736FF00210C20FBF773
:104B500032FF20210E20FBF72EFF00210F20FBF754
:104B60002AFF00212020FBF726FF00212120FBF750
:104B700022FF3D212A20FBF71EFF142002F028FF10
:104B80002D212920FBF717FF00215020FBF713FFF1
:104B90004DF2EF015120FBF70EFF00215220FBF7F1
:104BA0000AFF40F23F115320FBF705FF002161206F
:104BB000FBF701FF00216A20FBF7FDFE4FF4407177
:104BC0009220FBF7F8FE05219320FBF7F4FE4FF44B
:104BD00080710720FBF7EFFE3AE20E48808844F22E
:104BE000315188427ED101210020FBF7E4FE0A20EA
:104BF00002F0EEFE41F228611020FBF7DCFE0E21F0
:104C00001220FBF7D8FE40F639211320FBF7D3FE24
:104C10000A2001E07000002002F0DAFE402111209D
:104C2000FBF7C9FE50211520FBF7C5FE0A2002F054
:104C3000CFFE1E211220FBF7BEFE0A2002F0C8FEA6
:104C40004FF4B1511020FBF7B6FE42F63921132084
:104C5000FBF7B1FE0A2002F0BBFE4FF48071012089
:104C6000FBF7A9FE4FF440710220FBF7A4FE41F2CE
:104C700038010320FBF79FFE40F202210820FBF7DA
:104C80009AFE08210A20FBF796FE00213020FBF750
:104C900092FE40F202413120FBF78DFE4FF483710A
:104CA0003220FBF788FE40F203513320FBF783FEEE
:104CB0004FF482713420FBF77EFE40F20131352043
:104CC000FBF779FE40F207713620FBF774FE40F2E5
:104CD00005313720FBF76FFE4FF402713820FBF7E8
:104CE0006AFE00E03EE040F60B713920FBF763FE00
:104CF00002214120FBF75FFE4FF41C516020FBF7BF
:104D00005AFE01216120FBF756FE4FF404719020FA
:104D1000FBF751FE4FF485719220FBF74CFE042106
:104D20009320FBF748FE4FF48071A020FBF743FE71
:104D300001210720FBF73FFE21210720FBF73BFE67
:104D400023210720FBF737FE33210720FBF733FE33
:104D500040F233110720FBF72EFE0021A020FBF7C5
:104D60002AFE75E1F748808844F2355188427CD1AB
:104D700030211520FBF71FFE10219A20FBF71BFEA8
:104D800020211120FBF717FE43F228411020FBF7EA
:104D900012FE02211220FBF70EFE41F23801132011
:104DA000FBF709FE282002F013FE12210846FBF74C
:104DB00002FE282002F00CFE43F220411020FBF7F7
:104DC000FAFD43F238011320FBF7F5FD462002F00F
:104DD000FFFD00213020FBF7EEFD40F202413120C3
:104DE000FBF7E9FD40F207313220FBF7E4FD4FF419
:104DF00041713320FBF7DFFD04213420FBF7DBFD9D
:104E000040F201413520FBF7D6FD40F20771362014
:104E1000FBF7D1FD40F205313720FBF7CCFD4FF415
:104E2000C2613820FBF7C7FD4FF4C2613920FBF7A0
:104E3000C2FD4FF480710120FBF7BDFD4FF44071BE
:104E40000220FBF7B8FD41F230010320FBF7B3FD70
:104E500040F608010820FBF7AEFD08210A20FBF709
:104E6000AAFD4FF41C51602000E033E0FBF7A3FDE6
:104E700001216120FBF79FFD4FF49F719020FBF70C
:104E80009AFD4FF480719220FBF795FD4FF48071ED
:104E90009320FBF790FD4FF44051A020FBF78BFDD2
:104EA0001021A320FBF787FD01210720FBF783FDDD
:104EB00021210720FBF77FFD23210720FBF77BFD46
:104EC00033210720FBF777FD40F233110720FBF772
:104ED00072FDBDE09B48808841F663118842F8D19D
:104EE000E220FBF74DFD1D20FBF753FD0220FBF7F1
:104EF00050FD0420FBF74DFD642002F021FDE02071
:104F0000FBF73EFD0120FBF744FD0A2002F060FDA7
:104F1000E020FBF735FD0320FBF73BFD0C2002F002
:104F200057FD0120FBF72CFD0A2002F051FDE62081
:104F3000FBF726FD2F20FBF72CFDFF20FBF729FDBB
:104F4000FF20FBF726FDB020FBF71AFD2020FBF722
:104F500020FD0020FBF71DFD0320FBF71AFD40F2AA
:104F60001F30FBF716FD0120FBF713FD40F2DF10A9
:104F7000FBF70FFD0020FBF70CFDB420FBF700FD55
:104F80000420FBF706FD40F21F40FBF702FD002066
:104F9000FBF7FFFC2E20FBF7FCFC0020FBF7F9FCE5
:104FA0000020FBF7F6FC0020FBF7F3FC0020FBF7EA
:104FB000F0FCB620FBF7E4FC0220FBF7EAFC4FF420
:104FC0000370FBF7E6FC0020FBF7E3FC1720FBF780
:104FD000E0FC1520FBF7DDFC0020FBF7DAFC0020ED
:104FE000FBF7D7FCF020FBF7CBFC0320FBF7D1FC51
:104FF0002920FBF7C5FCD020FBF7C2FC0020FBF703
:10500000C8FCBE20FBF7BCFC0520FBF7C2FCFE2061
:10501000FBF7BFFC0120FBF7BCFC0020FBF7B9FC51
:105020000020FBF7B6FC0020FBF7B3FCB820FBF731
:10503000A7FC0320FBF7ADFC0120FBF7AAFCBA207C
:10504000FBF79EFC0120FBF7A4FC6420FCF70BF9A6
:105050000020FCF734F901203B4908604FF6FF704F
:10506000FCF71CFB21B000BD2DE9FC4F05460E46A8
:1050700017469846DDF82C90002001903148808832
:1050800046F60401884229D12E488079012825D18D
:10509000AB4635462B480088C01B401E86B24746AB
:1050A00028480088A0EB0B00401E1FFA80F8002063
:1050B000244988712A2048812B20888143463A461A
:1050C00031462846CDF80090FFF7CEFF01201D495C
:1050D00088712B2048812A2088811DE0781B401C84
:1050E00080B20190344615E021462846FBF792FC39
:1050F000FBF773FC4FF0000A07E04FF0D840A0F830
:1051000080900AF101001FFA80FA01988245F4DBD1
:10511000601C84B24445E7DDBDE8FC8F2DE9F84F03
:1051200007460D4690469946DDF828B0A8EB0700E3
:10513000401C1FFA80FAA9EB0500401C80B20090C9
:10514000002418E070000020BC824042281981B27F
:105150003846FBF75FFCFBF740FC002607E004FB4A
:105160000A603BF81000F8490880701C86B256456A
:10517000F5DB601C84B200988442E7DBBDE8F88F61
:105180002DE9FF4F84B081468A46002003900290AB
:105190000698A0EB09050798A0EB0A06CDF8049045
:1051A000CDF800A0002D01DD012705E00DB9002795
:1051B00002E04FF0FF376D42002E02DD4FF0010894
:1051C00006E016B94FF0000802E04FF0FF387642D3
:1051D000B54201DD2C4600E034464FF0000B21E0E3
:1051E000009A91B2019A90B2FBF76DFF03982844A0
:1051F00003900298304402900398A04205DD039882
:10520000001B03900198384401900298A04205DDEC
:105210000298001B02900098404400900BF101009E
:105220001FFA80FB601C8345DADD08B0BDE8F08F13
:10523000F0B504460D4616461F462B463246294613
:105240002046FFF79DFF3B46224629462046FFF7B2
:1052500097FF3B46324639462046FFF791FF3B46D3
:10526000324629463046FFF78BFFF0BD2DE9F0436B
:1052700006460F469046002445460320A0EB480909
:105280003CE07A1B91B2321990B2FBF71CFF3A1B3B
:1052900091B2721990B2FBF716FF3A1991B27219D6
:1052A00090B2FBF710FF7A1991B2321990B2FBF766
:1052B0000AFF7A1991B2321B90B2FBF704FF3A1938
:1052C00091B2721B90B2FBF7FEFE7A1B91B2321BB9
:1052D00090B2FBF7F8FE3A1B91B2721B90B2FBF74B
:1052E000F2FE641CB9F1000F03DAA000801D8144B6
:1052F00004E0601B80000A3081446D1EAC42C0DDBA
:10530000BDE8F0832DE9F84F80460E4617461C464F
:10531000B3462046E31704EB5373DB1021464FEAF4
:10532000E47C04EB5C7C4FEAEC0CA4EBCC0CBCF111
:10533000000F02D04FF0010C01E04FF0000C63446D
:10534000224604EBD27C4FEA6C0C03FB0CF3DBB27D
:105350000093A7F12000C7B2002556E00C2C07D11E
:1053600007EB4700794901EB800010F8059013E046
:10537000102C05D1764800EB071010F805900BE0D3
:10538000182C07D107EBC700724901EB800010F819
:10539000059001E0BDE8F88F4FF0000A2FE009F01A
:1053A000800030B16C48028831464046FBF799FED8
:1053B00007E00A9828B96948028831464046FBF759
:1053C00090FE4FEA49604FEA1069701C86B264484B
:1053D0004088B04200DCDDE7A6EB0B00A0420AD11A
:1053E0005E4608F101001FFA80F85D4800884045DC
:1053F00000DCCFE706E00AF1010000F0FF0ABAF195
:10540000080FCCDB00BF681CC5B200988542A5DB45
:1054100000BFBFE710B50246012000E050430B1E5D
:10542000A1F10104E1B2F9D110BD2DE9FF4F81B026
:10543000074691461E460E9D4FF0000A002439E0B3
:10544000301B401EC1B20A20FFF7E4FFB9FBF0F0A9
:105450000A21B0FBF1F201FB1208BAF1000F16D1DC
:10546000701EA04213DDB8F1000F0ED10020AB4634
:1054700005EBDB71491001FB0471009088B22B46EB
:1054800020220299FFF73EFF12E04FF0010A0020B0
:10549000AB4605EBDB71491001FB0471009088B24B
:1054A00008F13001CAB22B460299FFF72BFF00BF6B
:1054B000601CC4B2B442C3DB05B0BDE8F08F2DE977
:1054C000FF4F82B0064692461F46DDE90F48002096
:1054D000019000255CE0781B401EC1B20A20FFF756
:1054E00099FFBAFBF0F00A21B0FBF1F201FB1209BF
:1054F000019840BB781EA84236DDB9F1000F31D1CA
:1055000008F0800078B108F00100A34604EBDB71DD
:10551000491001FB0561009088B2234630220399AF
:10552000FFF7F0FE0EE008F00100A34604EBDB718C
:10553000491001FB0561009088B22346202203999F
:10554000FFF7E0FE22E00FE08000006C629D0008A3
:10555000D6A10008C6A700081400002016000020ED
:10556000700000200120019008F00100A34604EB28
:10557000DB71491001FB0561009088B209F130012F
:10558000CAB223460399FFF7BDFE00BF681CC5B22F
:10559000BD42A0DB06B0BDE8F08F2DE9F847044618
:1055A0000D4690469946DDE9096704F0FF0A08EBCD
:1055B00004001FFA80F809EB05001FFA80F916E0D5
:1055C000444502DB5446A81985B24D4500DB14E082
:1055D000002000903A78334629462046FFF792FE95
:1055E000304606EBD07104EB61018CB27F1C387839
:1055F0007E2802DC38782028E2DA00BFBDE8F88790
:105600001CB50121112003F041F91C20009000205D
:105610008DF8040003208DF8050001208DF80700A7
:105620006946354802F0B0FB0120009002208DF859
:1056300007006946314802F0A7FB1CBD10B50446BF
:1056400014B101202E4908702D480078002837D069
:105650001021294802F0FAFB78B10821264802F00F
:10566000F5FB50B10421244802F0F0FB28B10121E0
:10567000224802F0EBFB012822D10A2002F0A8F90F
:1056800000201F49087010211B4802F0DFFB08B9F9
:10569000012010BD0821184802F0D8FB08B90220EB
:1056A000F7E70421144802F0D1FB08B90320F0E722
:1056B0000121124802F0CAFB01281BD10420E8E7AF
:1056C00010210D4802F0C2FB012813D108210A481D
:1056D00002F0BCFB01280DD10421074802F0B6FB03
:1056E000012807D10121054802F0B0FB10B90120C3
:1056F000034908700020CCE700100240000002407F
:10570000180000201CB50121022003F0BFF84FF45F
:105710004070009001208DF8040000208DF80600F4
:1057200003208DF8050001208DF80700694689489F
:1057300002F02AFB0120884908608849C1F8A402C8
:105740001CBD10B58348006820F4402081490860E2
:105750000846006840F48020086001207E49091D49
:1057600008607E49C1F8A002042002F0E9F8002098
:105770007949091D0860042002F0E2F80020774909
:10578000C1F8A00210BD10B57248006820F4402096
:10579000704908600846006840F4802008600020D6
:1057A0006D4908606D49C1F8A402042002F0C8F8F0
:1057B0000120694908606949C1F8A402042002F087
:1057C000BFF810BD10B500246248006820F44020E6
:1057D0006049086008460068086001205E49091DAC
:1057E000086002F0ADF801205C49C1F8A00202F0A7
:1057F000A7F807E0601CC4B2FA2C03DDFFF7C3FF73
:10580000012010BD54487C3800680028F2D152496C
:10581000086000BFF5E710B500204F4908604D480B
:10582000006820F440204B4908600846006840F4B6
:105830008020086000204949C1F8A402022002F03B
:105840007FF8012044490860022002F079F8002026
:105850004249C1F8A00210BD10B500203E490860C1
:105860003C48006820F440203A4908600846006837
:1058700040F48020086001203849C1F8A4020220C9
:1058800002F05EF8012034490860022002F058F866
:1058900000203249C1F8A00210BD70B504462D4861
:1058A000006820F440202B4908600846006840F456
:1058B00080200860002028490860002517E0E009E2
:1058C0002549091D08606006040E022002F038F820
:1058D00001202249C1F8A002022002F031F8002084
:1058E0001D490860022002F02BF8681CC5B2082D83
:1058F000E5DB70BD70B5054600241648006820F44D
:10590000402014490860084600680860002616E038
:10591000002011490860022002F012F801200F490E
:10592000C1F8A0026006040E0B487C38006808B17C
:10593000601CC4B2012002F003F8701CC6B2082E2D
:10594000E6DB15B9FFF788FF01E0FFF764FF2046AB
:1059500070BD000000040240A0824042008040422E
:1059600010B5FFF7CFFE10BD70B504460026FFF757
:10597000E8FE2546E11704EB11610912A02202EBB3
:105980004101C8B2FFF789FFFFF71CFFE11704EBE5
:1059900011610912A4EB0121C8B2FFF77EFFFFF7E6
:1059A00011FFFFF7CEFEA120FFF777FFFFF70AFFF9
:1059B0000020FFF79FFF0646FFF7E5FE304670BD6B
:1059C00070B504460E46FFF7BCFE2546E11704EB12
:1059D00011610912A02202EB4101C8B2FFF75DFF7D
:1059E000FFF7F0FEE11704EB11610912A4EB0121AE
:1059F000C8B2FFF752FFFFF7E5FE3046FFF74DFF55
:105A0000FFF7E0FEFFF7BFFE0A2001F0E1FF70BDE7
:105A10002DE9F04105460E461746002409E0E20054
:105A200026FA02F2D1B22A1990B2FFF7C9FF601C20
:105A3000C4B2BC42F3DBBDE8F0812DE9F04107467A
:105A40000C460026002509E036023919491B491E7B
:105A500088B2FFF789FF0644681CC5B2A542F3DB94
:105A60003046BDE8F08110B5FF20FFF77DFF04460A
:105A7000552C01D1002010BD5521FF20FFF7A0FFBC
:105A8000FF20FFF771FF0446552C01D10020F2E7FB
:105A90000120F0E770B506460C46154608E0304692
:105AA000721C96B2FFF760FF04F8010B681E85B206
:105AB000002DF4D170BD70B505460C46164606E0C3
:105AC00021782846FFF77CFF681C85B2641C301ED5
:105AD000A6F101018EB2F3D170BD000010B5022015
:105AE00001F02EFF10BD1CB50121222002F0CEFED8
:105AF000012000908DF8040000208DF806000120A0
:105B00008DF807006946844802F03EF94FF40060C2
:105B1000009001208DF804006946804802F034F9B5
:105B20001CBD10B57D48006820F440007B4908602A
:105B30000846006840F48000086001207849086049
:105B40007849C1F880021E2001F0FAFE0020744955
:105B50000860FFF7C3FF00207249C1F8800210BD42
:105B600010B56E48006820F440006C490860084693
:105B7000006840F48000086001206B4908601E2026
:105B800001F0DEFE00206949C1F8AC02FFF7A6FF74
:105B900001206349086010BD10B500245F4800680B
:105BA00020F440005D490860084600680860012054
:105BB0005B4908605B49C1F88002FFF78FFF09E08D
:105BC000601CC4B2FA2C03DDFFF7CAFF012010BD30
:105BD000FFF784FF5248803800680028F0D152490E
:105BE000086000BFF3E710B500204F4908604B483C
:105BF000006820F44000494908600846006840F405
:105C000080000860FFF76AFF00204849C1F8AC0235
:105C1000FFF764FF012044490860FFF75FFF0020A1
:105C20004049C1F8800210BD10B500203E4908600F
:105C30003A48006820F44000384908600846006887
:105C400040F480000860FFF749FF01203749C1F8A0
:105C5000AC02FFF743FF012033490860FFF73EFF26
:105C600000203049C1F8800210BD70B504462B48B1
:105C7000006820F44000294908600846006840F4A4
:105C800080000860002028490860FFF727FF0025F2
:105C900011E0E009224908606006040E0120214954
:105CA000C1F88002FFF71AFF00201F490860FFF7C4
:105CB00015FF681CC5B2082DEBDB70BD70B505463D
:105CC00000241648006820F4400014490860084683
:105CD000006808601E2001F033FE002612E000205C
:105CE00011490860FFF7FAFE01200E49C1F8800251
:105CF0006006040E0A488038006808B1601CC4B20F
:105D0000701CC6B2082EEADB15B9FFF78DFF01E063
:105D1000FFF769FF204670BD0004024000140240F6
:105D2000AC82424200804042808240420080424237
:105D30002DE9F04104460E4617464FF00008FFF7E4
:105D4000F0FE2820FFF791FFFFF726FF2012FFF754
:105D50008CFFFFF721FFE0B2FFF787FFFFF71CFF83
:105D600000250BE0705DFFF780FFFFF715FF804611
:105D7000B8F1000F00D003E0681CC5B2BD42F1DBF2
:105D800000BFFFF7EDFE4046BDE8F08138B505469F
:105D9000002400208DF800008DF8015000BF09E0BC
:105DA0009DF80000E149095D0844C0B28DF800008B
:105DB000601CC4B2B82CF3D39DF80000C043401C53
:105DC000C0B28DF80000B822D84948F24700FFF76A
:105DD000AFFF0222694648F2FF00FFF7A9FF00204B
:105DE00038BD2DE9F04105460F461646FFF799FEEE
:105DF0002820FFF73AFFFFF7CFFE2812FFF735FF05
:105E0000FFF7CAFEE8B2FFF730FFFFF7C5FEFFF766
:105E100088FE2920FFF729FFFFF7BEFE00240BE0D4
:105E2000711EA14201D0012100E000210846FFF7C8
:105E300045FF3855601CC4B2B442F1DBFFF790FE59
:105E4000BDE8F0811FB50121062002F01FFD0220F0
:105E5000009000208DF804008DF8060003208DF8D6
:105E6000050001208DF807006946B14801F08CFF5C
:105E70004FF40050009001208DF804006946AD48B1
:105E800001F082FFFFF72FFE0020AB4908600A20D7
:105E900001F09EFD0120A949C1F8B4020A2001F0D9
:105EA00097FD0220009001208DF8040000208DF85D
:105EB000070069469E4801F067FF642001F088FDF5
:105EC000042202A948F24010FFF78BFF00208DF852
:105ED0000C0002A99AA003F059F89CA102A803F0B3
:105EE00027F948BB02208DF80800012202A948F2D8
:105EF0004000FFF71DFF012202A948F24700FFF70B
:105F000070FF9DF80800602807DA9DF8081091A03E
:105F100003F03CF80120FFF739FF0A2001F058FD9B
:105F200000208DF80800012202A948F24000FFF786
:105F3000FFFE002004B010BD0120FBE771B583B067
:105F40000024002688480078401C874908700846CD
:105F500000780A2190FBF1F201FB120018B182488F
:105F600000780A287EDA012203A948F24E10FFF7D2
:105F700038FF9DF80C0000F0800068B19DF80C001F
:105F800000F00F00062807DA00200190012201A985
:105F900048F24E10FFF7CCFE9DF80C0000F00F0009
:105FA00000285FD09DF80C0000F00F000628D9DA19
:105FB0009DF80C0000F00F01FF208840C0B2019056
:105FC0006A4890F820509DF80400C043C0B240F0E9
:105FD000C000664981F82000084681898182C18A13
:105FE000C183002446E0614890F820000121A140CF
:105FF000084020B35E4931F81400042202A9FFF7DB
:10600000F0FE5A4890F8300000F00100C0B19DF851
:1060100008009DF8091000EB012081B253481630AA
:1060200020F814109DF80A009DF80B1000EB0120D9
:10603000C0F5487081B24D480C3020F8141017E0BC
:106040009DF808009DF8091000EB012081B2474837
:106050000C3020F814109DF80A009DF80B1000EB8E
:10606000012000E036E081B24048163020F81410DC
:10607000601CC4B2052CB6DB01263C4880893D4932
:106080000988884205DC3948C08A3A4949888842EB
:106090001DDD9DF80C0000F00F0001280ADD3348DB
:1060A000C089324988810846008BC88200202E4969
:1060B00008700FE02D48808A2C4988810846C08BE3
:1060C000C88280200390084680F8205002E000201B
:1060D000254908709DF80C0000F08F0080281AD127
:1060E000224890F8200000F0800040B11F4890F84E
:1060F000200020F080001D4981F820000BE04FF6C1
:10610000FF701A498881C882084690F8200000F084
:10611000E00081F8200014480078F02802DD0A2011
:1061200011490870304604B070BD000022B5000867
:106130000004024000080240B40241420000414213
:106140004354502049443A25730D0A0039313437FD
:106150000000000044656661756C74205665723AF3
:1061600025640D0A00000000190000201C0000201A
:10617000DAB50008700000202DE9F04104460E4613
:1061800017464FF00008FFF7CCFCB220FFF76DFD7B
:10619000FFF702FD2012FFF768FDFFF7FDFCE0B2FC
:1061A000FFF763FDFFF7F8FC00250BE0705DFFF7DC
:1061B0005CFDFFF7F1FC8046B8F1000F00D003E072
:1061C000681CC5B2BD42F1DB00BFFFF7C9FC404609
:1061D000BDE8F0812DE9F04105460F461646FFF770
:1061E000A0FCB220FFF741FDFFF7D6FC2812FFF715
:1061F0003CFDFFF7D1FCE8B2FFF737FDFFF7CCFC21
:10620000FFF78FFCB320FFF730FDFFF7C5FC00243C
:106210000BE0711EA14201D0012100E000210846DF
:10622000FFF74CFD3855601CC4B2B442F1DBFFF7F8
:1062300097FCBDE8F08138B50446002000900CB111
:1062400080200090012269464FF45060FFF794FFD0
:1062500038BD0EB5002002900121062002F016FB89
:106260000220009000208DF804008DF80600032025
:106270008DF8050001208DF807006946904801F06F
:1062800083FD4FF40050009001208DF80400694612
:106290008C4801F079FDFFF726FC00208A49086050
:1062A000642001F095FB01208849C1F8B402642004
:1062B00001F08EFB0120FFF7BEFF012202A94FF47F
:1062C0005060FFF787FF9DF8081081A002F05EFE86
:1062D0009DF80800802801D100200EBD0120FCE7B8
:1062E00031B52DED068B82B0002400257B48007867
:1062F000401C7A490870084600780A2190FBF1F2A8
:1063000001FB120018B1754800780A287EDA0122D4
:1063100008A90020FFF75EFF9DF8200000F01F0095
:10632000002873D09DF8200000F01F0040F0C0004E
:106330006B4981F82000002486E0694890F820002D
:106340000121A140084000287CD0664931F81400A2
:10635000042201A9FFF73EFF614890F8300000F0E9
:106360000100D0B39DF807109DF8062001EB022034
:1063700003F01FF941EC190B9FED5B0B53EC102B55
:1063800003F07EF941EC180B03F0E6F881B25448B3
:10639000163020F814109DF805109DF8042001EB2C
:1063A000022003F006F941EC1A0B9FED510B53EC60
:1063B000102B03F065F941EC190B9FED4F0B53ECDB
:1063C000102B03F091FA41EC180B03F0C5F881B2E1
:1063D00043480C3020F8141034E0FFE79DF8071014
:1063E0009DF8062001EB022003F0E3F841EC190BC5
:1063F0009FED3D0B53EC102B03F042F941EC180BD1
:1064000003F0AAF881B236480C3000E02BE020F807
:1064100014109DF805109DF8042001EB022003F0F4
:10642000C8F841EC190B9FED320B53EC102B03F025
:1064300027F941EC180B03F08FF881B22848163089
:1064400020F81410601CC4B2052CFFF676AF0125AD
:106450002348808920B92248C08A08B900200890C2
:1064600000201E4908709DF8200000F01F00D0B9E0
:106470001B4890F8200000F0800040B1184890F8C8
:10648000200020F08000164981F820000BE04FF634
:10649000FF7013498881C882084690F8200000F0F8
:1064A000E00081F820000D480078F02802DD0A2085
:1064B0000A490870284602B0BDEC068B38BD0000C2
:1064C0000004024000080240B40241420000414280
:1064D0004354502049443A25780D0A001A00002000
:1064E0001C000020E4B500087B14AE47E17AD43FDD
:1064F000D881734694F6D23F000000000000894026
:106500002DE9F04105460E4617464FF00008FFF70B
:1065100008FB7020FFF7A9FBFFF73EFBE8B2FFF78F
:10652000A4FBFFF739FB00240BE0305DFFF79DFB78
:10653000FFF732FB8046B8F1000F00D003E0601C8B
:10654000C4B2BC42F1DB00BFFFF70AFB4046BDE826
:10655000F0812DE9F04106460F461546FFF7E1FAB6
:106560007020FFF782FBFFF717FBF0B2FFF77DFB10
:10657000FFF712FBFFF7D5FA7120FFF776FBFFF765
:106580000BFB00240BE0691EA14201D0012100E0B9
:1065900000210846FFF792FB3855601CC4B2AC429C
:1065A000F1DBFFF7DDFABDE8F0810EB50121062031
:1065B00002F06CF90220009000208DF804008DF8A4
:1065C000060003208DF8050001208DF807006946BC
:1065D0008C4801F0D9FB4FF40050009001208DF859
:1065E00004006946884801F0CFFBFFF77CFA0020E1
:1065F00086490860142001F0EBF901208449C1F8B4
:10660000B402322001F0E4F900208DF808000122E4
:1066100002A9FFF775FF012202A9A420FFF770FF6E
:1066200016208DF80800012202A98020FFF768FFDC
:106630000C208DF80800012202A98820FFF760FFD6
:10664000022202A9A120FFF784FF9DF8080030284C
:106650000ED19DF8090003280AD19DF809009DF884
:10666000082000EB02216BA002F090FC00200EBD80
:106670000120FCE771B581B000240026684800784D
:10668000401C67490870084600780A2190FBF1F227
:1066900001FB120018B1624800780A2867DA01226B
:1066A00001A90220FFF755FF9DF8040000F00F003C
:1066B00000287ED09DF8040000F00F00062878DA4C
:1066C0009DF8040000F00F01FF208840C5B2E843A8
:1066D000C0B240F0C000534981F8200000245AE0C5
:1066E000504890F820000121A1400840F0B34E49E5
:1066F00031F8140004226946FFF72BFF494890F84F
:10670000300000F00100C0B19DF801009DF80010BC
:1067100001F00F0100EB01204249163121F814006D
:106720009DF803009DF8021001F00F0100EB01211C
:106730003C480C3020F814101DE09DF801009DF835
:10674000001001F00F0100EB0120C0F5F07081B2E4
:1067500034480C3020F814109DF803009DF8021006
:1067600001F00F0100EB01212E4801E011E020E0D3
:10677000163020F814109DF8000000F0F00080287A
:1067800007D000212748163020F814100A3820F8C6
:106790001410601CC4B2052CA2DB0126214880899C
:1067A00020B92048C08A08B90020019000201C4967
:1067B00008709DF8040000F01F00D0B9194890F847
:1067C000200000F0800040B1164890F8200020F032
:1067D0008000144981F820000BE04FF6FF7011494A
:1067E0008881C882084690F8200000F0E00081F817
:1067F00020000B480078F02802DD0A2008490870C4
:1068000030467CBD0004024000080240B402414210
:10681000000041424354502049443A25780D0A0073
:106820001B0000201C000020EEB5000870B50446D7
:10683000002500BF17E004F0800018B10120FE49D8
:10684000086002E00020FC4908606006040E002099
:10685000FA490860012001F073F80120F849C1F8F5
:106860008002681CC5B2082DE5DB70BD70B5064618
:10687000002500240020F1490860F249C1F8AC026B
:10688000F14908603046FFF7D1FF062001F058F8C3
:106890000020EB49C1F88002012001F051F80120ED
:1068A000E649086001F04CF80020E549C1F8800293
:1068B00000BF15E04FF6FF7000EA44040020DF49F6
:1068C0000860012001F03CF80120DD49C1F8800298
:1068D000DA487838006808B1601C84B2681CC5B218
:1068E000102DE7DB24110120D7490860204670BD38
:1068F0002DE9FE4380460027002406E04046FFF7CE
:10690000B5FF2DF81400601C84B2052CF6DB0024C2
:1069100016E0601C85B20FE03DF814003DF815103C
:10692000884207DD3DF814603DF815002DF814008D
:106930002DF81560681C85B2052DEDDB601C84B256
:10694000042CE6DB0027012405E03DF81400384460
:1069500087B2601C84B2042CF7DB032097FBF0F0B5
:1069600086B23046BDE8FE832DE9F04104460D466F
:10697000B6480078FFF7BCFF0646B5480078FFF739
:10698000B7FF074626802F800120BDE8F0817FB544
:1069900004460D4602A903A8FFF7E6FF064616B90E
:1069A000002004B070BD694601A8FFF7DDFF064670
:1069B0000EB90020F5E7BDF80400BDF80C108842C0
:1069C00006DCBDF80C10BDF80400323081420CDB4F
:1069D000BDF80C00BDF80410884236DCBDF8041088
:1069E000BDF80C00323081422FDABDF80000BDF84E
:1069F0000810884206DCBDF80810BDF800003230EF
:106A000081420CDBBDF80800BDF8001088421CDC98
:106A1000BDF80010BDF808003230814215DABDF82B
:106A20000C10BDF80420881800EBD071C1F34F01A1
:106A30002180BDF80810BDF80020881800EBD07147
:106A4000C1F34F0129800120ABE70020A9E770B511
:106A500004460D4616467F48068004F10D018AB2B1
:106A6000193988B22B462946FEF78AFB05F10D003D
:106A700083B2193881B222462046FEF781FB6A1C98
:106A800091B2621C90B2FAF71EFB6A1C91B2621EB0
:106A900090B2FAF718FB6A1E91B2621C90B2FAF734
:106AA00012FB6A1E91B2621E90B2FAF70CFB06222C
:106AB00029462046FEF7DAFB70BD70B504460D4648
:106AC00016466448068029462046FAF7FCFA611CFF
:106AD00088B22946FAF7F7FA681C81B22046FAF71D
:106AE000F2FA6A1C91B2621C90B2FAF7ECFA70BD2D
:106AF00010B5044651487C38006800284ED12CB1AE
:106B00005549A1F10A00FFF742FF35E05249A1F1D2
:106B10000A00FFF73CFF78B34F481638B0F92C0055
:106B200000EE100AB8EEC00A4B48163890ED091A6C
:106B3000808900EE900AF8EE600A01EE200ABCEEB1
:106B4000C00A10EE100A4449163988810846B0F987
:106B50002E0000EE100AB8EEC00A084690ED0A1AA0
:106B6000C08A00EE900AF8EE600A01EE200ABCEE40
:106B7000C00A10EE100AC8823748163890F8200074
:106B800000F0800038BBC0203349163981F820005E
:106B9000084681898182C18AC1831CE02E4816384B
:106BA00090F8200000F0800050B12B48163890F883
:106BB000200020F080002849163981F820000AE0E2
:106BC0000021254816388182C1834FF6FF70224983
:106BD00016398881C8822048163890F8200000F0C5
:106BE000800010BD10B51C48163890ED090ADFED85
:106BF0001B0A20EE200ABDEEC00A10EE104A042245
:106C000021462820FEF704FF1348163890ED0A0AA3
:106C1000DFED120A20EE200ABDEEC00A10EE104A87
:106C2000042221462C20FEF7F3FE0B481638B0F95B
:106C30002C100222302013E0AC824242808240427B
:106C40000080404200804242B40241425000002095
:106C500051000020140000203200002020BCBE4C57
:106C6000FEF7D6FEFE48B0F92E1002223220FEF7C3
:106C7000CFFEFB4890F830103420FEF7A1FE0A2426
:106C800021463520FEF79CFE10BD10B53520FEF7DD
:106C90006BFE04460A2C46D104212820FEF7CDFEC7
:106CA000044600EE104AB8EEC00A5FED140A80EE0A
:106CB000201AEB4880ED091A04212C20FEF7BDFEB6
:106CC000044600EE104AB8EEC00A5FED1C0A80EEE2
:106CD000201AE34880ED0A1A02213020FEF7ADFEAB
:106CE00000B2DF49888502213220FEF7A6FE00B2FD
:106CF000DB49C8853420FEF737FED94981F83000DA
:106D0000084690F8300030B19020D6490870D02065
:106D1000D549087005E0D020D24908709020D249AA
:106D20000870012010BD0020FCE72DE9FC5F04463F
:106D30000D4617461E46DDE90EABDDE90C894FF422
:106D40007840CA490880CAA01021CDE90010C9487E
:106D500043880288A0212820FEF71FFCC6A010212E
:106D6000CDE90010C34843880288A0217820FEF7AF
:106D700014FCC2A01021CDE90010BE48438802884F
:106D8000B4212820FEF709FCBDA01021CDE9001098
:106D9000B84843880288B4217820FEF7FEFBB9A0EA
:106DA0001021CDE90010B34843880288C82128206B
:106DB000FEF7F3FBB4A01021CDE90010AD484388E5
:106DC0000288C8217820FEF7E8FBB0A01021CDE9A9
:106DD0000010A84843880288DC212820FEF7DDFB4C
:106DE000ABA01021CDE90010A24843880288DC2125
:106DF0007820FEF7D2FBA7A01021CDE900109D4816
:106E000043880288F0212820FEF7C7FB10200423C6
:106E10002246A02100904020FEF707FB102004230B
:106E20002A46A02100909020FEF7FFFA10200423AC
:106E30003A46B42100904020FEF7F7FA10200423D0
:106E40003246B42100909020FEF7EFFA1020042380
:106E50004246C82100904020FEF7E7FA10200423A4
:106E60004A46C82100909020FEF7DFFA1020042344
:106E70005246DC2100904020FEF7D7FA1020042370
:106E80005A46DC2100909020FEF7CFFA1020032311
:106E90000090F0216020109AFEF7C7FABDE8FC9F31
:106EA00000B597B0002012900B9012901F216F48F0
:106EB00001804FF6FF71794801800846FAF7EEFB32
:106EC0004FF47841694801804FF6FF70FAF7E6FB0E
:106ED0000020664908807248006810216423A022BF
:106EE000CDE9001028210846FEF757FB4FF4784201
:106EF00014210846FFF7ABFD0020594981F8200016
:106F00009FED680A084680ED090A53E2544840683C
:106F10000A9001200A998847514890F8200000F013
:106F2000C00040286FD100200B904D4890F8200001
:106F300020F040004A4981F820000846818913AAC0
:106F4000129822F820104648C18A129802EB80005D
:106F500041801298401CC0B212901298012806D0AD
:106F6000022815D0032829D0042810D141E04FF67B
:106F7000FF7214210846FFF76AFD3E480088143866
:106F800080B24FF4784214210A90FFF760FDEBE3E2
:106F900038480088143880B24FF6FF7214210A90E6
:106FA000FFF755FD33484088143880B24FF47842DB
:106FB00001460A901420FFF74AFDD5E32D4840888A
:106FC000143880B24FF6FF7201460A901420FFF782
:106FD0003EFD28484088143880B20A902548008831
:106FE000143880B24FF4784209900A99FFF72FFDC8
:106FF000BAE3BDF84C10BDF85000081A0A900028FA
:1070000002DB0A9802E0B0E30A9840420F90BDF814
:107010004E1013A8C088081A0A90002801DB0A98AD
:1070200001E00A9840420E900F9840430F900E984E
:1070300040430E90DDE90E100844059002F0D0FAAE
:10704000CDE906019DED060B02F094F98DED080BDC
:107050009DED080B51EC100B02F07EFA80B223E09C
:107060001C000020500000205100002014000020CF
:1070700078313A007000002079313A0078323A00D5
:1070800079323A0078333A0079333A0078343A006A
:1070900079343A006661632069733A001600002073
:1070A000F8B50008000000001190BDF85400BDF8CC
:1070B0005810401A0A90002801DB0A9801E00A984B
:1070C00040420F9013A84189C089081A0A900028ED
:1070D00001DB0A9801E00A9840420E900F98404365
:1070E0000F900E9840430E90DDE90E100844059075
:1070F00002F076FACDE906019DED060B02F03AF9B1
:107100008DED080B9DED080B51EC100B02F024FAED
:1071100080B210909DED110AF8EE400A9DED100A24
:10712000B8EE401A80EE810A8DED0A0A0A9802F044
:107130009DFDCDE90C019FEDFE0B53EC102B9DED59
:107140000C0B51EC100B02F05FFA0ED39FEDFA0B13
:1071500053EC102B9DED0C0B51EC100B02F08EFB41
:1071600003D3119808B11098F0BB00201290F44896
:107170004088143880B20A90F1480088143880B2F0
:107180004FF6FF7209900A99FFF761FC4FF47842BD
:1071900014210846FFF75BFC9FEDEA0B53EC102B24
:1071A0009DED0C0B51EC100B02F06AFACDE90801D1
:1071B0009DED080B51EC100B02F0CEF980B213A933
:1071C0000A90C989BDF8582013AB5B89CDE901321B
:1071D000CDE90310BDF85400009013A8C0880990B1
:1071E000BDF85000089000E00AE0BDF84E0007909E
:1071F000BDF84C00069007A90EC9FFF796FDC3E243
:10720000BDF84C10BDF85400081A0A90002801DBA4
:107210000A9801E00A9840420F90BDF84E1013A85A
:107220004089081A0A90002801DB0A9801E00A98B0
:1072300040420E900F9840430F900E9840430E909E
:10724000DDE90E100844059002F0CAF9CDE9060107
:107250009DED060B02F08EF88DED080B9DED080BF1
:1072600051EC100B02F078F980B21190BDF850107B
:10727000BDF85800081A0A90002801DB0A9801E0BE
:107280000A9840420F9013A8C188C089081A0A9032
:10729000002801DB0A9801E00A9840420E900F98FE
:1072A00040430F900E9840430E90DDE90E100844C5
:1072B000059002F095F9CDE906019DED060B02F06F
:1072C00059F88DED080B9DED080B51EC100B02F0F9
:1072D00043F980B210909DED110AF8EE400A9DED41
:1072E000100AB8EE401A80EE810A8DED0A0A0A985B
:1072F00002F0BCFCCDE90C019FED8D0B53EC102B83
:107300009DED0C0B51EC100B02F07EF90AD39FEDB2
:107310008A0B53EC102B9DED0C0B51EC100B02F073
:10732000ADFA48D20020129085484088143880B2C7
:107330000A9083480088143880B24FF6FF72099093
:107340000A99FFF784FB4FF4784214210846FFF7AF
:107350007EFB9FED7C0B53EC102B9DED0C0B51EC49
:10736000100B02F08DF9CDE908019DED080B51ECF1
:10737000100B02F0F1F880B213A90A90C989BDF888
:10738000582013AB5B89CDE90132CDE90310BDF87C
:107390005400009013A8C0880990BDF850000890D0
:1073A000BDF84E000790BDF84C00069007A90EC925
:1073B000FFF7BBFCE8E1BDF85000BDF85410401ADF
:1073C0000A90002801DB0A9801E00A9840420F90D9
:1073D00013A8C1884089081A0A90002801DB0A987E
:1073E00001E00A9840420E900F9840430F900E988B
:1073F00040430E90DDE90E100844059002F0F0F8CD
:10740000CDE906019DED060B01F0B4FF8DED080BF3
:107410009DED080B51EC100B02F09EF880B211901C
:10742000BDF84C00BDF85810401A0A90002801DB46
:107430000A9801E00A9840420F90BDF84E1013A838
:10744000C089081A0A90002801DB0A9801E00A980E
:1074500040420E900F9840430F900E9840430E907C
:10746000DDE90E100844059002F0BAF8CDE90601F6
:107470009DED060B01F07EFF8DED080B9DED080BD9
:1074800051EC100B02F068F880B210909DED110ADB
:10749000F8EE400A9DED100AB8EE401A80EE810A1F
:1074A0008DED0A0A0A9802F0E1FBCDE90C019FED8F
:1074B000200B53EC102B9DED0C0B51EC100B02F03C
:1074C000A3F80AD39FED1C0B53EC102B9DED0C0B76
:1074D00051EC100B02F0D2F958D20020129018484B
:1074E0004088143880B20A9015480088143880B259
:1074F0004FF6FF7209900A99FFF7A9FA4FF4784204
:1075000014210846FFF7A3FA9FED0E0B53EC102B46
:107510009DED0C0B51EC100B02F0B2F8CDE9080117
:107520009DED080B51EC100B02F016F880B20DE047
:10753000666666666666EE3FCDCCCCCCCCCCF03FC2
:1075400070000020000000000000594001460A9031
:1075500013A8C289BDF8580013AB5B89CDE901308F
:10756000CDE90321BDF85400009013A8C08809900C
:10757000BDF850000890BDF84E000790BDF84C00D3
:10758000069007A90EC9FFF7D0FBFDE0BDF850003B
:10759000BDF84C10401A00EE100AF8EEC00AC548BB
:1075A0000088283800EE100AB8EEC00A80EE201AD3
:1075B000C14880ED091ABDF85000BDF84C100844D0
:1075C00000EE100AF8EEC00ABA48008800EE100A71
:1075D000B8EE400AB84890ED091A01EE600AF0EEE4
:1075E000000A80EE201ABDEEC10A10EE100A01B2A8
:1075F000B148818513A84089BDF84E10401A00EEAD
:10760000100AF8EEC00AAB484088283800EE100A8D
:10761000B8EEC00A80EE201AA74880ED0A1A13A817
:107620004089BDF84E10084400EE100AF8EEC00A7A
:10763000A048408800EE100AB8EE400A9E4890ED3F
:107640000A1A01EE600AF0EE000A80EE201ABDEE82
:10765000C10A10EE100A00B29749C885084690ED9D
:10766000090ABDEEC00A8DED090A0998002801DB60
:10767000099801E00998404202280FDC8E4890EDFD
:107680000A0ABDEEC00A8DED0A0A0A98002801DB3D
:107690000A9801E00A984042022842DD0020129038
:1076A00084484088143880B20A9082480088143890
:1076B00080B24FF6FF7209900A99FFF7C8F94FF4AC
:1076C000784214210846FFF7C2F97CA01021CDE9C9
:1076D0000010784840880A90764800880990024651
:1076E0001A2128200A9BFDF758FF734890F83000B4
:1076F00008B9012000E000206F4981F830000846F9
:1077000090F8300030B1902071490870D021714854
:10771000017005E0D0216E48017090206D4908701D
:1077200032E01F216C4801804FF6FF70F9F7B6FF79
:107730006AA01021CDE900105E4840880A905D489B
:107740000088099002466E2123200A9BFDF725FF41
:107750004FF47A7000F03CF9FFF744FA4FF6FF70EF
:10776000F9F79CFF17B000BD00BF0A2000F030F908
:107770000B98401C80B20B900B98B0F57A7F02DD1D
:10778000FFF783FA02E000BFFFF7C0BB00BF00BFF6
:10779000E8E71CB54748808845F21051884220D15F
:1077A000FEF750FB18B953484349486004E0FEF720
:1077B00050FD5148404948603F4890F8300040F043
:1077C00080003D4981F83000084690F83000394982
:1077D000897901F001010843374981F83000002020
:1077E0001CBD3448808841F66311884218D1FEF7E9
:1077F000DCFE424830494860084690F8300040F0CE
:10780000800081F83000084690F8300029498979D5
:1078100001F001010843284981F830000020DFE72A
:107820000121262001F032F80620009000208DF87A
:1078300004008DF8060003208DF8050001208DF866
:10784000070069462E4800F09FFA012000908DF84D
:10785000040069462A4800F097FA4FF4005000905F
:1078600001208DF804006946264800F08DFA4FF497
:107870000060009001208DF804006946224800F065
:1078800083FA0D491631A1F10A00FFF76DF8FEF7F2
:1078900067F8FFF7FAF908B10020A1E74FF6FF708B
:1078A000F9F7FCFEFFF7FCFAFFF79CF9FFF7EDF99B
:1078B000012095E7700000201C0000205450204E4D
:1078C00065656420726561646A75737421000000E7
:1078D000500000205100002014000020546F7563F8
:1078E000682053637265656E2041646A7573742005
:1078F0004F4B21003D5F0008E162000875660008FB
:1079000000040240000802400014024010B5044682
:107910006FF0040000F094F9E11704EB5171C1F32A
:10792000C701394A11701046007800EB4001C1EBE5
:10793000C0104FF6FF7101EAC0003449088010BD45
:107940000146314A12784A434FF0E0235A6100223F
:107950009A611A46126942F001021A6100BF4FF0A3
:10796000E022106900F001021AB100F48032002A0E
:10797000F5D04FF0E022126922F001024FF0E0232F
:107980001A6100229A6170470146204A12884A43D0
:107990004FF0E0235A6100229A611A46126942F0C0
:1079A00001021A6100BF4FF0E022106900F00102ED
:1079B0001AB100F48032002AF5D04FF0E0221269AB
:1079C00022F001024FF0E0231A6100229A61704711
:1079D00070B504464FF4077094FBF0F0C6B24FF454
:1079E000077094FBF0F100FB114085B205E04FF405
:1079F0000770FFF7C9FF701EC6B2002EF7D115B190
:107A00002846FFF7C1FF70BD52000020540000203F
:107A1000014600BF704700BF4C4A128802F0400286
:107A2000002AF9D0C2B2494B9A80704710B588B08D
:107A300004460121084600F029FF0121102000F032
:107A40007FFF07220921424800F029FA07220A2174
:107A50003F4800F024FA4FF4C060069002208DF8F1
:107A60001C008DF81D0000208DF81E0001208DF8EF
:107A70001F0006A9364800F087F902940020ADF8EF
:107A80000C00ADF80E00ADF81000ADF814000C209D
:107A9000ADF8120002A92D4801F0B3F801212B48DE
:107AA00001F037F9012240F22551284801F0E7F9A9
:107AB00025208DF8040003208DF805008DF80600C0
:107AC00001208DF8070001A800F06DF808B010BD86
:107AD00010B540F225511D4801F00CFA10B31B48B7
:107AE00001F046F9C4B21B48008800F40040C8B950
:107AF0001848008800F4804060B10A2C03D00020B0
:107B00001449088020E01348008840F400401149DF
:107B1000088019E00D2C06D10E48008840F4804002
:107B20000C49088010E00B480088C0F30D000A499A
:107B30000C5408480088401C064908800846008804
:107B4000C72801DD0020088010BD000000100140A2
:107B5000000002405C0000207E00002009488047B1
:107B600009480047FEE7FEE7FEE7FEE7FEE7FEE71F
:107B7000FEE7FEE7FEE7FEE704480549054A064B37
:107B8000704700000D08000889010008A8010020C6
:107B9000A8070020A8030020A803002032490143C1
:107BA000324A1160704770B5002100230F22C4785B
:107BB0001CB32E4C246804F4E064C4F5E064C4F300
:107BC0000721C1F10404E3B20A4144789C40E1B2C8
:107BD0008478144021430C07210E254C057861550B
:107BE000047804F01F050124AC4005786D11AD0048
:107BF00005F1E025C5F8004109E0047804F01F050F
:107C00000124AC401B4D0678761145F8264070BD26
:107C1000194A0A400243154B1B1F1A60704739B1BD
:107C2000124A121D12680243104B1B1D1A6006E017
:107C30000E4A121D126882430C4B1B1D1A607047BE
:107C4000042808D14FF0E021096941F004014FF008
:107C5000E022116107E04FF0E021096921F0040101
:107C60004FF0E022116170470000FA050CED00E0D2
:107C700000E400E080E100E080FFFF1F10B5044653
:107C80009848844208D10121084600F06AFE00218C
:107C9000012000F066FE76E09348844208D101217D
:107CA000022000F05EFE0021022000F05AFE6AE091
:107CB0008E48844208D10121042000F052FE0021A8
:107CC000042000F04EFE5EE08948844208D1012184
:107CD000082000F046FE0021082000F042FE52E09D
:107CE0008448844208D10121102000F03AFE00218E
:107CF000102000F036FE46E07F48844208D1012182
:107D0000202000F02EFE0021202000F02AFE3AE084
:107D10007A48844208D10121402000F022FE00214F
:107D2000402000F01EFE2EE07548844208D101215B
:107D3000802000F016FE0021802000F012FE22E0DC
:107D40007048844208D10121801500F00AFE00210C
:107D5000A01500F006FE16E06B48844208D1012110
:107D6000401500F0FEFD0021601500F0FAFD0AE06C
:107D70006648844207D10121001500F0F2FD002180
:107D8000201500F0EEFD10BDF0B50A4600210023DD
:107D9000002400BF3DE0012505FA01F3156805EA5E
:107DA00003049C4234D105684F000326BE40B5430E
:107DB000056015794E00B5400668354305601579B4
:107DC000012D02D01579022D16D185684F000326AA
:107DD000BE40B543856055794E00B5408668354351
:107DE0008560456801268E40B543456045689679B3
:107DF0008E40B6B235434560C5684F000326BE408D
:107E0000B543C560D5794E00B540C6683543C560F9
:107E1000491C1029BFD3F0BD4FF6FF71016000214E
:107E2000017141718171C171704708B54FF48032A1
:107E30000092009A0A430092009AC261C161009ABE
:107E4000C261C2690092C269009208BD0246002068
:107E500013690B400BB1012000E000207047014680
:107E6000086980B270470246002053690B400BB18D
:107E7000012000E0002070470146486980B2704749
:107E800001837047418370470AB1018300E0418359
:107E900070474161704742694A4042617047F0B59E
:107EA000002300244D07ED0E02FA05F3CE1000F179
:107EB000200555F826504E07F70E0F26BE40B54355
:107EC000CF1000F1200646F82750CE1000F1200513
:107ED00055F8265045EA0304CE1000F1200545F878
:107EE0002640F0BD000002400004024000080240AD
:107EF000000C024000100240001402400018024032
:107F0000001C0240002002400024024000280240E1
:107F100030B943F2DB028100A1F1C0410A6005E003
:107F200043F2D2028100A1F1C0410A606FF07042B9
:107F3000411C8900A1F1C0410A608100A1F1C0414A
:107F4000C1F804217047D0E901121143C2681143FE
:107F5000026911434269114382691143C2691143A5
:107F6000026A1143426A1143826A1143C26A114391
:107F7000026B114302689200A2F1C0421160816855
:107F800008290BD101688900A1F1C041096841F0BD
:107F9000400201688900A1F1C0410A60416B096893
:107FA000426B526841EA0211426B926841EA022137
:107FB000426B928941EA0241426B128A41EA0251C4
:107FC000426B127D41EA0261426B92691143026881
:107FD000521C9200A2F1C0421160C16AB1F5804FFB
:107FE0001BD1816B0968826B526841EA0211826B76
:107FF000926841EA0221826B128A41EA0251826B45
:10800000127D41EA0261826B92691143026892001B
:10801000A2F1C042C2F8041107E06FF0704201689B
:108020008900A1F1C041C1F804217047002101601D
:108030000221416000218160C16001614161816173
:10804000C16101624FF480514162490081620021A7
:10805000C1620163F84941638163704751B1820095
:10806000A2F1C042126842F001038200A2F1C042B4
:10807000136009E08200A2F1C0421268EF4B1A407F
:108080008300A3F1C0431A60704710280AD1182159
:108090004FF020421166402151664FF0FC3191664D
:1080A000D16610E01821E64A116040214FF02042CD
:1080B000C2F884104FF0FC31E14A083211604FF0F1
:1080C0002042C2F88C10704730B5002100220023F6
:1080D000446844F0080485682C43C5682C4305694E
:1080E0002C43456944EA4524856944EA4531C4691D
:1080F0002468C5696D6844EA0524C5692D8944EA88
:108100000544C5692D7B44EA0562046A2468056A52
:108110006D6844EA0524056A2D8944EA0544056A28
:108120002D7B44EA05630468102C05D14FF02044F0
:108130002166A266E36608E0C14C21604FF020444E
:10814000C4F88820BE4C0C34236030BD102101607F
:10815000002141608160C160016141618161FC2158
:10816000C2691160C2695160C2699160C269D1601F
:10817000026A1160026A5160026A9160026AD1600B
:10818000704799B1102808D14FF02042126E42F08A
:1081900004024FF020431A661DE0A94A126842F01B
:1081A00004024FF02043C3F8802014E0102809D1C6
:1081B0004FF02042126EA14BDB1E1A404FF02043BD
:1081C0001A6608E09E4A12689C4BDB1E1A404FF06C
:1081D0002043C3F88020704799B1102808D14FF090
:1081E0002042126E42F040024FF020431A661DE01A
:1081F000934A126842F040024FF02043C3F88020B7
:1082000014E0102809D14FF02042126E8B4B3F3BF7
:108210001A404FF020431A6608E0894A1268874BDB
:108220003F3B1A404FF02043C3F88020704701467F
:108230000020102903D14FF02042506F02E0804A05
:1082400014321068704718207D49203108600020E2
:108250000906C1F8A4004FF0FC30794928310860C4
:10826000091D0860091D08607047016841F0100190
:10827000426841EA4221826841EA4231704A203232
:108280001160C1680968C268526841EA0221C26887
:10829000128941EA0241C268127B41EA0261684ADE
:1082A00028321160016909680269526841EA0221B5
:1082B0000269128941EA02410269127B41EA0261C4
:1082C0005F4A2C321160416909684269526841EA8B
:1082D00002214269128941EA02414269127B41EA64
:1082E00002614FF02042C2F8B010704700210160D7
:1082F00041608160FC21C2681160C2685160C2683F
:108300009160C268D16002691160026951600269BE
:1083100091600269D16042691160426951604269AD
:1083200091604269D160704748B145492031096880
:1083300041F004014FF02042C2F8A01009E040498A
:10834000203109683D4AD21E11404FF02042C2F848
:10835000A010704710B5F2B1102807D14FF020439C
:108360005B6E0B434FF02044636632E0B0F5807FD4
:1083700008D1334B1B1D1B680B434FF02044C4F83E
:10838000843026E02E4B24331B680B434FF02044EF
:10839000C4F8A4301DE0102807D14FF020435B6ED5
:1083A0008B434FF02044636613E0B0F5807F08D123
:1083B000234B1B1D1B688B434FF02044C4F88430B3
:1083C00007E01F4B24331B688B434FF02044C4F855
:1083D000A43010BD10B5024600200023102A03D19E
:1083E0004FF02044636E09E0B2F5807F03D1144C56
:1083F000241D236802E0124C2434236803EA01049C
:108400000CB1012000E0002010BD102807D14FF072
:108410002042526E8A434FF020435A6619E0B0F56D
:10842000807F0FD1064A121D12688A434FF0204305
:10843000C3F884200DE00000FCB50008FEFF0F002B
:10844000800000A0234A12688A434FF02043C3F8FB
:10845000A420704770B502460020002300240025A8
:10846000102A03D14FF02046736E08E0B2F5807FEA
:1084700003D1184E203E336801E0164E336803EAFC
:10848000010403EAD10514B10DB1012000E0002080
:1084900070BD102808D14FF02042526E22EAD1025E
:1084A0004FF020435A6614E0B0F5807F09D1094AA5
:1084B000203A126822EAD1024FF02043C3F8842008
:1084C00007E0044A126822EAD1024FF02043C3F8C1
:1084D000A4207047A40000A0F948006840F0010003
:1084E000F74908600020F64908310860F448006840
:1084F000F4490840F2490860F348091D0860F34850
:10850000EF4984310860F0481038091D0860EC48D4
:10851000006820F48020EA4908600020E8490C3116
:108520000860E7498C31086070470021E44A921CDA
:10853000117011460870704710B5014600220023E3
:1085400000204A11012A02D1DD4C236808E0022AEA
:1085500003D1DB4C7034236802E0D94C74342368B7
:1085600001F01F02012494401C400CB1012000E0E6
:10857000002010BD38B5002000900024002500BF69
:108580003120FFF7D9FF05460098401C0090009865
:10859000B0F5A04F01D0002DF2D03120FFF7CCFF75
:1085A00008B1012400E00024204638BD0146002027
:1085B000C34A106820F0F80040EAC100106070471C
:1085C000C349086070470021BD4A703211701170B4
:1085D000012802D004280AD104E00121B84A7032EF
:1085E000117005E00521B64A7032117000E000BF3D
:1085F00000BF7047B7490860704770B5049C41EAF6
:1086000082150126C6EB530645EA0645054345EAB1
:108610000465AB4E361D356070BDAD4908667047C8
:10862000820142EA0172A64B84331A607047A8495E
:108630008866704710B5830143EA016343EA027319
:108640009F4C8834236010BDA14908677047A0493A
:10865000C864704702460020994B0833186820F020
:10866000EC6042EA01031843954B083318607047E9
:1086700002460020924B0833186820F0784042EA06
:10868000010318438E4B08331860704701460020E1
:108690008B4A0832106820F00300084310607047CE
:1086A00087480830006800F00C0070470146002041
:1086B000834A0832106820F0F000084310607047C9
:1086C000014600207E4A0832106820F4E05008433A
:1086D0001060704701460020794A0832106820F483
:1086E000604040EAC10010607047F0B500210022F0
:1086F0000024022500260223714F08373F6807F047
:108700000C0121B1042905D0082937D105E0724FA9
:10871000076036E0714F076033E0694F3F1D3F68E7
:10872000C7F38056664F3F1D3F6807F03F036EB1A9
:108730006A4FB7FBF3F7DFF888C10CF1040CDCF8E3
:1087400000C0CCF3881C07FB0CF40CE0624FB7FBB5
:10875000F3F7DFF86CC10CF1040CDCF800C0CCF3CB
:10876000881C07FB0CF4564F3F1D3F68C7F30147B9
:108770007F1C7D00B4FBF5F7076002E0564F0760F1
:1087800000BF00BF4E4F08373F6807F0F0010909EE
:10879000534F7A5C0768D7404760494F08373F68B6
:1087A00007F4E051890A4E4F7A5C4768D7408760EA
:1087B000434F08373F6807F46041490B484F7A5CE4
:1087C0004768D740C760F0BD002100F44072B2F5A1
:1087D000407F0AD13A4A0832116821F4F811414A1F
:1087E00002401143364A08321160354A703212682D
:1087F000C0F30B031A43324B70331A60704735498C
:108800004439086070473349403908607047364939
:108810000860704701460020294A8C32106820F019
:108820001F004A1E1043264A8C32106070470146D2
:108830000020234A8C32106820F4F8504A1E40EA87
:1088400002201F4A8C3210607047014600201C4AEB
:108850008C32106820F440100843106070470146C5
:108860000020174A8C32106820F440000843106042
:10887000704701460020124A8C32106820F44030C4
:1088800008431060704719490860704739B10C4AB5
:108890003032126802430A4B30331A6006E0084A4D
:1088A000303212688243064B30331A607047F9B198
:1088B000034A343212680243014B34331A601CE01D
:1088C00000380240FFFFF6EA10300024003000209C
:1088D00000004742800E47420024F40000127A0054
:1088E0005E000020FFFCFF0F5C014742E0114742A1
:1088F0008F4A126882438E4B1A60704739B18C4A96
:10890000121D126802438A4B1B1D1A6006E0884A3A
:10891000121D12688243864B1B1D1A60704739B1C5
:10892000834A0C3212680243814B0C331A6006E012
:108930007F4A0C32126882437D4B0C331A607047B9
:1089400039B17B4A103212680243794B10331A60F6
:1089500006E0774A103212688243754B10331A6072
:10896000704739B1724A243A12680243704B243B73
:108970001A6006E06E4A243A126882436C4B243B2C
:108980001A60704739B16A4A203A12680243684B4C
:10899000203B1A6006E0664A203A12688243644B24
:1089A000203B1A60704739B1614A1C3A1268024391
:1089B0005F4B1C3B1A6006E05D4A1C3A126882431A
:1089C0005B4B1C3B1A60704739B1594A143A126824
:1089D0000243574B143B1A6006E0554A143A12689A
:1089E0008243534B143B1A60704739B1504A103AD6
:1089F000126802434E4B103B1A6006E04C4A103A94
:108A0000126882434A4B103B1A60704739B1484A9A
:108A10001C3212680243464B1C331A6006E0444A7B
:108A20001C3212688243424B1C331A60704739B1C2
:108A30003F4A2032126802433D4B20331A6006E061
:108A40003B4A203212688243394B20331A60704708
:108A500039B1374A243212680243354B24331A6045
:108A600006E0334A243212688243314B24331A60C1
:108A7000704739B12E4A2C32126802432C4B2C33EA
:108A80001A6006E02A4A2C3212688243284B2C33A3
:108A90001A60704739B1264A303212680243244BBB
:108AA00030331A6006E0224A303212688243204B8B
:108AB00030331A607047012808D11D493C310968DC
:108AC00041F008011A4A3C32116007E018493C3174
:108AD000096821F00801164A3C321160704739B12B
:108AE000134A273A12780243114B273B1A7006E0CB
:108AF0000F4A273A127882430D4B273B1A70704772
:108B00000B484030006840F08070094940310860EF
:108B1000704701460020064A283A12680A400AB106
:108B2000012000E000207047014926390870704795
:108B30003438024010B50446FA48844208D1012175
:108B40001020FFF752FF00211020FFF74EFF57E0E3
:108B5000F548844209D101214804FFF735FF00217F
:108B60004FF40030FFF730FF4AE0F048844209D16B
:108B700001218804FFF728FF00214FF48020FFF730
:108B800023FF3DE0EA48844209D10121C804FFF7F0
:108B90001BFF00214FF40020FFF716FF30E0E548EF
:108BA000844209D101210805FFF70EFF00214FF48F
:108BB0008010FFF709FF23E0DF48844208D101213C
:108BC0002020FFF712FF00212020FFF70EFF17E003
:108BD000DA48844209D101218807FFF7F5FE002118
:108BE0004FF08040FFF7F0FE0AE0D548844207D1FD
:108BF00001214005FFF7E8FE00216005FFF7E4FED4
:108C000010BD2DE9FF4705460E460024A14600BFD2
:108C1000A046B08900B100BF2C8A24F44054F088EB
:108C200004432C82AC8941F20C608443B0883189C2
:108C30000843718908430443AC81AC8A24F440742E
:108C4000B0890443AC826846FFF74FFDB5488542C2
:108C500002D0B948854202D1DDF80C9001E0DDF880
:108C60000890A88900F4004040B109EBC90000EB6E
:108C7000091031684900B0FBF1F707E009EBC900C2
:108C800000EB091031688900B0FBF1F76420B7FBF5
:108C9000F0F004012009642101FB1078A88900F498
:108CA000004040B1322000EBC800B0FBF1F000F012
:108CB0000700044308E0322000EB08106421B0FBF9
:108CC000F1F000F00F0004432C81BDE8FF874FF462
:108CD0001651016000218180C18001810C214181F8
:108CE00000218181704710B502460020108A20F4CF
:108CF00070600B884C8823438C882343CC882343A3
:108D00001843108210BD0021018041808180C18004
:108D1000704721B1828942F40052828104E0828945
:108D20004DF6FF731A4082817047028B02F47F4236
:108D30000283028B0A430283704721B1828942F485
:108D40000042828103E08289C2F30E028281704771
:108D500021B1828A42F40062828204E0828A4FF268
:108D6000FF731A4082827047C1F308028280704705
:108D700001468888C0F308007047028A4FF6F073F6
:108D80001A400282028A0A430282704721B1828914
:108D900042F00202828104E082894FF6FD731A409C
:108DA0008281704782894FF2FF731A4082818289E3
:108DB0000A4382817047028A4FF6DF731A400282AB
:108DC000028A0A430282704721B1028A42F4804239
:108DD000028204E0028A4BF6FF731A400282704757
:108DE000818941F001018181704721B1828A42F07D
:108DF0000802828204E0828A4FF6F7731A40828268
:108E00007047028BD2B20283028B42EA01220283B4
:108E1000704721B1828A42F02002828204E0828A75
:108E20004FF6DF731A408282704721B1828A42F086
:108E30001002828204E0828A4FF6EF731A40828227
:108E40007047828A4FF6FB731A408282828A0A43F5
:108E50008282704721B1828A42F00202828204E05B
:108E6000828A4FF6FD731A40828270471AB1838A54
:108E70000B43838202E0838A8B4383827047F0B581
:108E80000346002400260025002040F66A17B94258
:108E900000D100BF1846C1F3421401F01F0601279C
:108EA00007FA06F5012C01D10C3004E0022C01D1A7
:108EB000103000E014301AB107682F43076002E059
:108EC0000768AF430760F0BD02460020B1F5007FA0
:108ED00000D100BF13880B400BB1012000E000203F
:108EE000704701F40072B2F5007F00D100BFCA43A1
:108EF0000280704770B50246002400230025002040
:108F000040F66A16B14200D100BFC1F3421501F02C
:108F10001F03012606FA03F3012D13D1968933406E
:108F200017E00000001001400044004000480040ED
:108F3000004C004000500040001401400078004008
:108F4000007C0040022D02D1168A334001E0968A4F
:108F500033400C12012606FA04F41688344013B18B
:108F60000CB1012000E0002070BD10B500220023EC
:108F700040F66A14A14200D100BF0A1201249440B5
:108F8000A3B2DC43048010BD704700000FB4044955
:108F900010B503AA029800F089F910BC5DF814FB23
:108FA000580000202DE9F0410E46044600202062C2
:108FB0002046E168884730B3252805D0D4E901214F
:108FC0009047206A401CF2E7E16820460027884766
:108FD000050018D0A5F14100192802D820354FF41A
:108FE00000673246294620462760F7F707F940B167
:108FF000012804D0F61D26F007060836D8E7361DEE
:10900000D6E72846DAE7206ABDE8F08170B50C465D
:109010000546012A05D02878800600D5EA69002394
:1090200002E0012305E05B1C934202D2E05C0028D1
:10903000F9D1A869E618C01AA861286A18442862FC
:109040002846AFF3008004E0D5E9012114F8010BB4
:109050009047B442F8D32846AFF3008070BD0000BB
:109060002DE9F0410646002410687529314616A501
:1090700010D0AFF30080002802DA404213A507E0C9
:1090800031688A0701D512A502E0490704D511A568
:10909000012401E0AFF3008000210A2206F1240739
:1090A00009E0B0FBF2FCB0FBF2F302FB1C00303035
:1090B00078541846491C0028F3D123462A463046E6
:1090C000BDE8F04100F083B8000000002D00000072
:1090D0002B0000002000000070B504460D4621461C
:1090E0001068AFF300802188090502D50F4A7A4441
:1090F00002E00E4A7A440E32002104F1240305E016
:1091000000F00F060009965D5E54491C0028F7D157
:1091100020780023000704D5702D02D009B1022366
:1091200011322046BDE8704000F051B826250000FD
:109130004FF0013C50F8042B51F8043B9A4221D1E6
:10914000A2EB0C03934313EACC1317D150F8042B72
:1091500051F8043B9A4215D1A2EB0C03934313EA56
:10916000CC130BD150F8042B51F8043B9A4209D18F
:10917000A2EB0C03934313EACC13DBD04FF00000B7
:10918000704700BFD01A01BAB1FA81F101F018019D
:1091900022FA01F0CB40C1F12001DBB2C0B2C01A0B
:1091A0002CFA01F3D11A914311EAC311E6D17047A9
:1091B000704770477047704710B500F089F8006835
:1091C00010BD10B5044600F083F8046010BD2DE911
:1091D000F0470D4699469246044600F1240801687E
:1091E000880604D5E06921F01001216000E001202B
:1091F000A84201DD471B00E00027A1697A1902EBB4
:109200000900081AA0612078C00602D42046AFF3F6
:109210000080002608E0D4E901211AF806009047F2
:10922000206A401C761C20624E45F4DB2078C00684
:109230000AD52046AFF3008006E0D4E901213020B2
:109240009047206A401C2062381EA7F10107F4DC19
:1092500007E0D4E9012118F805009047206A401C76
:109260002062281EA5F10105F3DC2046AFF3008043
:109270002078000602D50220BDE8F0870120FBE738
:1092800010B5436913B1AFF3008001E0FFF7BEFEF4
:10929000012010BD127800F124010A7000224A70EA
:1092A0000122EDE711684FF0FF32E9E7074B70B597
:1092B0000D467B4400F015F80446284600F024F8DB
:1092C00010B14FF0FF3070BD204670BD61E7FFFF69
:1092D000004870474801002001694A1C0261087873
:1092E000704700B58FB0CDE90131002105910549E6
:1092F0007944CDE9031011466846FFF753FE0FB0DD
:1093000000BD0000E5FFFFFF007B00F0800070471C
:1093100000487047480100207546FFF7F9FFAE4648
:1093200005006946534620F00700854618B020B571
:10933000FEF722FCBDE820404FF000064FF000078A
:109340004FF000084FF0000B21F00701AC46ACE8ED
:10935000C009ACE8C009ACE8C009ACE8C0098D465A
:10936000704710B50446AFF300802046BDE81040BA
:10937000F6F75EBF00B52DED048BB0EE409AF0EE2F
:10938000609A83B051EC190B00F0BAFA41EC180B5B
:1093900018EE100A18EE901A8DED008B002818BFF9
:1093A0000120084320F00040C0F17F6000F1E04060
:1093B000C00F14D019EE101A19EE900A8DED009B13
:1093C000002918BF0121084320F00040C0F17F6050
:1093D00000F1E040C00F04BF0120FFF7F2FEB0EE45
:1093E000480A03B0F0EE680ABDEC048B00BD000033
:1093F00010B591EA030F48BF83F0004300F1548396
:10940000841A71EB030C05D2121943EB0C03001BF9
:1094100061EB0C01DFF824E14FEA1154A4EB135C7B
:109420001EEA430F18BF9EEA445F73D023EA0E037F
:10943000DCF1200E21EA045143F4801332D322FAE6
:109440000CFE10EB0E0023FA0CFE41EB0E01CCF1EA
:10945000200E03FA0EFE10EB0E0051F10001B1F5E3
:10946000801FCCF1200E32D201EB045112FA0EF221
:10947000BDE8104058BF7047401C38BF5FEA420249
:1094800018BF7047002814BF20F0010041F100010F
:109490004FEA410313F5001F38BF7047A1F1C041E7
:1094A00000F0E6B9012A43EB0302ACF1200CDCF139
:1094B0001F0E32BF4FF0000E23FA0CF310EB030027
:1094C00041EB0451B4EB115FD0D0A1EB045101F595
:1094D000801149085FEA300001EB04510ED350F1CE
:1094E000000038BF12FA0EFE08D1BDE81040C9E7EF
:1094F000401C38BF5FEA4202CAD1C3E7BDE8104052
:109500004FEA410313F5001F38BF7047A1F1C04176
:1095100000F0AEB99EEA445F08D011EA5E0FBDE8E4
:10952000104004BF01F0004100207047BDE810402A
:1095300070B500F04FF900BF64FBBE3E0000E0FFD5
:10954000491058BFC1F140415B1058BFC3F14043BF
:109550008B42EFF3008070474FEA1153A3F580630D
:10956000D3F11E03A8BFD3F1200C08DB4FF000425B
:1095700042EAC12252EA505232FA03F070470942DD
:109580000BD4102BC4BF0020704703F5787CBCF1CE
:10959000FF3F05D04FF0FF3070474FF0000070479D
:1095A00070B500F017F900BF499224800020704781
:1095B000F0E710F0004248BF4042B0FA80F310FAE2
:1095C00003F10AD0C3F11D0303F580634FEA415054
:1095D00002EB035202EBD12170474FF000007047BD
:1095E000B0FA80F310FA03F10AD0C3F11D0303F5BA
:1095F00080634FEA41504FEA035202EBD12170479A
:109600004FF000007047000051EA030C17D41CF51E
:10961000801F58BFBCF5801F00F10680994218BF1B
:10962000704708BF9042704707D711F5801F58BF99
:1096300013F5801F19D499427047894270471CF571
:10964000801F08D5BCF5801FF7D58B4218BF704727
:1096500008BF824270474FF4001C1CEB410F38BF1B
:109660001CEB430F01D28B42704770B500F0B2F88B
:10967000922449004FF000514FF08053FFF760BF34
:10968000DFF848C170B51CEA111E1EBF1CEA131595
:109690009EEA0C0F95EA0C0F00F06F8081EA03043C
:1096A00023EA4C134EEAD47E21EA4C1141F4801196
:1096B00043F48013AE44A1FB024CA0FB0365AEF162
:1096C0007F7E361955EB0C05A1FB034C4CF10003D2
:1096D000A0FB021C16EB0C06654153F10003094286
:1096E00018BF46F0010613F4007F0BD14FEA033197
:1096F0004FEA0530340341EA155140EA16506FF045
:1097000003020AE04FEAC3214FEAC520F40241EA0E
:10971000555140EA56506FF0020202EB2E4201EB27
:10972000025585EACE710AD05FEA440C18BF24F0D6
:10973000004450F1000041F1000120EAD47040F2F1
:10974000FE7C624500D270BDA84214BF4FF0804439
:109750004FF04044002E08BF0024BEF1806FA8BF28
:10976000A1F1C041BDE8704080F282804FF000005E
:1097700001F1C04101F0004170479EEA0C0F0CEA74
:10978000131518BF95EA0C0F06D04FF0000081EAC0
:10979000030E0EF0004170BD00F01CF88900013E80
:1097A00000F007B800F009B84FEA430C5FEA5C5CD0
:1097B00008D081EA030100F05BB84FEA410C5FEA90
:1097C0005C5CF6D14FF00000014970470000FF07D4
:1097D0000000F87F0EF1020E2EF0030E5EF8046B0F
:1097E000364205D4012A43EB030515F5001F12D8B4
:1097F000012841EB010C1CF5001F0CD80ED14FEADB
:10980000D17C15F5001F0CEB4C0C0CF1020C08BFC1
:109810004CEBD37C04E04FF0080C01E04FEAD37C22
:109820000CEB4C0526FA05F606F00706B6F1040C1B
:1098300006D20EEB860CBDE870404CF0010C604780
:10984000DFE80CF0090B02024FF000414FF000007E
:10985000A1F5002170BD19461046012851EB010405
:1098600018BFD4F5001484BF002001F0004170BD82
:109870000808A0F500114FEA3101704753EA010CC6
:1098800017D41CF5801F58BFBCF5801F00F106805F
:109890008B4218BF704708BF8242704707D713F545
:1098A000801F58BF11F5801F19D48B4270479B420F
:1098B00070471CF5801F08D5BCF5801FF7D599426D
:1098C00018BF704708BF904270474FF4001C1CEB54
:1098D000430F38BF1CEB410F01D2994270470FB4C0
:1098E0000CBC03BCFFF7C1BE91EA030F10B581F0B9
:1098F00000413FF585AD83F0004300F0D5B800008E
:109900002DE9F04101F5801CBCF5001FC0F2A980D3
:109910004FEA115C21EA0C510CF1FD0C41F480116D
:109920005FEA5C0C0CF5C07C01D34000494130A4D7
:10993000890241EA905187028E0E0A0CA45D04FB55
:1099400004F602FB06F6C6F14046A4FB0662F60DDD
:1099500046EA422606FB06F4A4FB01235242C3F169
:10996000404338BF5B1EA6FB02420024E6FB0324F3
:10997000D20B42EA4446A6FB0623A1FB02E2A3FB6C
:1099800007E4E3FB61426442C2F1404E38BFAEF1EE
:10999000010EA6FB04234FF00002E6FB0E32A2FBF1
:1099A00003463400E2FB6264A1FB06E6A4FB07E881
:1099B000E4FB61687642C8F1405838BFA8F101085D
:1099C000A2FB06E4A3FB08E5E2FB6854A1FB05E665
:1099D000A7FB04E8E1FB648618F1200556F10006B8
:1099E000A809A8F11B08B10908F03F08B8F10A0F4F
:1099F00040EA86601CD901EB0C51BDE8F08100BF44
:109A0000FCF5EEE8E2DDD8D3CFCBC7C3C0BDB9B615
:109A1000B4B1AEACA9A7A5A3A19F9D9B9A9896951A
:109A20009392908F8D8C8B898887868584838281A1
:109A3000A0FB006800FB01F208EB4208B8EB8728A6
:109A400007D5341858EB0104D5D5401C51F100015D
:109A5000D1E7341A78EB0104CDD4401E71F1000136
:109A6000C9E75FEA4C0C5FEA9C5C0DD105D34FF06F
:109A7000000001F00041BDE8F081BDE8F04170B5A3
:109A8000FFF7A8FE6DDBFFBEBDE8F0414FF0000020
:109A9000004970470000F87F10B591EA030F48BFF6
:109AA00083F000433FF5ACAC841A71EB030C07D292
:109AB00012198CF0004C43EB0C03001B61EB0C0102
:109AC000DFF8A4E14FEA1154A4EB135C1EEA430F44
:109AD00018BF9EEA445F00F0B08023EA6E03524252
:109AE00021EA0451C3EB6E0338BF5B1EDCF1200E8C
:109AF00025D322FA0CFE10EB0E0043FA0CFE41EBCC
:109B00000E01CCF1200E03FA0EFE10EB0E0051F107
:109B10000001CCF1200E29D412FA0EF201EB04510F
:109B2000BDE8104058BF7047401C1CBFB2F1004F49
:109B3000704700280CBF491C20F00100704712EB51
:109B4000020E43EB030218BF4FF0010E4EEA420231
:109B5000ACF1200CDCF11E0E54D943FA0CFE10EBD4
:109B60000E0051F1FF31CCF11E0ED5D50EF1010ED4
:109B700012FA0EFE404141EB010101EB445C5FEA49
:109B80005C5C10D910EBDE7001EB045138BFBEF104
:109B9000004FBDE8104018BF704700280CBF491C9B
:109BA00020F00100704730D24FEAD42C11F500119B
:109BB00024F400641BD0B1FA81F20B3AA41AA41E5B
:109BC000D2F12003914030FA03F31943904001EBA6
:109BD000CC71002C01EB0451BDE81040A8BF7047C8
:109BE00001F1C0414FF0000001F000417047B0FAB0
:109BF00080F310FA03F100D110BDE41A173C4805B8
:109C0000C90AE4E701EB045110BD491001EB04510E
:109C1000BDE810404FEA300002E04FF0000170470D
:109C20004A0008BF0042F8D0B2F5001F28BF7047B5
:109C300001F000414FF0000070479EEA445F07D0FA
:109C400011EA5E0FBDE8104004BF002100207047FC
:109C5000BDE8104070B5FFF7BDFD00BF40DFF63E28
:109C600083F00041104670470000E0FF43004FEAD8
:109C7000D30C4FEA3C0C43401FBF40070CF160512E
:109C800013F0FE4F70471CF0006F03D100200CF062
:109C9000004170470CF0004343EA507010B540EAB1
:109CA000CC0000F00EF800BF000000924FEA000167
:109CB000FFF7DEBD4FF000414FF00000A1F500219D
:109CC00070470EF1020E2EF0030E5EF8044B244294
:109CD00004D44FEA4102B2F17F4F11D84FEA40035A
:109CE000B3F17F4F0CD80ED14FEAD07CB2F17F4F49
:109CF0000CEB4C0C0CF1020C08BF4CEBD17C04E0DB
:109D00004FF0080C01E04FEAD17C0CEB4C0324FA35
:109D100003F404F00704B4F1040C06D20EEB840C37
:109D2000BDE810404CF0010C6047DFE80CF007087C
:109D300002024FF00040A0F5800010BD084642002E
:109D400018BFD2F1807288BF00F0004010BD4FF004
:109D50004070E1EE100A704700F8E0071F0040BCB9
:109D6000E0FF000000000000000000000000000014
:109D700000003F40000000000000000030004000F4
:109D800030004000000009000BC03D000BC03D004A
:109D9000090018C024407FE02240318000001800F4
:109DA00024C01B000D803240018003801C402740EE
:109DB0001C80074000401000600000000000000010
:109DC00000000000000000001F8020404020000034
:109DD000402020401F8000000000090006001F8076
:109DE000060009000000040004003F800400040095
:109DF00000000010006000000000000000000400EF
:109E00000400040004000400000000000040000002
:109E1000000000000000002001C0060038004000E3
:109E200000001F802040204020401F8000000000D4
:109E300010403FC000400000000018C021402240F8
:109E400024401840000010802040244024401B8003
:109E5000000002000D0011003FC0014000003C80E6
:109E6000244024402440238000001F8024402440BC
:109E70003440038000003000200027C0380020005C
:109E800000001B802440244024401B8000001C0054
:109E900022C0224022401F80000000000000084035
:109EA000000000000000000000000460000000004E
:109EB0000000000004000A0011002080404009005A
:109EC000090009000900090000000000404020804E
:109ED00011000A000400180020002340240018008C
:109EE00000001F802040274029401F400000004004
:109EF00007C039000F0001C0004020403FC024408F
:109F000024401B8000001F802040204020403080E3
:109F1000000020403FC0204020401F800000204023
:109F20003FC024402E4030C0000020403FC02440AD
:109F30002E00300000000F001080204022403380AF
:109F4000020020403FC0040004003FC020402040E9
:109F500020403FC020402040000000602020202002
:109F60003FC02000200020403FC024400B0030C0F4
:109F7000204020403FC020400040004000C03FC083
:109F80003C0003C03C003FC0000020403FC00C40EC
:109F900023003FC020001F802040204020401F8021
:109FA000000020403FC024402400180000001F8013
:109FB0002140214020E01FA0000020403FC024405D
:109FC000260019C0004018C024402440224031809F
:109FD0000000300020403FC0204030000000200042
:109FE0003F80004000403F80200020003E0001C034
:109FF000070038002000380007C03C0007C03800C8
:10A000000000204039C0060039C020400000200078
:10A01000384007C0384020000000304021C02640B2
:10A02000384020C00000000000007FE040204020B9
:10A030000000000070000C000380004000000000E1
:10A04000402040207FE00000000000002000400091
:10A050002000000000000010001000100010001090
:10A0600000100000000040000000000000000000A0
:10A0700002800540054003C0004020003FC004406E
:10A0800004400380000000000380044004400640B8
:10A09000000000000380044024403FC00040000056
:10A0A00003800540054003400000000004401FC03D
:10A0B000244024402000000002E0055005500650D6
:10A0C000042020403FC00440040003C000400000C2
:10A0D000044027C0004000000000001000100410E1
:10A0E00027E00000000020403FC00140070004C0FE
:10A0F0000440204020403FC000400040000007C016
:10A10000040007C0040003C00000044007C004406E
:10A11000040003C0004000000380044004400380AA
:10A120000000041007F00450044003800000000009
:10A1300003800440045007F00010044007C00240B0
:10A14000040004000000000006400540054004C073
:10A150000000000004001F800440004000000400D4
:10A1600007800040044007C000400400070004C00E
:10A17000018006000400060001C0070001C00600BF
:10A180000000044006C0010006C0044000000410A6
:10A19000071004E00180060004000000044005C030
:10A1A0000640044000000000000004007BE0402066
:10A1B0000000000000000000FFF0000000000000B0
:10A1C00040207BE0040000000000400080004000D0
:10A1D00020002000400000000000000000000000FF
:10A1E0000000000000000000000000001FCC000C78
:10A1F00000000000000000000800300060000800BF
:10A20000300060000000022003FC1E20022003FC3E
:10A210001E200220000000000E1811043FFF1084D1
:10A220000C78000000000F0010840F3800C0077881
:10A2300018840078000000780F8410C411240E9850
:10A2400000E40084000808006800700000000000BE
:10A2500000000000000000000000000007E01818E7
:10A26000200440020000000040022004181807E00B
:10A270000000000000000240024001800FF0018059
:10A280000240024000000080008000800FF8008043
:10A290000080008000000001000D000E00000000A2
:10A2A00000000000000000000080008000800080AE
:10A2B0000080008000800000000C000C0000000006
:10A2C000000000000000000000060018006001808F
:10A2D000060018002000000007F008081004100411
:10A2E000080807F000000000080408041FFC000430
:10A2F00000040000000000000E0C10141024104494
:10A3000011840E0C000000000C181004110411043C
:10A3100012880C700000000000E0032004240824D0
:10A320001FFC0024000000001F9810841104110479
:10A33000108810700000000007F008881104110454
:10A3400018880070000000001C00100010FC1300B2
:10A350001C001000000000000E381144108410840E
:10A3600011440E38000000000700088C104410440F
:10A37000088807F00000000000000000030C030C38
:10A3800000000000000000000000000101060000C5
:10A3900000000000000000000080014002200410C6
:10A3A00008081004000002200220022002200220DF
:10A3B00002200220000000001004080804100220FF
:10A3C00001400080000000000E001200100C106C14
:10A3D00010800F00000003E00C1813E4142417C4CD
:10A3E000082807D000000004003C03C41C400740BC
:10A3F00000E4001C000410041FFC110411041104EB
:10A400000E880070000003E00C1810041004100403
:10A4100010081C10000010041FFC1004100410048D
:10A42000080807F0000010041FFC1104110417C4F1
:10A4300010040818000010041FFC1104110017C0BC
:10A4400010000800000003E00C1810041004104471
:10A450001C780040000010041FFC10840080008065
:10A4600010841FFC10040000100410041FFC1004D2
:10A4700010040000000000030001100110011FFE85
:10A4800010001000000010041FFC1104038014646D
:10A49000181C1004000010041FFC10040004000429
:10A4A0000004000C000010041FFC1F0000FC1F0033
:10A4B0001FFC1004000010041FFC0C04030000E04B
:10A4C00010181FFC100007F00808100410041004F6
:10A4D000080807F0000010041FFC10841080108092
:10A4E00010800F00000007F0081810241024101C22
:10A4F000080A07F2000010041FFC1104110011C02B
:10A5000011300E0C000400000E1C11041084108485
:10A5100010441C3800001800100010041FFC100428
:10A5200010001800000010001FF8100400040004C0
:10A5300010041FF8100010001E0011E0001C007035
:10A5400013801C0010001FC0103C00E01F0000E042
:10A55000103C1FC000001004180C163401C001C0CC
:10A560001634180C100410001C00130400FC130413
:10A570001C00100000000804101C10641084130458
:10A580001C04101800000000000000007FFE4002C4
:10A59000400240020000000030000C000380006018
:10A5A000001C0003000000004002400240027FFE49
:10A5B00000000000000000000000200040004000FB
:10A5C0004000200000000001000100010001000126
:10A5D00000010001000100004000400020000000D8
:10A5E0000000000000000000009801240144014424
:10A5F000014400FC000410001FFC00880104010459
:10A600000088007000000000007000880104010450
:10A6100001040088000000000070008801040104AB
:10A6200011081FFC0004000000F80144014401442B
:10A63000014400C800000000010401040FFC1104E3
:10A64000110411001800000000D601290129012978
:10A6500001C90106000010041FFC00840100010074
:10A66000010400FC000400000104190419FC0004AA
:10A6700000040000000000000003000101011901B6
:10A6800019FE0000000010041FFC0024004001B46B
:10A69000010C010400000000100410041FFC000461
:10A6A000000400000000010401FC0104010001FCA1
:10A6B0000104010000FC010401FC00840100010010
:10A6C000010400FC0004000000F80104010401047E
:10A6D000010400F80000010101FF008501040104EC
:10A6E0000088007000000000007000880104010470
:10A6F000010501FF00010104010401FC00840104C3
:10A70000010001800000000000CC0124012401248C
:10A7100001240198000000000100010007F8010475
:10A72000010400000000010001F80004000400041E
:10A73000010801FC0004010001800170000C001000
:10A7400001600180010001F0010C003001C0003007
:10A75000010C01F0010000000104018C0074017083
:10A76000018C01040000010101810171000E00183B
:10A7700001600180010000000184010C01340144EA
:10A780000184010C00000000000000000000010036
:10A790003EFC400240020000000000000000FFFFFD
:10A7A0000000000000000000400240023EFC0100EA
:10A7B00000000000000000006000800080004000F9
:10A7C0004000200020000000000000000000000009
:10A7D0000000000000000000000000000000000079
:10A7E0000000000000000000000000000000000069
:10A7F0000000000000000000000F80380FFE380F3E
:10A800008038000000000000000000000000000090
:10A81000000000000100000600000C0000380000ED
:10A820003100000600000C0000380000300000007D
:10A8300000000000000061800067F807F9800061F7
:10A84000800061800061800061800067F807F98006
:10A8500000618000000000000000000001C0E00373
:10A86000E0F00630080418081FFFFE040E080787F2
:10A87000F00381E000000000000001F000060C0081
:10A88000040408060C7001F9C0000E00003BE00053
:10A89000EC18070808040C180003E0000000000191
:10A8A000E00007F003F818041C0804170807E1D0BB
:10A8B00003C0E00023B0003C0800200800001000A6
:10A8C00000000000000100003100003200001C0008
:10A8D0000000000000000000000000000000000078
:10A8E0000000000000000000000000000000000068
:10A8F0000000000000007F0001FFC00780F00C0096
:10A9000018100004200002000000000000200002D7
:10A910001000040C00180780F001FFC0007F000049
:10A920000000000000000000000000000000000027
:10A9300000004200006600006600003C00001800B5
:10A9400003FFC0001800003C000066000066000025
:10A950004200000000000800000800000800000895
:10A960000000080001FFC000080000080000080007
:10A970000008000008000000000000010000310095
:10A98000003200001C000000000000000000000079
:10A9900000000000000000000000000000000800AF
:10A9A000000800000800000800000800000800007F
:10A9B0000800000800000800000800000000000077
:10A9C00000000000000038000038000038000000DF
:10A9D0000000000000000000000000000000000077
:10A9E000000000000000000600001C0000700001D4
:10A9F00080000E0000380000C0000700001C0000AE
:10AA0000300000000000000000007F8001FFE00334
:10AA1000807006001804000804000806001803806F
:10AA20007001FFE0007F80000000000000000000D7
:10AA300001000801000801000803FFF807FFF80003
:10AA400000080000080000080000000000000000EE
:10AA50000001C03802C0580400980401180402180C
:10AA6000040418061C1803F81801E0F800000000A0
:10AA7000000000000001C0E003C0F004000804086A
:10AA80000804080806180803F41801E7F00001E0BC
:10AA9000000000000000000000000300000D0000A6
:10AAA000110000610000810803010807FFF80FFF93
:10AAB000F80001080001080000000000000000E0AC
:10AAC00007FCD0060808061008061008061008063D
:10AAD0001838060FF00607C0000000000000000054
:10AAE00000003F8001FFE0038430020818041008D2
:10AAF000041008041008071810030FF00007C00026
:10AB0000000000000000000003C000070000060075
:10AB1000000600F80607F806180006E00007000027
:10AB200006000000000000000001E1E003F7F0066D
:10AB30003410041808041808040C08040C0806163D
:10AB40001803F3F001C1E000000000000000F8006D
:10AB500003FC300306380402080402080402080457
:10AB600004100308F001FFC0007F00000000000097
:10AB7000000000000000000000000000000070382D
:10AB80000070380070380000000000000000000075
:10AB900000000000000000000000000000000000B5
:10ABA0000000301A00301C0000000000000000000F
:10ABB000000000000000000000000000000800008D
:10ABC00014000022000041000080800100400200CB
:10ABD0002004001008000800000000000000210010
:10ABE00000210000210000210000210000210000C0
:10ABF00021000021000021000021000000000000D1
:10AC000000000000080008040010020020010040BD
:10AC100000808000410000220000140000080000B5
:10AC2000000000000003C00004C000040000080091
:10AC300038080F380808380810000C300007E0000A
:10AC400003C000000000000000003F8000FFE003A0
:10AC50008070020F1006708804C088048308047F87
:10AC60008802C09003012000FE4000000800001888
:10AC70000001F8003E0801C20007020007E20000E0
:10AC8000FE00001FC80001F80000380000080400A2
:10AC90000807FFF807FFF804080804080804080874
:10ACA00004080806180803F41801E7F00001E000A2
:10ACB0000000000000003F8001FFE0038070020000
:10ACC000180400080400080400080400100600200E
:10ACD0000780C000000004000807FFF807FFF80421
:10ACE0000008040008040008040018020010038093
:10ACF0007001FFE0007F8000000004000807FFF8FB
:10AD000007FFF804080804080804080804080804F1
:10AD10003E0804000806001801006000000004005E
:10AD20000807FFF807FFF8040808040800040800F3
:10AD3000040800043E000600000600000180000038
:10AD40000000000000003F8001FFE003807006006B
:10AD5000180400080402080402080203F00783F044
:10AD600000020000020004000807FFF807FFF804D3
:10AD70000808000800000800000800000800040897
:10AD80000807FFF807FFF8040008000000000000B3
:10AD900004000804000804000807FFF807FFF8048F
:10ADA0000008040008040008000000000000000083
:10ADB000000000060000070000010400010400017B
:10ADC00004000307FFFE07FFFC040000040000046A
:10ADD000000004000807FFF807FFF8040C0800183B
:10ADE00000003E0004C7800503C80600F8040038D0
:10ADF00004001800000804000807FFF807FFF80423
:10AE0000000800000800000800000800000800001A
:10AE10000800001800006000000004000807FFF8A8
:10AE200007800807FC00007FC00003F80007C0008F
:10AE3000780007800807FFF807FFF80400080400FF
:10AE40000807FFF807000803C00000E00000380012
:10AE5000001E000007000001C00400F007FFF80416
:10AE60000000000000007F8001FFE003807006000A
:10AE70001804000804000806001803003001FFE071
:10AE8000007F8000000004000807FFF807FFF804B7
:10AE90000408040400040400040400040400060C74
:10AEA0000003F80001F000000000000000007F80B7
:10AEB00001FFE00380700600880400880400C806D3
:10AEC000003C03003E01FFE6007F84000000040018
:10AED0000807FFF807FFF8040808040800040C003E
:10AEE000040F00040BC00610F003F03801E0080066
:10AEF000000800000001E0F803F0300630100418EC
:10AF000008041808040C08040C080206180207F0CC
:10AF10000781E0000000018000060000040000043A
:10AF2000000004000807FFF807FFF8040008040009
:10AF30000004000006000001800004000007FFE09C
:10AF400007FFF004001800000800000800000800D7
:10AF5000000800000804001007FFE00400000400DF
:10AF60000006000007E00007FE00041FE00001F8F3
:10AF70000000380001E0043E0007C00006000004A5
:10AF8000000004000007E00007FFC0041FF80007EE
:10AF9000C007F80007FF80043FF80007C004F8006E
:10AFA0000700000400000000000400080600180765
:10AFB000C07805F1C8003E00001F800463E80780E8
:10AFC000F806001804000800000004000006000055
:10AFD00007800007E008047C08001FF80007F8005D
:10AFE000180804E008070000060000040000000044
:10AFF000000100080600380400F80403E8040F0804
:10B00000047C0805F00807C0080700180400600069
:10B010000000000000000000000000000000000030
:10B02000003FFFFE2000022000022000022000025C
:10B0300020000200000000000000000008000007DF
:10B04000000000C0000038000006000001C0000041
:10B050003000000E000001000000000000000000B1
:10B060002000022000022000022000022000023FF7
:10B07000FFFE0000000000000000000000000000D3
:10B080000000000000000008000010000030000078
:10B090002000003000001000000800000000000048
:10B0A000000000000100000100000100000100009C
:10B0B000010000010000010000010000010000018A
:10B0C000000001000001000000000000000000205E
:10B0D0000000200000100000100000000000000030
:10B0E000000000000000000000000000000000F070
:10B0F0000019F8001B180022080026080024080088
:10B100002410003FF8001FF800000800001800009D
:10B110000004000007FFF80FFFF0001818001008E7
:10B12000002008002008003018001FF0000FC000A9
:10B1300000000000000007C0001FF00018300020D1
:10B1400008002008002008003C08001C10000060D7
:10B150000000000000000000000007C0001FF00019
:10B16000381800200800200800200804101007FFED
:10B17000F80FFFF0000010000000000000000000C9
:10B180000007C0001FF00012300022180022080043
:10B190002208003208001E10000E200000000000EF
:10B1A0000000200000200800200801FFF803FFF83D
:10B1B00006200804200804200807200003000000DF
:10B1C000000000000000000E000E6E001FF30031B2
:10B1D000B10020B10020B1003191001F13002E1EDC
:10B1E00000200E00300000000004000807FFF80FE8
:10B1F000FFF8001008002000002000002008003F99
:10B20000F8001FF800000800000000000000000027
:10B21000002008002008002008063FF8063FF8003C
:10B220000008000008000008000000000000000006
:10B2300000000000000003000003002001002001C6
:10B24000002003063FFE063FFC0000000000000057
:10B25000000000000004000807FFF80FFFF80001DD
:10B2600088000300002FC00038F8002038002008B4
:10B2700000000800000000000000000004000804B6
:10B28000000804000807FFF80FFFF800000800009E
:10B2900008000008000000000000002008003FF83F
:10B2A000003FF8001008002000003FF8003FF800C1
:10B2B0001008002000003FF8003FF80000080000E0
:10B2C00000002008003FF8003FF8001008001000C0
:10B2D000002000002008003FF8001FF800000800D0
:10B2E00000000000000007C0000FF0001830003020
:10B2F00008002008002008003008001830000FF077
:10B300000007C0000000000000002001003FFF0017
:10B310003FFF001011002009002008002008003025
:10B3200038001FF0000FC00000000000000007C040
:10B33000001FF00038180020080020080020090035
:10B340001011001FFF003FFF00000100000000205F
:10B3500008002008002008003FF8003FF800080817
:10B36000001008002008002000003000003000001D
:10B370000000000000000000000C78001E180033E0
:10B38000080023080021080021880021980030F0DF
:10B3900000386000000000000000200000200000D5
:10B3A000200000FFF003FFF8002008002008002024
:10B3B0000800003000000000000000000000200035
:10B3C000003FF0007FF800001800000800000800AF
:10B3D0002010003FF8007FF0000010000000000087
:10B3E00000002000003000003C00003F800023F0FF
:10B3F000000078000070002380003C000030000056
:10B400002000002000003C00003FE00023F8000086
:10B41000E0002700003E00003FE00021F80001E0CE
:10B42000003E00002000000000002008002008006E
:10B430003838003E680027800003C8002CF8003828
:10B440003800201800200800000000000000200044
:10B45000003003003C01003F830023EC000070003B
:10B460002380003C000020000020000000000000BD
:10B47000000000000038080020380020F80023E811
:10B48000002F88003E0800380800201800007000D7
:10B4900000000000000000000000000000000000AC
:10B4A000000008000014001FF7FC30000620000216
:10B4B000000000000000000000000000000000008C
:10B4C0000000000000000000FFFFFF00000000007F
:10B4D000000000000000000000000000000000006C
:10B4E0002000023000061FF7FC00140000080000D6
:10B4F000000000000000000000000000000000004C
:10B500000018000060000040000040000020000023
:10B510001000000800000400000400000C000010EF
:10B52000000060E001200305350002081E08503CC1
:10B530000F050000FF67500000181A1E1489280A22
:10B54000302EBB0A03000002331D00000000000083
:10B55000003200002A1C5A94C50207000000B51FE3
:10B5600000902800773200623F00525000520000E5
:10B5700000000000000000000000000000000000CB
:10B5800000000000000F0F03061042F80F14000027
:10B5900000001A18161412100E0C0A080000000001
:10B5A000000000000000000000000000000000009B
:10B5B00029282422201F1E1D0E0C0A08060504023D
:10B5C00000FF0000000000000000000000FFFFFF7F
:10B5D000FFFFFFFFFFFFFFFFFFFF508158816081EA
:10B5E000688170810001000500100014001803003C
:10B5F00009000F0015001B0040B600080F000000F6
:10B600000F000000FF0000000F0000000F0000000E
:10B610000F0000000000000030313233343536377F
:10B620003839414243444546403058003031323386
:10B630003435363738396162636465664030780086
:10B64000506C65617365207573652074686520733F
:10B6500074796C757320636C69636B207468652002
:10B6600063726F7373206F6E2074686520736372EA
:10B6700065656E2E5468652063726F7373207769F9
:10B680006C6C20616C77617973206D6F76652075C5
:10B690006E74696C207468652073637265656E20D2
:10B6A00061646A7573746D656E7420697320636F6D
:10B6B0006D706C657465642E00000000DCB60008D7
:10B6C0000000002070000000C40100084CB7000812
:10B6D0007000002038070000E0010008007A030A2B
:10B6E0000000000000000000010203040607080932
:10B6F0000000FFFF0100000093770008F16A0008D6
:10B70000A16E000800000000000000000000000022
:10B710000000000000000000000000000000000029
:10B72000000000000000000000000000D0900000B9
:10B730000000000000000000000000000000010206
:0CB74000030401020304060708090000CE
:040000050800018965
:00000001FF
